"Date","PM10.Shift1","PM10.Shift2","PM10.Shift3"
2005-01-05,151,266,221
2005-01-08,179,196,209
2005-01-11,156,223,141
2005-01-13,186,250,282
2005-01-16,193,408,355
2005-01-21,213,311,232
2005-01-24,117,246,183
2005-01-27,223,414,372
2005-02-01,100,123,112
2005-02-04,222,524,281
2005-02-06,396,275,267
2005-02-09,89,159,171
2005-02-15,168,246,147
2005-02-19,182,222,120
2005-02-21,124,97,83
2005-02-24,82,122,123
2005-03-01,120,115,176
2005-03-04,180,286,264
2005-03-07,86,106,75
2005-03-10,127,249,114
2005-03-13,107,205,172
2005-03-19,68,76,37
2005-03-21,169,164,244
2005-03-23,191,106,37
2005-03-28,90,124,63
2005-04-02,140,101,119
2005-04-05,64,83,33
2005-04-08,115,45,21
2005-04-11,63,80,97
2005-04-13,169,247,136
2005-04-17,113,131,51
2005-04-20,120,126,83
2005-04-24,84,118,98
2005-04-28,145,130,63
2005-05-03,75,94,63
2005-05-06,153,82,57
2005-05-12,103,173,123
2005-05-14,139,104,54
2005-05-16,139,116,57
2005-05-20,69,54,47
2005-05-25,112,61,29
2005-05-27,73,74,28
2005-05-29,92,69,18
2005-06-03,124,168,38
2005-06-06,75,75,49
2005-06-09,83,65,62
2005-06-14,94,86,32
2005-06-18,141,164,39
2005-06-21,43,53,18
2005-06-23,59,108,30
2005-06-26,70,38,38
2005-06-29,23,19,19
2005-07-06,80,68,78
2005-07-09,70,44,26
2005-07-12,41,63,24
2005-07-15,31,45,11
2005-07-18,59,61,34
2005-07-21,66,38,30
2005-07-24,39,43,21
2005-07-28,17,33,15
2005-08-03,29,24,19
2005-08-06,38,33,22
2005-08-09,59,85,53
2005-08-12,65,73,85
2005-08-17,55,69,23
2005-08-19,74,50,38
2005-08-22,42,48,19
2005-08-25,105,66,35
2005-08-28,65,96,34
2005-09-03,45,40,11
2005-09-06,57,49,34
2005-09-09,44,52,40
2005-09-12,17,19,11
2005-09-15,72,158,148
2005-09-19,59,99,57
2005-09-21,84,57,25
2005-09-25,43,112,41
2005-09-27,78,74,66
2005-10-04,28,42,25
2005-10-06,86,87,64
2005-10-09,130,161,162
2005-10-14,110,134,107
2005-10-19,54,20,18
2005-10-22,15,33,12
2005-10-24,39,54,72
2005-10-26,78,148,177
2005-11-03,58,220,139
2005-11-05,86,182,138
2005-11-08,73,229,136
2005-11-11,133,355,289
2005-11-16,193,432,294
2005-11-18,165,397,278
2005-11-21,220,344,343
2005-11-24,327,409,243
2005-11-27,170,354,233
2005-12-03,138,201,225
2005-12-06,193,318,273
2005-12-09,197,380,283
2005-12-12,150,170,144
2005-12-16,158,254,210
2005-12-18,150,355,297
2005-12-21,139,144,94
2005-12-27,203,541,372
2005-12-29,253,387,523
2006-01-02,211,509,329
2006-01-05,189,161,118
2006-01-10,231,519,477
2006-01-14,351,388,386
2006-01-18,544,406,294
2006-01-21,131,171,96
2006-01-23,198,319,195
2006-01-27,159,196,137
2006-01-29,235,435,323
2006-02-02,302,393,352
2006-02-07,299,378,372
2006-02-10,297,242,241
2006-02-12,317,530,259
2006-02-15,263,400,301
2006-02-22,201,185,219
2006-02-25,234,147,125
2006-02-27,165,337,119
2006-03-01,113,207,165
2006-03-09,100,189,274
2006-03-11,73,92,66
2006-03-15,199,167,105
2006-03-17,271,139,146
2006-03-20,181,225,311
2006-03-24,202,361,308
2006-03-26,171,279,161
2006-03-28,155,159,197
2006-04-06,109,227,70
2006-04-08,74,160,74
2006-04-10,98,83,78
2006-04-12,163,172,86
2006-04-18,75,75,22
2006-04-21,60,123,70
2006-04-23,55,65,56
2006-04-26,171,110,71
2006-05-04,91,85,59
2006-05-06,71,84,80
2006-05-08,77,83,45
2006-05-12,68,51,36
2006-05-17,96,132,52
2006-05-20,106,89,78
2006-05-23,59,67,53
2006-05-25,88,79,120
2006-05-28,58,44,31
2006-06-02,76,76,28
2006-06-06,49,56,34
2006-06-10,87,109,59
2006-06-12,73,78,48
2006-06-16,81,59,32
2006-06-19,123,74,61
2006-06-22,44,68,59
2006-06-25,51,34,29
2006-06-28,53,59,62
2006-07-06,55,45,26
2006-07-08,89,69,15
2006-07-11,53,52,42
2006-07-13,58,59,34
2006-07-17,65,67,36
2006-07-21,34,50,52
2006-07-23,52,40,18
2006-07-26,65,65,55
2006-08-03,31,26,12
2006-08-05,41,38,23
2006-08-07,58,52,46
2006-08-10,47,86,68
2006-08-16,33,25,15
2006-08-18,52,66,34
2006-08-22,22,27,25
2006-08-25,37,61,39
2006-08-27,24,55,27
2006-09-02,33,59,42
2006-09-05,36,48,17
2006-09-08,60,47,22
2006-09-11,94,70,41
2006-09-14,53,76,55
2006-09-19,42,56,18
2006-09-22,34,17,15
2006-09-24,36,34,29
2006-09-27,28,87,47
2006-10-05,65,93,61
2006-10-07,86,118,189
2006-10-10,73,118,126
2006-10-13,90,122,105
2006-10-15,91,129,133
2006-10-18,107,147,132
2006-10-24,48,62,68
2006-10-27,43,124,130
2006-10-30,72,105,208
2006-11-04,60,105,112
2006-11-06,98,237,209
2006-11-09,127,206,157
2006-11-13,59,215,57
2006-11-17,108,234,249
2006-11-19,160,201,267
2006-11-22,114,216,264
2006-11-26,129,204,115
2006-11-28,126,329,215
2006-12-05,143,309,334
2006-12-07,210,335,310
2006-12-10,170,317,166
2006-12-15,151,232,222
2006-12-18,120,208,206
2006-12-23,99,244,145
2006-12-27,138,153,283
2006-12-29,141,164,169
2007-01-04,104,214,181
2007-01-06,133,209,203
2007-01-09,158,217,234
2007-01-12,153,385,210
2007-01-15,202,444,294
2007-01-18,251,191,195
2007-01-21,144,378,301
2007-01-24,202,259,220
2007-01-29,293,505,261
2007-02-03,216,240,200
2007-02-06,181,249,140
2007-02-09,111,145,204
2007-02-12,43,90,39
2007-02-15,108,144,59
2007-02-18,93,188,116
2007-02-21,79,139,163
2007-02-25,73,57,81
2007-03-01,53,23,48
2007-03-07,72,164,71
2007-03-10,85,93,73
2007-03-13,100,66,45
2007-03-16,45,43,108
2007-03-19,108,135,155
2007-03-22,55,224,108
2007-03-25,157,151,154
2007-03-27,95,75,176
2007-04-05,150,202,63
2007-04-07,135,123,65
2007-04-10,83,126,70
2007-04-13,64,50,43
2007-04-16,38,50,33
2007-04-19,80,61,27
2007-04-22,99,121,80
2007-04-25,102,81,90
2007-05-03,76,64,60
2007-05-05,77,82,47
2007-05-09,61,94,101
2007-05-12,65,76,57
2007-05-15,71,85,53
2007-05-18,116,114,98
2007-05-21,89,71,56
2007-05-24,73,93,96
2007-05-27,74,62,84
2007-06-02,89,87,38
2007-06-05,85,88,72
2007-06-08,87,65,33
2007-06-11,72,130,53
2007-06-14,45,32,20
2007-06-17,58,43,36
2007-06-22,41,62,18
2007-06-25,33,38,32
2007-06-27,40,48,29
2007-07-02,42,49,31
2007-07-04,37,24,41
2007-07-09,123,41,42
2007-07-14,66,64,25
2007-07-17,40,68,64
2007-07-20,48,30,96
2007-07-22,60,38,43
2007-07-26,43,23,18
2007-07-29,73,52,82
2007-08-04,57,52,36
2007-08-06,24,26,24
2007-08-10,56,48,34
2007-08-13,26,31,33
2007-08-18,27,37,30
2007-08-21,58,83,53
2007-08-23,41,43,22
2007-08-26,109,69,52
2007-08-29,47,45,44
2007-09-06,37,49,53
2007-09-08,42,41,43
2007-09-11,44,94,113
2007-09-14,39,35,40
2007-09-16,65,40,63
2007-09-21,30,66,32
2007-09-24,36,32,26
2007-09-26,35,24,37
2007-10-03,75,63,43
2007-10-05,191,84,97
2007-10-11,154,230,104
2007-10-13,147,163,96
2007-10-15,33,95,72
2007-10-17,50,93,40
2007-10-24,90,150,114
2007-10-26,85,105,182
2007-10-28,114,112,179
2007-10-30,92,158,171
2007-11-06,134,310,196
2007-11-08,149,235,141
2007-11-14,81,123,99
2007-11-16,76,205,57
2007-11-18,137,147,148
2007-11-24,96,194,165
2007-11-26,129,291,186
2007-11-28,160,164,195
2007-12-05,96,216,130
2007-12-07,205,164,134
2007-12-10,132,345,469
2007-12-15,175,214,225
2007-12-18,177,253,259
2007-12-20,146,335,364
2007-12-23,128,333,331
2007-12-27,252,279,243
2007-12-30,180,335,311
2008-01-05,315,426,553
2008-01-07,302,530,530
2008-01-11,239,260,241
2008-01-13,224,365,391
2008-01-15,218,370,388
2008-01-24,73,164,73
2008-01-26,137,214,193
2008-01-28,153,291,271
2008-01-30,160,200,219
2008-02-07,222,224,275
2008-02-09,148,224,185
2008-02-13,143,216,184
2008-02-15,163,185,262
2008-02-17,225,372,327
2008-02-19,178,262,187
2008-02-25,113,141,188
2008-02-27,155,196,179
2008-03-06,105,111,115
2008-03-08,163,210,251
2008-03-11,183,230,213
2008-03-14,180,214,245
2008-03-16,136,203,173
2008-03-19,121,202,130
2008-03-24,98,127,112
2008-03-29,122,143,122
2008-03-31,113,136,94
2008-04-05,78,92,106
2008-04-07,114,150,146
2008-04-09,138,198,164
2008-04-15,68,75,98
2008-04-17,75,109,77
2008-04-20,126,124,138
2008-04-25,83,87,68
2008-05-01,95,62,51
2008-05-03,96,121,82
2008-05-07,68,81,69
2008-05-09,50,77,59
2008-05-12,67,107,81
2008-05-14,87,92,81
2008-05-20,76,82,83
2008-05-22,71,81,121
2008-05-25,69,80,132
2008-05-27,72,80,89
2008-06-05,35,33,43
2008-06-07,68,54,53
2008-06-10,35,48,50
2008-06-13,77,43,44
2008-06-15,56,45,51
2008-06-21,47,46,60
2008-06-23,65,60,63
2008-06-25,40,94,66
2008-07-03,44,58,40
2008-07-05,54,34,41
2008-07-07,57,52,50
2008-07-09,50,54,60
2008-07-13,58,41,37
2008-07-15,36,50,47
2008-07-23,41,46,44
2008-07-25,44,73,67
2008-07-27,20,25,28
2008-07-29,39,45,36
2008-08-07,26,56,28
2008-08-09,26,40,24
2008-08-12,41,76,55
2008-08-14,35,51,21
2008-08-18,43,64,33
2008-08-22,40,58,65
2008-08-24,46,50,55
2008-08-27,45,80,77
2008-09-04,53,81,99
2008-09-06,68,85,71
2008-09-09,50,58,59
2008-09-11,37,59,55
2008-09-14,67,56,48
2008-09-17,26,74,33
2008-09-22,52,66,68
2008-09-26,54,87,92
2008-09-28,57,45,49
2008-10-03,59,87,81
2008-10-05,66,99,109
2008-10-11,67,104,123
2008-10-13,95,158,181
2008-10-16,88,111,128
2008-10-21,113,230,160
2008-10-24,88,134,167
2008-10-27,87,155,118
2008-10-29,106,109,171
2008-11-05,137,208,206
2008-11-08,101,120,134
2008-11-11,142,179,192
2008-11-14,160,172,189
2008-11-17,181,221,213
2008-11-21,198,289,264
2008-11-23,186,241,230
2008-11-27,172,247,225
2008-12-03,251,320,284
2008-12-05,254,393,404
2008-12-09,213,334,278
2008-12-13,240,266,296
2008-12-15,294,335,352
2008-12-18,181,266,250
2008-12-21,189,219,203
2008-12-24,200,267,254
2008-12-28,231,322,334
2009-01-03,224,301,278
2009-01-05,247,287,280
2009-01-08,206,272,259
2009-01-11,230,274,264
2009-01-15,217,275,249
2009-01-20,227,265,233
2009-01-23,257,386,358
2009-01-26,250,322,281
2009-01-28,243,294,265
2009-02-03,230,336,299
2009-02-07,262,341,310
2009-02-09,188,267,239
2009-02-13,243,330,286
2009-02-15,287,318,306
2009-02-19,184,237,205
2009-02-25,220,291,280
2009-02-27,247,293,273
2009-03-03,222,274,252
2009-03-07,235,283,253
2009-03-09,232,284,257
2009-03-13,208,243,224
2009-03-15,222,288,238
2009-03-18,239,279,265
2009-03-23,239,285,266
2009-03-26,209,249,233
2009-03-29,243,285,255
2009-04-03,186,249,221
2009-04-09,179,216,192
2009-04-11,224,259,248
2009-04-14,216,270,260
2009-04-20,247,318,300
2009-04-26,234,316,255
2009-04-29,123,167,170
2009-05-03,117,109,90
2009-05-08,74,119,225
2009-05-11,75,97,107
2009-05-14,87,172,187
2009-05-19,59,97,47
2009-05-23,62.23,54.55,45.61
2009-05-27,93.6,123.38,53.52
2009-05-30,83,117,101
2009-06-02,61,105,120
2009-06-06,51,62,100
2009-06-08,92,122,63
2009-06-11,53,69,35
2009-06-17,71,84,48
2009-06-19,105,132,66
2009-06-21,112,89,73
2009-06-24,65,82,47
2009-06-29,86,53,56
2009-07-04,74,65,27
2009-07-06,64,50,43
2009-07-09,50,44,21
2009-07-15,19,23,32
2009-07-18,32,38,45
2009-07-21,37,83,73
2009-07-24,48,72,54
2009-07-26,34,45,66
2009-07-30,58,56,61
2009-08-03,57,41,52
2009-08-07,62,53,34
2009-08-09,81,122,101
2009-08-12,45,40,25
2009-08-18,33,29,19
2009-08-22,70,52,31
2009-08-24,61,47,33
2009-08-27,43,65,41
2009-08-30,65,54,47
2009-09-05,27,19,14
2009-09-07,23,32,15
2009-09-10,59,71,42
2009-09-14,86,108,134
2009-09-18,95,99,50
2009-09-20,72,91,49
2009-09-22,113,160,96
2009-09-30,50,51,64
2009-10-03,77,67,47
2009-10-06,54,50,35
2009-10-09,89,133,117
2009-10-12,103,153,94
2009-10-15,114,178,164
2009-10-21,102,115,160
2009-10-23,149,227,194
2009-10-25,147,209,215
2009-10-29,136,279,241
2009-11-03,144,275,255
2009-11-06,115,193,185
2009-11-11,188,253,276
2009-11-14,139,132,139
2009-11-16,119,83,107
2009-11-19,105,141,128
2009-11-22,152,199,209
2009-11-24,191,267,221
2009-11-30,178,211,192
2009-12-05,226,361,435
2009-12-07,211,360,368
2009-12-10,251,334,329
2009-12-13,361,363,419
2009-12-15,275,386,501
2009-12-23,171,200,234
2009-12-25,147,218,257
2009-12-29,216,293,280
2010-01-01,186,329,241
2010-01-03,225,287,232
2010-01-08,192,248,321
2010-01-12,174,289,303
2010-01-14,309,210,206
2010-01-18,186,218,194
2010-01-23,231,261,302
2010-01-27,134,290,267
2010-01-30,159,154,292
2010-02-02,212,232,296
2010-02-04,149,178,210
2010-02-10,263,302,378
2010-02-12,119,276,169
2010-02-14,110,124,212
2010-02-20,168,221,306
2010-02-22,173,334,260
2010-02-24,219,217,206
2010-03-04,109,181,216
2010-03-06,162,130,124
2010-03-09,112,129,131
2010-03-11,180,215,251
2010-03-17,179,146,125
2010-03-19,178,266,300
2010-03-22,225,187,211
2010-03-26,139,149,102
2010-03-28,112,159,149
2010-04-02,172,163,232
2010-04-08,166,159,196
2010-04-10,210,187,241
2010-04-12,113,112,74
2010-04-17,104,130,79
2010-04-20,144,162,189
2010-04-23,112,103,57
2010-04-25,134,142,82
2010-04-28,78,80,72
2010-05-05,93,81,50
2010-05-07,65,81,126
2010-05-11,109,98,63
2010-05-13,86,88,74
2010-05-16,90,102,49
2010-05-21,65,72,57
2010-05-24,55,47,48
2010-05-29,73,76,59
2010-05-31,90,92,65
2010-06-02,64,67,45
2010-06-10,75,62,24
2010-06-12,42,69,46
2010-06-14,49,44,30
2010-06-18,46,43,46
2010-06-22,46,35,35
2010-06-25,35,28,36
2010-06-27,86,31,46
2010-07-01,80,79,66
2010-07-07,59,42,25
2010-07-09,51,54,40
2010-07-13,61,59,68
2010-07-15,40,70,38
2010-07-18,56,62,37
2010-07-24,86,34,19
2010-07-26,45,53,36
2010-07-30,82,38,32
2010-08-02,57,40,50
2010-08-06,37,50,39
2010-08-08,55,72,52
2010-08-13,40,80,50
2010-08-19,57,37,33
2010-08-21,47,55,30
2010-08-25,66,77,31
2010-08-28,33,60,42
2010-08-31,55,45,38
2010-09-04,46,64,43
2010-09-06,44,55,45
2010-09-10,64,73,48
2010-09-12,54,66,115
2010-09-18,38,30,16
2010-09-21,82,89,44
2010-09-23,61,81,81
2010-09-27,62,114,111
2010-09-29,85,126,109
2010-10-03,168,127,129
2010-10-08,41,45,47
2010-10-11,60,63,60
2010-10-13,90,136,108
2010-10-21,79,60,107
2010-10-23,62,110,86
2010-10-26,109,214,129
2010-10-29,112,249,274
2010-11-01,64,54,62
2010-11-05,106,191,223
2010-11-09,99,161,171
2010-11-11,156,178,230
2010-11-17,245,240,336
2010-11-20,102,64,107
2010-11-22,140,275,259
2010-11-26,144,143,176
2010-11-28,121,213,201
2010-12-01,126,190,154
2010-12-05,89,170,97
2010-12-09,106,200,224
2010-12-13,175,283,286
2010-12-18,180,299,321
2010-12-21,184,267,291
2010-12-24,299,394,494
2010-12-27,205,363,361
2010-12-29,187,361,439
2011-01-05,139,180,176
2011-01-07,172,289,235
2011-01-09,156,192,203
2011-01-11,202,255,260
2011-01-17,134,262,247
2011-01-20,161,171,211
2011-01-27,112,146,255
2011-01-29,247,378,339
2011-02-02,153,265,265
2011-02-04,173,294,303
2011-02-10,136,122,202
2011-02-12,172,152,184
2011-02-15,236,205,207
2011-02-17,139,120,131
2011-02-21,135,126,178
2011-02-25,110,160,191
2011-02-27,99,106,135
2011-03-05,154,145,139
2011-03-09,100,117,153
2011-03-11,97,119,78
2011-03-13,100,172,196
2011-03-17,145,103,68
2011-03-21,100,135,177
2011-03-25,140,93,84
2011-03-29,93,96,95
2011-03-31,72,95,141
2011-04-04,94,65,75
2011-04-07,100,128,99
2011-04-10,144,140,146
2011-04-12,140,138,93
2011-04-20,83,80,104
2011-04-22,87,111,96
2011-04-25,60,71,54
2011-04-30,63,72,49
2011-05-03,56,68,34
2011-05-05,55,84,100
2011-05-09,62,72,70
2011-05-11,89,77,97
2011-05-15,107,70,61
2011-05-21,66,94,61
2011-05-24,90,69,62
2011-05-27,77,98,92
2011-05-30,57,77,58
2011-06-03,55,65,45
2011-06-07,61,96,53
2011-06-09,91,99,95
2011-06-12,85,46,40
2011-06-15,30,39,40
2011-06-20,78,52,51
2011-06-25,51,61,74
2011-06-28,83,62,52
2011-06-30,51,46,36
2011-08-04,95,55,30
2011-08-06,100,46,66
2011-08-08,65,34,42
2011-08-12,62,54,22
2011-08-16,44,38,15
2011-08-18,21,26,28
2011-08-24,44,45,30
2011-08-26,27,25,45
2011-08-28,34,34,53
2011-09-02,37,26,30
2011-09-04,47,32,33
2011-09-08,32,17,35
2011-09-12,55,100,64
2011-09-14,76,47,49
2011-09-19,73,46,52
2011-09-24,70,52,49
2011-09-27,34,51,61
2011-09-29,78,66,67
2011-10-02,64,76,84
2011-10-08,62,52,80
2011-10-11,74,89,72
2011-10-13,63,45,78
2011-10-17,130,130,137
2011-10-21,85,81,65
2011-10-26,115,245,245
2011-10-29,109,206,241
2011-11-02,182,151,142
2011-11-05,269,190,179
2011-11-08,156,130,125
2011-11-11,230,226,197
2011-11-17,269,209,210
2011-11-19,213,210,161
2011-11-21,132,165,157
2011-11-25,196,175,143
2011-11-27,171,169,165
2011-12-03,143,275,287
2011-12-07,245,267,266
2011-12-09,203,342,280
2011-12-13,196,228,223
2011-12-15,117,229,234
2011-12-19,215,241,226
2011-12-21,180,244,238
2011-12-25,150,296,266
2011-12-27,215,442,321
2012-10-01,38,55,24
2012-10-05,46,61,34
2012-10-09,46,68,39
2012-10-13,61,79,53
2012-10-17,89,96,64
2012-10-21,64.5,114.6,87.9
2012-10-25,75.9,135.97,120.25
2012-10-29,86.39,109.7,93.7
2012-11-02,69.4,103.4,87.9
2012-11-06,76.4,100.9,98.11
2012-11-10,161.48,174.77,116.21
2012-11-13,102.27,228.53,182.2
2012-11-14,174.15,147.3,109.3
2012-11-18,114.59,167.51,125.21
2012-11-22,111.12,159.8,147.6
2012-11-26,126.15,124.36,144.26
2012-11-30,105.2,129.6,113.5
2012-12-04,131.03,157.4,109.61
2012-12-08,105.6,127.9,98.6
2012-12-12,110.6,132.5,124.6
2012-12-16,139.45,159.93,186.1
2012-12-19,142.94,155.95,126.06
2012-12-24,178.12,239.17,166.23
2012-12-28,166.24,213.29,199.36
2013-01-01,164.88,240.94,257.32
2013-01-05,180.4,247.5,269.2
2013-01-09,152.64,209.25,241.6
2013-01-13,168.42,198.23,239.63
2013-01-17,154.28,182.86,203.35
2013-01-21,150.44,182.44,159.61
2013-01-25,140.92,150.21,180.94
2013-01-29,174.71,201.56,217.44
2013-02-02,215.93,258.87,188.02
2013-02-06,236.09,245.94,199.32
2013-02-10,181.18,175.91,145.64
2013-02-14,124.37,201.61,191.08
2013-02-18,116.46,129.38,141.63
2013-02-22,121.96,102.28,115.46
2013-02-26,124.92,105.38,113.23
2013-03-01,183.47,107.48,117.92
2013-03-04,94.46,163.4,171.65
2013-03-07,132.71,159.17,121.37
2013-03-12,135.83,141.25,148.86
2013-03-16,104.78,110.58,145.85
2013-03-18,105.58,123.48,107.73
2013-03-21,119.5,101.2,143.2
2013-03-24,112.42,122.72,96.87
2013-03-27,88.75,90.07,166.18
2013-04-02,121.92,174.38,96.26
2013-04-05,106.58,156.27,198.51
2013-04-10,92.98,126.52,101.9
2013-04-13,105.07,160.19,119.3
2013-04-15,82.42,112.01,69.26
2013-04-19,71.65,56.79,61.53
2013-04-22,70.06,95.18,96.7
2013-04-25,97.59,111.83,75.31
2013-04-28,114.66,129.97,86.4
2013-05-02,104.26,92.56,84.78
2013-05-06,78.79,81.76,84.61
2013-05-10,70.5,92.06,47.82
2013-05-14,67.43,73.68,83.87
2013-05-18,77.8,86.3,75.02
2013-05-21,78.46,85.86,70.12
2013-05-23,85.41,63.75,90.13
2013-05-26,89.23,66.79,46.89
2013-05-29,68.85,50.1,37.43
2013-06-01,61.82,45.61,42.43
2013-06-04,59.94,64.88,40.77
2013-06-07,36.79,47.58,64.25
2013-06-10,65.17,56.97,54.66
2013-06-12,44.52,59.93,36.22
2013-06-15,44.07,32.24,39.06
2013-06-18,72.9,74.4,65.73
2013-06-20,54.54,37.84,31.58
2013-06-23,37.75,62.83,43.49
2013-06-28,44.07,37.39,36.19
2013-07-01,40.21,46.89,29.79
2013-07-04,66.93,53.17,27.33
2013-07-07,36.21,32.19,24.23
2013-07-10,46.99,56.93,24.91
2013-07-13,76.67,95.76,27.75
2013-07-16,27.59,35.24,50.68
2013-07-19,26.63,33.9,41.67
2013-07-23,31.38,44.25,25.84
2013-07-26,22.69,33.47,26.59
2013-07-29,24.22,32.57,23.88
2013-08-02,56.39,47.9,45.61
2013-08-05,45.23,53.43,38.39
2013-08-08,44.06,53.07,70.54
2013-08-11,45.8,48.99,17.24
2013-08-14,40.07,49.4,44.08
2013-08-20,25.21,27.9,16.42
2013-08-24,39.06,49.57,41.19
2013-08-27,37.88,56.12,43.61
2013-08-30,46.14,44.65,40.55
2013-09-02,65.92,43.85,35.18
2013-09-05,88.33,155.15,137.78
2013-09-08,56.05,43.39,45.96
2013-09-11,59.21,71.83,36.49
2013-09-18,52.98,56.23,25.25
2013-09-21,32.01,68.37,41.93
2013-09-24,52.24,59.37,39.98
2013-09-27,36.22,52.15,45.86
2013-09-30,25.33,28.32,22.86
2013-10-03,68.15,74.24,86.4
2013-10-08,48.86,55.93,38.97
2013-10-12,60.46,32.84,24.68
2013-10-16,48.17,42.92,51.39
2013-10-19,67.23,104.03,77.16
2013-10-21,66.17,58.43,50.6
2013-10-25,47.34,38.95,21.29
2013-10-27,33.44,53.75,62.97
2013-11-02,72.06,153.48,163.44
2013-11-03,88.2,249.51,255.69
2013-11-07,146.4,149.41,101.72
2013-11-11,62.43,80.83,97.73
2013-11-14,93.58,169.39,148.88
2013-11-20,93.37,213.22,290.98
2013-11-22,112.97,181.03,203.91
2013-11-26,137.89,251.88,246.14
2013-11-30,109.35,135.17,200.76
2013-12-03,95.69,161.54,153.34
2013-12-06,89.23,160.35,194.64
2013-12-09,107.12,189.91,210.87
2013-12-12,139.27,217.43,244.84
2013-12-18,146.4,224.93,211.84
2013-12-21,147.28,220.15,135.28
2013-12-24,141.01,161.5,155.71
2013-12-27,126.29,228.81,283.06
2013-12-29,124.64,196.34,213.52
2014-01-01,80.5,106.08,150.86
2014-01-06,132.1,146.86,141.41
2014-01-08,158.49,266.08,304.68
2014-01-13,85.23,73,90.39
2014-01-16,79.67,157.16,148.42
2014-01-19,88.59,70.37,41.72
2014-01-25,79.53,104.45,119.33
2014-01-28,102.71,203.61,151.1
2014-01-31,82.24,107.58,134.26
2014-02-03,121.25,147.63,157.74
2014-02-07,149.7,196.38,213.9
2014-02-09,126.24,96.3,151.57
2014-02-12,88.77,122.3,149.63
2014-02-18,66.59,135.64,163.25
2014-02-22,155.57,96.12,136.56
2014-02-24,57.64,97.89,139.99
2014-02-27,133.21,55.05,53.23
2014-03-02,92.96,104.56,136.56
2014-03-07,88.89,76.52,149.93
2014-03-10,127.8,138.98,196.42
2014-03-13,77.69,74.69,121.05
2014-03-18,131.29,209.38,216.17
2014-03-22,132.82,97.68,77.09
2014-03-26,91.64,158.63,122.94
2014-03-28,93.4,95.22,124.07
2014-03-31,91.8,82.82,149.78
2014-04-05,127.97,83.02,101.91
2014-04-08,91.39,107.3,126.89
2014-04-11,110.55,142.81,160.76
2014-04-14,97.92,79.11,110.74
2014-04-17,95.71,106.72,67.32
2014-04-20,72.3,73.45,82.84
2014-04-23,82.88,106.62,140.25
2014-04-27,113.22,90.45,170.17
2014-05-02,76.59,71.92,58.07
2014-05-04,72.51,78.58,51.92
2014-05-08,77.22,79.49,64.05
2014-05-14,67.92,82.82,71.48
2014-05-16,91.53,87.9,73.56
2014-05-19,92.34,103.84,139.05
2014-05-22,77.96,93.16,72.41
2014-05-27,65.07,61.21,53.04
2014-05-31,37.34,55.03,49.6
2014-06-03,72.06,84.78,52.86
2014-06-07,75.13,60.75,63.97
2014-06-10,87.27,61.39,58.85
2014-06-14,80.88,77.33,95.02
2014-06-18,66.4,51.16,73.78
2014-06-20,50.43,53.13,41.71
2014-06-23,73.67,86.92,51.79
2014-06-26,95.82,82.63,76.15
2014-06-29,68.03,63.51,55.09
2014-07-02,67.22,63.05,42.85
2014-07-07,66.41,69.5,53.92
2014-07-10,84.06,62.03,54.32
2014-07-13,48.65,60.47,51.74
2014-07-19,82.08,64.62,57.88
2014-07-22,49.65,72.22,58.71
2014-07-25,40.55,69.5,49.95
2014-07-28,43.31,40.33,36.8
2014-07-31,32.97,63.72,44.36
2014-08-03,44.28,43.12,35.5
2014-08-07,53.75,52.47,44.5
2014-08-10,50.26,43.65,47.17
2014-08-13,45.56,37.14,30.76
2014-08-18,42.67,53.54,47.61
2014-08-23,46.68,51.36,39.23
2014-08-26,64.88,79.75,84.19
2014-08-29,46.19,54.52,66.12
2014-09-01,33.04,38.56,33.15
2014-09-06,35.71,42.75,37.12
2014-09-09,47.17,70.35,42.09
2014-09-11,42.42,52.98,38.88
2014-09-14,42.88,59.31,87.89
2014-09-19,58.23,49.65,31.84
2014-09-22,38.01,48.94,65.04
2014-09-24,63.74,108.76,127.05
2014-09-28,57.79,64.15,70.92
2014-10-01,67.83,110.75,137.16
2014-10-05,58.7,79.33,94.13
2014-10-11,83.6,47.54,28.67
2014-10-14,46.78,43.02,39.14
2014-10-17,58.4,75.95,79.64
2014-10-23,62.95,200.81,164.72
2014-10-24,71.92,163.74,147.48
2014-10-27,59.67,64.25,82.07
2014-10-29,55.6,91.05,148.53
2014-11-03,95.95,151.13,178.32
2014-11-06,113.39,157.34,163.88
2014-11-09,63.72,122.03,167.2
2014-11-12,117.05,158.93,149.51
2014-11-18,88.79,189.76,196.79
2014-11-22,156.43,215.31,223.67
2014-11-25,98.5,136.98,187.24
2014-11-28,133.86,255.2,231.53
2014-12-01,146.65,182.63,211.32
2014-12-04,144.46,110.4,286.07
2014-12-07,87.01,159.61,181.13
2014-12-10,132.77,257.2,185.9
2014-12-16,102.61,126.33,83.26
2014-12-19,258.26,201.67,177.04
2014-12-22,114.84,189.25,178.52
2014-12-27,143.37,146.76,158.15
2014-12-30,132.43,195.8,164.48
2015-01-03,113.23,110.81,97.05
2015-01-06,127.18,224.7,184.83
2015-01-09,83.53,86.12,129.43
2015-01-12,114.65,148.82,135.9
2015-01-15,163.44,176.17,121.69
2015-01-18,77.15,99.09,83.65
2015-01-21,126.59,147.01,170.17
2015-01-26,99.64,133.31,158.48
2015-01-29,84.03,98.66,92.48
2015-02-03,153.68,238.4,216.64
2015-02-06,118.6,131.87,164.81
2015-02-08,172.67,175.4,168.43
2015-02-11,91.21,135.91,160.79
2015-02-16,108.65,125.57,147.27
2015-02-19,122.34,135.53,160.15
2015-02-24,113.58,108.36,162.32
2015-02-28,85.92,90.52,120.72
2015-03-03,100.93,54.1,77.3
2015-03-07,80.83,100.84,158.73
2015-03-09,115.67,134.98,160.14
2015-03-12,65.48,103.87,138.66
2015-03-15,90.76,101.57,113.32
2015-03-20,124.15,130.08,122.71
2015-03-25,103.45,95.75,74.78
2015-03-28,141.61,87.39,60.33
2015-03-31,70.24,112.17,110.15
2015-04-03,111.3,115.85,125.73
2015-04-06,76.13,91.04,105.38
2015-04-09,95.46,157.61,119.46
2015-04-12,85.18,92.03,83.37
2015-04-18,71.41,114.58,74.79
2015-04-22,102.63,111.53,79.46
2015-04-24,78.69,52.4,91.84
2015-04-28,78.74,77.89,65.3
2015-05-02,64.95,60.77,100.47
2015-05-05,80.24,66.2,61.76
2015-05-08,63.17,58.25,75.93
2015-05-11,97.25,126.71,110.75
2015-05-14,119.92,100.74,68.68
2015-05-18,70.83,77.21,82.95
2015-05-21,73.48,83.23,55.7
2015-05-24,75.5,84.35,65.39
2015-05-27,76.76,74.45,86.28
2015-06-02,79.38,89.26,69.34
2015-06-05,63.49,63.28,51.45
2015-06-08,65.4,63.77,31.86
2015-06-11,52.35,57.3,61.74
2015-06-14,73.04,56.01,62.98
2015-06-17,59.07,72.35,50.47
2015-06-22,66.1,61.35,40.32
2015-06-27,68.06,69.5,45.19
2015-06-30,50.62,50.91,48.72
2015-07-03,74.19,69.89,41.07
2015-07-06,41.02,46.45,31.02
2015-07-09,60.21,55.03,50.04
2015-07-12,63.39,66.52,58.95
2015-07-15,54.76,48.6,37.74
2015-07-20,56.41,52.39,62.75
2015-07-25,39.35,37.78,50.64
2015-07-28,30.19,72.23,74.96
2015-07-31,28.96,23.51,21.95
2015-08-03,40.5,41.34,43.31
2015-08-08,44.68,89.1,36.9
2015-08-11,27.78,59.53,48.6
2015-08-14,60.86,81.27,37.35
2015-08-17,96.59,94.24,33.92
2015-08-20,51.19,56.82,45.94
2015-08-23,71.65,46.35,42.45
2015-08-26,80.66,54.01,36.62
2015-08-30,45.07,54.01,33.52
2015-09-04,70.11,88.29,63.84
2015-09-07,72.91,123.24,117.83
2015-09-10,97.48,87.87,72.46
2015-09-13,52.79,76.63,70.48
2015-09-16,38.27,39.94,38.8
2015-09-22,64.35,41.09,45.69
2015-09-26,72.71,90.56,84.18
2015-09-29,74.07,80.08,91.02
2015-10-05,87.7,107.63,105.77
2015-10-08,67.42,62.21,116.94
2015-10-11,84.74,92.22,90.44
2015-10-14,81.86,87.59,96.34
2015-10-18,87.47,99.55,123.04
2015-10-24,87.01,110.53,115.8
2015-10-27,82.52,91.27,111.55
2015-10-30,68.38,66.12,68.5
2015-11-02,75.63,86.2,93.79
2015-11-05,64.37,179.82,112.53
2015-11-10,83.77,163.52,105.19
2015-11-11,122.39,179.08,182.59
2015-11-17,98.6,89.11,131.25
2015-11-19,116.66,127.47,114.32
2015-11-22,117.71,165.44,137.94
2015-11-25,96.09,181.02,170.33
2015-11-30,102.64,182.92,134.32
2015-12-04,68.38,129.15,106.66
2015-12-07,78.26,65.56,111.3
2015-12-12,94.17,172.11,141.14
2015-12-15,84.03,166.46,159.24
2015-12-18,121.9,140.02,172.78
2015-12-21,106.15,123.21,165.68
2015-12-24,112.96,138.4,145.33
2015-12-27,107.08,117.34,111.98
2015-12-30,177.37,230.79,180.22
2016-01-08,189.41,224.45,262.32
2016-01-10,190.23,285.27,123.48
2016-01-13,184.29,241.78,245.22
2016-01-16,189.38,224.44,262.25
2016-01-19,175.3,285.07,227.11
2016-01-22,190.52,250.34,235.41
2016-01-25,195.12,245.35,220.23
2016-01-28,174.86,250.17,278.42
2016-02-01,266.97,290.12,250.52
2016-02-03,190.55,250.51,235.24
2016-02-07,193.99,260.07,244.92
2016-02-09,179.75,252.47,281.07
2016-02-12,206.62,257.7,249.47
2016-02-18,195.09,241.32,225.6
2016-02-20,190.97,250.88,235.63
2016-02-23,197.92,257.77,231.79
2016-02-26,208.33,266.63,243.99
2016-03-02,227.21,249.4,232.47
2016-03-06,209.02,259.72,236.57
2016-03-10,231.87,261.99,240.74
2016-03-12,221.84,265.05,249.32
2016-03-18,227.54,256.48,249.11
2016-03-21,237.7,262.34,257.34
2016-03-27,226.48,262,246.63
2016-03-29,229.27,265.95,262.96
2016-04-02,228.08,266.19,260.86
2016-04-06,219.59,278.49,269.34
2016-04-15,220.96,237.59,229.88
2016-04-17,215.85,236.33,228.97
2016-04-19,208.85,241.95,230.57
2016-04-21,221.5,240.66,228.84
2016-04-25,212.9,243.2,228.08
2016-04-29,215.73,239.22,228.99
2016-05-01,219.14,244.47,231.02
2016-05-05,215.43,241.53,233.84
2016-05-09,216.23,240.6,228.64
2016-05-11,218.09,239.85,231.58
2016-05-17,211.39,236.58,227.78
2016-05-20,217.97,240.32,228.52
2016-05-22,218.22,237.43,223.26
2016-05-25,227.05,238.79,232.17
2016-05-28,228.41,246.21,235.2
2016-05-30,230.49,251.68,240.35
2016-06-02,232.13,249.96,237.32
2016-06-04,229.08,250.11,240.19
2016-06-08,223.87,239.83,228.87
2016-06-10,231.21,211.68,235.65
2016-06-14,238.64,214.53,213.66
2016-06-16,216.74,213.57,207.8
2016-06-20,228.74,219.44,224.96
2016-06-24,236.26,202.52,215.26
2016-06-26,212.24,168.23,183.94
2016-07-02,184.4,166.39,165.5
2016-07-05,209.51,161.37,174.93
2016-07-08,202.62,192.45,189.57
2016-07-11,183.47,189.93,175
2016-07-14,169.65,166.77,195.46
2016-07-20,163.43,172.68,172.13
2016-07-24,166.8,157.09,167.68
2016-07-26,156.04,166.32,158.72
2016-07-29,170.56,173.11,166.87
2016-08-03,166.67,175.94,173.61
2016-08-07,151.11,169.13,165.13
2016-08-09,153.03,165.01,157.17
2016-08-13,147.58,156.41,160.74
2016-08-18,148.76,146.15,145.59
2016-08-21,152.1,150.17,150.47
2016-08-23,153.46,152.11,148.25
2016-08-26,163.77,173.16,166.94
2016-08-29,167.98,181.56,170.62
2016-09-02,167.09,172.82,173.3
2016-09-06,111.11,97.93,90.52
2016-09-10,145.79,152.36,149.86
2016-09-12,150.08,167.76,159.39
2016-09-14,154.25,174.25,166.87
2016-09-18,164.89,180.04,173.89
2016-09-22,170.16,188.78,180.34
2016-09-24,154.74,169.64,162.87
2016-09-28,169.45,186.7,175.61
2016-10-05,169.01,189.65,198.48
2016-10-07,179.59,187.84,185.83
2016-10-16,181.99,189.83,187.96
2016-10-18,183.48,193.52,191.69
2016-10-20,185.54,196.65,192.31
2016-10-24,188.7,198.9,194.79
2016-10-29,218.37,285.63,241.65
2016-10-30,174.13,277.16,254.31
2016-11-04,186.1,201.25,196.31
2016-11-10,179.15,197.87,184.09
2016-11-13,184.54,191.74,188.23
2016-11-15,188.69,193.8,191.78
2016-11-19,186.21,194.79,189.84
2016-11-23,188.55,199.16,194.03
2016-11-25,191.04,202.78,199.92
2016-11-28,185.45,193.43,192.53
2016-12-02,184.77,196.88,192.12
2016-12-06,188.03,197.53,194.36
2016-12-11,172.14,206.1,191.79
2016-12-15,185.39,195.81,180.17
2016-12-17,180.37,189.82,186.68
2016-12-21,184.77,194.53,192.12
2016-12-23,186.46,198.16,194.32
2016-12-26,190.74,200.47,195.3
2016-12-29,194.33,204.67,201.09
2017-01-02,193.67,205.39,202.69
2017-01-06,176.71,195.34,190.81
2017-01-11,184.16,200.47,190.96
2017-01-15,198.72,226.4,207.85
2017-01-17,202.22,226.62,220.45
2017-01-21,229.2,256.65,243.52
2017-01-23,229.81,243.54,233.33
2017-01-26,227.53,241.65,232.74
2017-01-31,228.02,240.78,231.54
