"Date","No2.Shift1","No2.Shift2","No2.Shift3","No2.Shift4","No2.Shift5","No2.Shift6"
2005-01-05,55.2,80.2,76,88.5,47.9,45.8
2005-01-08,70.8,103.1,87.5,78.1,65.6,53.1
2005-01-11,72.9,93.7,108.3,77.1,55.2,61.4
2005-01-13,68.7,88.5,102,72.9,43.7,47.9
2005-01-16,68.7,82.3,75,94.8,50,40.6
2005-01-21,77.1,59.4,104.1,64.6,31.2,42.7
2005-01-24,57.3,62.5,79.1,51,27.3,30.2
2005-01-27,65.6,87.5,110.4,71.8,40.6,53.1
2005-02-01,40.6,64.3,75.6,66.1,37.8,31
2005-02-04,57.3,74.4,105.3,93.4,54.6,43
2005-02-06,70.3,85.6,73.5,111.3,50.4,36.7
2005-02-09,63,74.5,113.4,80.8,52.5,48.3
2005-02-15,67.2,88.2,119.7,78.7,47.2,55.6
2005-02-19,55.6,81.9,77.7,60.9,40.9,32.5
2005-02-21,75.6,114.4,69.3,87.1,49.3,42
2005-02-24,59.8,73.5,103.9,63,45.7,52.5
2005-03-01,56.8,76.8,93.6,64.9,38.9,53
2005-03-04,77.9,96.6,141,107.9,56.8,51.5
2005-03-07,54.7,71.8,86.3,62.8,44.2,40
2005-03-10,63.1,73.6,122,81,38.9,31.6
2005-03-13,48.3,78.9,112.6,72.6,41.7,29.5
2005-03-19,33.7,56.8,40,45.2,35.8,26.3
2005-03-21,53.7,76.9,87.3,61,41,37.9
2005-03-23,55.8,77.9,66.3,58.9,37.9,32.1
2005-03-28,37.9,64.9,73.6,48.4,33.7,27.4
2005-04-02,39.6,52.1,68.7,60.4,33.3,30.2
2005-04-05,41.7,61.4,63.5,42.7,33.3,20.8
2005-04-08,50,72.9,58.3,53.1,34.4,24.3
2005-04-11,35.4,40.6,45.8,47.9,29.2,27.1
2005-04-13,43.7,69.8,81.2,63.5,45.8,32.9
2005-04-17,52.1,60.4,83.3,50,41.7,32.3
2005-04-20,40.6,71.8,62.5,65.6,36.4,35.5
2005-04-24,43.7,62.5,72.9,58.3,31.2,26
2005-04-28,54.1,81.2,86.4,59.4,36.4,30
2005-05-03,41.7,65.3,79.2,58.8,47.1,35.3
2005-05-06,54.6,73.8,46,37.4,25.7,24.4
2005-05-12,51.3,78.1,64.2,47.1,35.3,30
2005-05-14,70.6,67.4,55.6,66.3,42.8,31
2005-05-16,38.5,55.6,62,34.2,30,22.5
2005-05-20,46,69.5,65.3,49.2,31,21.4
2005-05-25,36.4,53.5,50.3,39.6,32.1,23.5
2005-05-27,49.2,72.7,57.8,41.7,25.7,38.5
2005-05-29,43.9,63.1,40.7,36.4,25.7,28.5
2005-06-03,42.2,48.5,58,45.3,31.6,25.3
2005-06-06,44.3,51.7,46.4,40.1,35.8,27.4
2005-06-09,46.4,49.5,54.8,43.2,36.9,28.5
2005-06-14,39,33.7,45.3,36.9,27.4,22.1
2005-06-18,32.7,27.4,41.1,34.8,28.5,23.2
2005-06-21,31.6,34.8,39,27.4,22.1,17.9
2005-06-23,33.7,36.9,29.5,24.2,21.1,15.8
2005-06-26,39.8,42.2,36.9,32.7,27.4,19.7
2005-06-29,43.2,41.7,49.5,42.2,29.3,19
2005-07-06,40.7,49,41.5,32,20.2,23.4
2005-07-09,39.4,57.5,44.7,32,29.8,25.6
2005-07-12,42.6,38.3,56.5,47.9,36.2,26.6
2005-07-15,29.5,43.2,52.2,36.2,26.6,20.1
2005-07-18,38.3,42.6,51.1,30.9,25.6,19.2
2005-07-21,33,43.7,41.5,30.9,25.6,21.3
2005-07-24,41.5,45.8,37.3,35.2,28.8,23.4
2005-07-28,32,39.9,42.6,28.8,22.4,17
2005-08-03,34,16.5,18.7,23,15.4,13.2
2005-08-06,25.2,34,29.6,28.5,23,18.7
2005-08-09,29.6,39.5,45,34,31.8,23
2005-08-12,39.5,47.2,36.2,32.9,27.4,27.8
2005-08-17,36.2,46.3,47.2,37.3,27.4,34
2005-08-19,34,42.8,39.5,28.5,23,17.6
2005-08-22,34,47.2,38.4,30.7,26.3,21.9
2005-08-25,39.5,50.2,35.1,32.9,27.4,25.2
2005-08-28,40.6,35.1,43.9,28.5,24.1,21.9
2005-09-03,39.8,49.5,44.1,35.5,26.9,32.3
2005-09-06,35.5,34.4,43.1,26.9,22.6,20.5
2005-09-09,26.9,36.6,30.1,24.8,14,20.5
2005-09-12,25.8,32.3,24.8,19.4,18.3,17.2
2005-09-15,31.2,42.2,40.9,37.7,26.9,21.5
2005-09-19,30.1,39.8,37.7,25.8,19.4,26.9
2005-09-21,35.5,28,33.4,29.7,18.3,21.5
2005-09-25,32.3,42,36.6,34.4,30.1,25.1
2005-09-27,35.5,44.1,38.8,37.1,35.9,28
2005-10-04,36.1,43.9,47.8,37.2,26.6,33
2005-10-06,45.7,52.2,67.6,35.1,28.7,49.3
2005-10-09,40.4,55.3,63.8,52.4,28.8,39.3
2005-10-14,52.1,74.4,65.9,56.7,36.1,40.4
2005-10-19,46.1,34,41.4,25.5,21.3,17
2005-10-22,30.8,30,28.7,24.4,20.2,15.9
2005-10-24,21.3,45,48.9,37.2,27.6,23.4
2005-10-26,35.1,46.8,52.1,38.7,23.4,18.1
2005-11-03,46.3,49.2,72.6,77.9,45.2,34.7
2005-11-05,38.9,55.8,83.1,73.6,38.9,44.2
2005-11-08,53.7,88.7,72.6,51.5,37.9,42.1
2005-11-11,57.9,72.6,94.7,78.9,64.7,39.3
2005-11-16,55.8,81.9,121,99.9,66.3,57.9
2005-11-18,66.3,97.3,102,78.9,48.4,56.8
2005-11-21,69.4,96.8,111.5,91.5,67.3,75.7
2005-11-24,63.1,87.4,102,88.4,69.4,56.8
2005-11-27,80,111.8,87.3,66.3,55.4,42.1
2005-12-03,73.2,107.2,105.1,75.2,55.7,50.5
2005-12-06,69.1,81.4,78.3,62.9,51.5,54.6
2005-12-09,80.6,106.2,77.3,67,56.7,60.8
2005-12-12,75.2,111.3,85.5,92.8,53.6,45.4
2005-12-16,53.6,71.9,81.4,70.1,51.5,34
2005-12-18,72.1,91.7,84.5,74.2,63.9,50.5
2005-12-21,71.7,106.2,86.6,61.8,45.4,39.3
2005-12-27,61.8,102,84.5,76.3,53.6,43.3
2005-12-29,82.5,90.7,97.9,85.5,68,53.6
2006-01-02,53.3,79.5,85.7,55.8,42.9,49.1
2006-01-05,49.1,74.2,83.6,65.9,50.2,36.6
2006-01-10,51.2,46,74.2,96.2,63.8,52.3
2006-01-14,60.6,100.4,81.6,62.7,51.2,50.2
2006-01-18,78.4,102.5,84.7,73.2,64.8,54.4
2006-01-21,48.8,79.8,82.6,70,43.9,48.2
2006-01-23,47,71.1,75.3,61.7,49.1,40.8
2006-01-27,44.5,68,78.4,64.8,53.3,46
2006-01-29,49.1,64.8,76.3,62.7,41.8,38.7
2006-02-02,84.2,72.7,110.1,62.3,42.6,49.9
2006-02-07,74.8,119.5,64.4,83.1,41.6,47.8
2006-02-10,64.4,107,87.3,65.5,39.5,33.3
2006-02-12,99.8,70.7,108.1,77.9,46.8,33.3
2006-02-15,106,121.6,66.5,113.3,55.1,35.3
2006-02-22,74.8,127.2,79,97.7,42.6,50.9
2006-02-25,116.4,97.7,138.2,74.8,52,48.8
2006-02-27,96.6,78.4,130.9,70.7,58.2,45.7
2006-03-01,54.8,97,64.3,73.8,48.5,39
2006-03-09,72.7,49.5,103.3,97,53.8,59
2006-03-11,45.8,51.7,80.1,63.3,28.9,38
2006-03-15,62.2,52.7,41.1,60.1,23.2,30.6
2006-03-17,65.4,75.9,55.9,63.3,40.1,33.7
2006-03-20,77,58,94.9,70.3,43.2,50.6
2006-03-24,67.5,82.2,92.8,63.3,55.9,46.4
2006-03-26,75.9,79.9,71.7,83.3,46.4,54.8
2006-03-28,64.3,81.2,65.4,67.5,45.3,34.8
2006-04-06,67.9,64.3,71.7,48.5,42.2,50.6
2006-04-08,52.2,65.8,73.1,55.1,35.1,25.1
2006-04-10,64.8,58.8,70.1,47,33.5,40.8
2006-04-12,61.6,66.9,72.1,62.7,48.1,31.4
2006-04-18,51.2,65.9,74.2,48.1,35.8,27.2
2006-04-21,75.3,59.6,68,45,31.4,41.8
2006-04-23,52.3,69,60.6,64.8,48.1,51.2
2006-04-26,43.9,68,57.4,52.3,36.6,30.3
2006-05-04,53.5,68.6,74.5,72.9,46.2,52.5
2006-05-06,56.8,60,54.8,69.7,38.1,44
2006-05-08,59,76.1,64.3,55.8,40.1,41.8
2006-05-12,55.6,53.6,45.9,50.4,33.2,27.6
2006-05-17,64,76.1,91.1,66.5,37.5,45
2006-05-20,53.5,77.2,64.3,54.7,38.6,41.8
2006-05-23,45.1,70.8,54.7,51.5,37.5,44
2006-05-25,55.6,68.6,44,63.3,42.9,33.2
2006-05-28,44.1,60,65.4,42.9,26.8,31.1
2006-06-02,42.2,67.2,61.6,69.2,33.5,30.1
2006-06-06,43.4,53,56.2,41.1,30.3,27
2006-06-10,47.6,55.2,64.9,56.2,32.4,28.1
2006-06-12,50.8,71.4,58.4,45.4,41.1,43.2
2006-06-16,45.5,55.1,59.5,48.7,37.8,24.9
2006-06-19,61.6,65.9,51.9,59.5,32.4,49.7
2006-06-22,43.2,55.1,51.9,44.3,30.3,25.9
2006-06-25,40.2,53,46.5,45.4,23.8,28.1
2006-06-28,38.9,54.1,60.5,42.2,29.2,36.8
2006-07-06,51.6,68.4,60.5,75.3,41.5,32.7
2006-07-08,48.3,63.9,56,46,29.1,16.8
2006-07-11,43.9,50.4,42.6,40.3,38.1,23.5
2006-07-13,47.2,52.7,40.3,43.7,35.9,31.4
2006-07-17,40.6,53.8,44.8,39.2,20.2,32.5
2006-07-21,43.9,41.5,40.3,35.9,19.1,34.7
2006-07-23,49.4,33.6,56,29.1,32.5,17.9
2006-07-26,48.2,41.5,53.8,35.9,30.3,26.9
2006-08-03,40.7,52.5,57.9,33.2,22.5,18.2
2006-08-05,44,55.8,50.4,37.5,30,21.4
2006-08-07,53.6,44.9,37.2,40.5,21.9,28.5
2006-08-10,40.7,50.4,57,32.9,39.4,20.8
2006-08-16,42.9,70,46,40.9,17.2,14.4
2006-08-18,49.3,61.3,47.1,42.7,35.1,21.9
2006-08-22,39.7,50.4,46,42,25.2,20.6
2006-08-25,33.2,58.1,42.7,50.4,29.6,20.8
2006-08-27,43.8,54.8,42.7,34,30.7,32.9
2006-09-02,45.7,39.5,43.1,55.6,38.6,27.2
2006-09-05,42.4,55.6,48.8,56.8,35.2,23.8
2006-09-08,54.4,48.8,43.1,40.6,26.1,19.2
2006-09-11,47.9,63.6,55.6,35.2,31.8,22.1
2006-09-14,47.9,70.4,57.9,45.4,29.5,42
2006-09-19,55.5,39.2,47.7,56.8,35.2,31.8
2006-09-22,37,40.9,47.7,29.5,21.6,18.2
2006-09-24,52.2,43.5,47.7,37.5,38.6,22.7
2006-09-27,60.9,50.6,52.2,45.4,39.7,25
2006-10-05,67.9,48.8,53.7,65.7,32.9,41.6
2006-10-07,50.4,60.3,48.2,67.9,44.9,36.2
2006-10-10,55.9,52.6,69,57,50.4,37.2
2006-10-13,58.8,50.4,61.3,48.2,36.2,51.5
2006-10-15,46.2,59.2,47.1,40.9,41.6,26.5
2006-10-18,42,60.3,67.9,49.3,35.1,37.2
2006-10-24,52.5,52.1,48.2,49.3,35.1,31.8
2006-10-27,46.2,69,61.3,41.6,32.9,40.5
2006-10-30,52.6,71.6,66.8,57,34,42.7
2006-11-04,54.8,43.7,48.2,44.8,41.5,31.4
2006-11-06,69.5,73.1,53.8,60.5,42.6,44.8
2006-11-09,46.2,38.1,61.7,49.3,24.7,29.1
2006-11-13,53.8,74.5,77.3,48.2,38.1,41.3
2006-11-17,56,79.1,74,49.3,44.8,58.3
2006-11-19,53.8,69.2,94.2,79.6,58.3,44.8
2006-11-22,77.8,90.8,76.2,61.7,47.1,38.1
2006-11-26,51.6,45.8,71.7,79,47.1,52.9
2006-11-28,43.7,75.1,86.3,65,46.7,41.5
2006-12-05,63.6,77,80.1,56.9,42.2,32.7
2006-12-07,90.9,60.6,116,71.7,46.4,41.1
2006-12-10,49.5,72.7,109.6,90.7,42.2,45.3
2006-12-15,54.6,78,55.9,41.1,32.7,39
2006-12-18,50.5,71.5,100.1,75.9,45.3,41.1
2006-12-23,54.8,114.9,133.9,67.5,62.2,43.2
2006-12-27,59.6,86.4,101.2,109.6,56.9,40.1
2006-12-29,81.8,100,102.2,92.7,64.3,45.3
2007-01-04,65.1,118,86.3,121.7,58.3,40
2007-01-06,58.3,83.2,141.5,88.6,49.7,56.2
2007-01-09,74.5,115.5,75.6,126.3,43.2,54
2007-01-12,89.6,159.8,142.5,105.8,45.4,62.6
2007-01-15,64.2,94.4,127.4,92.9,61.6,41
2007-01-18,75.5,111.2,99.3,75.6,67,52
2007-01-21,102.6,111.2,150.1,95.8,101.5,41
2007-01-24,71.2,142.8,123.1,110.1,74.5,53.2
2007-01-29,63.1,68,64,55.5,101.5,65
2007-02-03,32,97.6,62.3,111.3,73.1,35.7
2007-02-06,52.5,98.9,70,95.7,62.3,46.2
2007-02-09,61.8,81.7,109.7,96.8,59.2,47.3
2007-02-12,69.9,82.8,64.5,59.2,54.9,75.3
2007-02-15,69.9,62.6,114,65.6,46.2,47.8
2007-02-18,79.6,66.7,120.4,54.8,44.1,40.8
2007-02-21,79.6,65.5,90.3,56,50.5,34.4
2007-02-25,51.5,81.7,75.3,54.8,30.1,38.7
2007-03-01,62,52.8,54.8,42.7,41.6,28.4
2007-03-07,67.1,63,74.1,59,54.8,44.7
2007-03-10,71,71.1,70,63,55.8,52
2007-03-13,55.8,71.1,62,51.8,44.7,37.6
2007-03-16,60.3,59.9,65,53.8,50.8,47.7
2007-03-19,66.2,59.9,62,65,50.8,48.7
2007-03-22,64,62,68,59.9,51.8,48.7
2007-03-25,62.3,72.1,69,59.9,57.9,51.8
2007-03-27,61.3,72.1,70,56.9,51.8,48.7
2007-04-05,70,69.1,65,58.9,51.8,48.7
2007-04-07,72,69,51.8,65,58.9,54.9
2007-04-10,78.1,72.8,60.9,66,62.9,58.8
2007-04-13,73.1,71.2,63.9,59.8,57.8,55.7
2007-04-16,70.1,66,72.2,51.6,55.7,49.5
2007-04-19,58.3,69.1,73.2,75.3,58.8,55.7
2007-04-22,54.3,70.1,73.2,69.1,68.1,60.9
2007-04-25,78.1,57.8,73.2,65,62.9,61.9
2007-05-03,93.2,120.3,78.8,73.2,67.8,43.7
2007-05-05,61.8,86.4,96.2,56.8,37.7,26.4
2007-05-09,63.9,45.9,39.4,48.1,32.8,50.3
2007-05-12,41.9,76.5,67.8,55.8,37.2,30.6
2007-05-15,54.5,67.8,78.7,52.5,45.9,35
2007-05-18,47.1,76.5,66.7,63.4,41.5,48.1
2007-05-21,44,64.5,65.5,62.3,45.9,55.7
2007-05-24,43,35,51.3,43.7,32.8,48.1
2007-05-27,75.4,95.1,72.1,56.8,52.5,45.9
2007-06-02,53.8,83.2,85.3,92.9,54,43.2
2007-06-05,64.2,88.6,63.7,73.4,44.3,33.5
2007-06-08,43.5,63.7,67,36.7,45.4,54
2007-06-11,58,72.4,75.6,55.1,43.2,32.4
2007-06-14,48.6,54,48.6,42.1,29.2,33.5
2007-06-17,45.4,58.3,65.9,47.5,36.7,30.2
2007-06-22,48.6,72.4,38.9,45.4,50.8,36.7
2007-06-25,74.5,34.6,28.1,25.9,50.8,43.2
2007-06-27,71.4,45.4,57.2,42.1,36.7,43.2
2007-07-02,42.4,48.6,62.6,42.1,33.5,30.2
2007-07-04,39.3,43.2,45.3,40,21.6,38.6
2007-07-09,48.1,46.9,58.7,42.7,41.6,36
2007-07-14,49.1,56.5,46.9,45.9,40.5,41.6
2007-07-17,44,57.6,66.1,40.5,42.7,30.9
2007-07-20,47,41.6,32,42.7,30.9,36.3
2007-07-22,30.7,50.1,38.4,34.1,39.5,33.1
2007-07-26,42.9,39.5,57.6,32,25.6,23.5
2007-07-29,41.9,41.6,59.7,40.5,30.9,27.7
2007-08-04,41.3,46.6,61.3,44.3,31.8,31
2007-08-06,32.6,80.2,62.4,36.3,32.9,28.4
2007-08-10,45.7,51.1,67,60.2,45.4,32.9
2007-08-13,52.2,44.3,53.4,38.6,40.9,45.4
2007-08-18,49,42,39.7,46.6,38.6,31.8
2007-08-21,47.9,44.3,55.6,42,39.7,38.6
2007-08-23,49,43.1,46.6,43.1,40.9,37.5
2007-08-26,47.9,48.8,53.4,36.3,42,40.9
2007-08-29,49,46.6,53.4,42,38.6,31.8
2007-09-06,45.7,43.1,46.6,40.9,38.6,32.9
2007-09-08,47.5,45.3,42,33.1,39.8,37.6
2007-09-11,44.5,45.3,43.1,39.8,42,36.5
2007-09-14,43.4,44.2,42,40.9,39.8,30.9
2007-09-16,46.6,40.9,46.4,39.8,38.7,29.8
2007-09-21,45.5,42,45.3,38.7,40.9,28.7
2007-09-24,38.7,36.5,33.1,30.9,29.8,27.6
2007-09-26,43.1,40.9,33.1,37.6,38.7,30.9
2007-10-03,45.5,44.2,42,39.8,40.9,35.3
2007-10-05,53,51.9,50.8,49.7,43.1,42
2007-10-11,54,54.1,51.9,49.7,43.1,37.6
2007-10-13,54.5,51.3,53.5,46.9,41.5,39.3
2007-10-15,50.2,48,54.5,52.4,44.7,41.5
2007-10-17,47,45.8,52.4,42.5,40.4,38.2
2007-10-24,45,49.1,55.6,53.5,45.8,39.3
2007-10-26,52.3,56.7,60,56.7,51.3,41.5
2007-10-28,53.3,57.8,58.9,60,54.5,38.2
2007-10-30,54.4,58.9,60,62.2,53.5,45.8
2007-11-06,58.9,57.8,63.3,60,52.4,46.9
2007-11-08,57.4,60.8,63,67.4,54.1,48.6
2007-11-14,58.5,59.7,61.9,66.3,51.9,49.7
2007-11-16,55,58.5,63,67.4,53,47.5
2007-11-18,55.2,61.9,64.1,66.3,51.9,48.6
2007-11-24,59.3,54.4,63,65.2,50.8,46.4
2007-11-26,60.3,60.8,65.2,63,51.9,48.6
2007-11-28,61.4,61.9,63,64.4,50.8,55
2007-12-05,62.5,66.3,63,60.8,66.7,60.2
2007-12-07,66,67.7,71.2,70,64.3,60.8
2007-12-10,67.1,72.3,68.9,67.7,65.4,59.7
2007-12-15,69.3,74.6,70,76.9,67.7,62
2007-12-18,70.4,69.3,75.7,64.3,63.1,69.5
2007-12-20,64.9,73.5,68.9,71.2,62,58.5
2007-12-23,66,74.6,70,72.3,65.4,60.8
2007-12-27,72.3,71.2,79.2,76.9,66.6,60.6
2007-12-30,57.5,73.5,78,74.6,67.7,59.7
2008-01-05,86.4,85.8,73.9,82.6,76.1,73.9
2008-01-07,106.2,136.9,141.2,102.1,117.3,93.3
2008-01-11,98.9,132.6,143.4,100,115.2,88
2008-01-13,101,113,106.5,138,111.9,96.7
2008-01-15,98.5,114.1,107.6,133.6,105.4,99.9
2008-01-24,93.7,101,111.9,119.5,103.2,84.7
2008-01-26,101,96.6,116.3,107.6,100,83.7
2008-01-28,91.6,104.3,110.8,106.5,97.8,85.8
2008-01-30,101,107.6,115.2,121.7,102.1,82.6
2008-02-07,99.5,106,114.9,121.5,101.6,85.1
2008-02-09,101.6,104.9,118.2,111.6,98.3,81.7
2008-02-13,102.7,106,111.6,109.4,90.6,79.5
2008-02-15,100.6,101.6,112.7,99.1,106.7,77.3
2008-02-17,91,106,113.8,104.9,96.1,86.2
2008-02-19,97.2,103.8,112.7,106,92.8,80.6
2008-02-25,91,102.7,114.9,101.6,86.2,82.8
2008-02-27,91,96.1,116,94.9,84,80.6
2008-03-06,89.5,89.1,92.4,96.7,79.3,76.1
2008-03-08,90.6,91.3,93.4,89.4,77.1,73.9
2008-03-11,89.5,88,95.6,92.4,79.3,76.1
2008-03-14,95.6,91.3,96.7,94.5,98.9,78.2
2008-03-16,94.5,92.4,96.7,93.4,81.5,79.3
2008-03-19,88.5,94.5,89.1,85.8,85.7,71.7
2008-03-24,86.4,93.4,94.5,95.6,86.6,70.6
2008-03-29,79.1,81.5,89.1,86.9,80,66.3
2008-03-31,81.2,79.3,86.9,92.4,69.5,63
2008-04-05,84.6,81.2,85.7,76.7,83.5,71.1
2008-04-07,81.1,80.1,82.4,77.8,73.3,69.9
2008-04-09,86.9,83.5,85.7,84.6,72.2,68.8
2008-04-15,78.9,79,88,81.2,74.5,71.1
2008-04-17,74.6,79,82.4,80.1,68.8,65.4
2008-04-20,81.2,83.5,75.6,80.1,73.3,67.7
2008-04-25,80,79,77.8,82.4,74.5,69.9
2008-05-01,77.9,81.2,85.5,64.9,55.2,47.6
2008-05-03,71.4,77.9,79,63.8,51.9,44.4
2008-05-07,69.3,81.2,77.9,61.7,45.4,40
2008-05-09,68.2,75.7,81.2,62.8,55.2,44.4
2008-05-12,68.4,80.1,84.4,61.7,48.7,42.2
2008-05-14,67.4,81.2,83.3,88.7,66,53
2008-05-20,66.4,77.9,81.2,82.2,61.7,50.9
2008-05-22,66,63.8,77.9,80.1,50.9,39
2008-05-25,58.4,67.1,70.3,71.4,48.7,36.8
2008-05-27,60.6,70.3,73.6,77.9,46.5,33.5
2008-06-05,65.1,68.3,71.6,67.2,58.6,49.9
2008-06-07,68.3,72.6,60.7,57.5,54.2,48.8
2008-06-10,64.4,70.5,58.6,51,41.2,34.7
2008-06-13,69.4,56.4,62.9,51,40.1,33.6
2008-06-15,70.5,67.2,73.7,54.2,39,34.7
2008-06-21,68.3,69.4,71.6,48.8,36.9,31.4
2008-06-23,62.3,72.6,75.9,58.6,43.4,33.6
2008-06-25,61.8,68.3,72.6,65.1,58.6,38
2008-07-03,67,69.2,71.4,60.4,47.2,39.5
2008-07-05,68.1,71.4,75.7,60.4,45,37.3
2008-07-07,64.2,69.2,72.5,59.3,41.7,35.1
2008-07-09,58.2,62.6,60.4,51.6,40.6,37.3
2008-07-13,57.1,58.2,62.6,49.4,38.4,35.1
2008-07-15,59.3,61.5,63.7,51.6,41.7,36.2
2008-07-23,76.1,80.2,82.9,61.1,43.5,36.7
2008-07-25,59.3,63.7,65.9,47.2,39.5,30.7
2008-07-27,62.6,64.8,68.1,58.2,46.1,31.8
2008-07-29,64.8,67,69.2,52.7,40.6,27.4
2008-08-07,60.4,64.8,62.6,65.9,37.3,28.5
2008-08-09,62.6,65.9,68.1,64.8,39.5,30.7
2008-08-12,61.5,66.9,70.3,63.7,40.6,31.8
2008-08-14,62.6,68.1,71.4,59.3,39.5,28.5
2008-08-18,61.5,69.2,67,57.1,37.3,27.4
2008-08-22,59.3,68.1,70.3,58.2,35.1,29.6
2008-08-24,60.4,69.2,71.4,59.3,37.3,31.8
2008-08-27,59.3,67,69.2,57.1,39.5,29.6
2008-09-04,60,68.7,65.5,55.6,41.5,31.6
2008-09-06,62.2,67.6,69.8,53.5,42.5,33.8
2008-09-09,63.3,69.8,72,45.8,39.3,38.2
2008-09-11,62.2,66.6,69.8,46.9,36,33.8
2008-09-14,58.9,73.1,70.9,45.8,34.9,32.7
2008-09-17,56.7,66.6,69.8,42.5,33.8,30.5
2008-09-22,58.9,70.9,73.1,50.2,41.5,37.1
2008-09-26,57.8,69.8,70.9,48,37.1,34.9
2008-09-28,60,72,75.3,53.5,40.4,38.2
2008-10-03,56.7,62.2,72,66.6,56.7,49.1
2008-10-05,54.9,63.6,73.3,64.7,59.3,46.3
2008-10-11,57.1,67.9,74.4,69,60.4,48.5
2008-10-13,59.3,70,77.6,65.7,57.1,47.4
2008-10-16,60.4,72.2,78.7,64.7,56,48.5
2008-10-21,61.4,72.2,77.6,80.8,57.1,48.5
2008-10-24,63.6,74.4,78.7,83,55,45.3
2008-10-27,67.9,79.9,80.8,81.9,53.9,43.1
2008-10-29,65.7,69,84.1,78.7,56,47.4
2008-11-05,69.9,75.6,91.4,85.7,60.9,54.2
2008-11-08,71.1,77.8,99.3,102.7,62,55.3
2008-11-11,63.2,75.6,97,99.3,57.5,46.3
2008-11-14,60.9,69.9,95.9,97,58.7,44
2008-11-17,59.8,71.1,98.1,99.3,53,41.7
2008-11-21,64.3,74.5,99.3,101.5,57.5,50.8
2008-11-23,63.2,76.7,91.4,104.9,58.7,53
2008-11-27,62,77.8,90.3,107.2,57.5,54.2
2008-12-03,70,81.9,111,120.7,89.4,77.6
2008-12-05,72.2,88.4,116.4,129.3,90.5,79.7
2008-12-09,71.1,90.5,121.8,135.8,88.4,77.6
2008-12-13,72.2,95.9,128.2,144.4,98.1,85.1
2008-12-15,70,93.8,114.2,134.7,91.6,80.8
2008-12-18,65.7,74.4,81.9,96,103.5,76.5
2008-12-21,70,77.6,85.1,112.1,101.3,78.7
2008-12-24,72.2,84.1,88.4,118.5,103.5,80.8
2008-12-28,74.4,83,92.7,121.8,105.6,79.7
2009-01-03,71.1,61.4,92.7,86.2,64.7,60.4
2009-01-05,74.4,77.6,86.2,91.6,106.7,84.1
2009-01-08,72.2,74.4,91.6,94.8,98.1,78.7
2009-01-11,80.8,86.2,104.5,106.7,92.7,90.5
2009-01-15,81.9,90.5,104.5,111,97,90.5
2009-01-20,75.4,84,90.5,115.3,119.6,85.1
2009-01-23,67.9,73.3,91.6,93.8,97,80.8
2009-01-26,66.8,70.7,94.8,97,102.4,86.2
2009-01-28,70,86.2,112.1,120.7,94.8,80.8
2009-02-03,70,71.1,76.6,87.3,90.5,75.4
2009-02-07,71.5,79.2,92.4,105.6,99,89.1
2009-02-09,69.3,75.9,78.1,91.3,95.7,84.7
2009-02-13,74.8,78.1,86.9,94.6,100.1,88
2009-02-15,74.8,78.1,81.4,97.9,103.4,89.1
2009-02-19,67.1,74.8,81.4,90.2,99,86.9
2009-02-25,73.7,79.2,88,103.4,100.1,82.5
2009-02-27,71.5,78.1,88,102.3,89.1,83.6
2009-03-03,77,89.1,92.4,97.9,99,88
2009-03-07,76.4,82.8,89.3,98.9,94.6,81.7
2009-03-09,71,74.2,77.4,92.5,97.9,90.3
2009-03-13,72.1,73.1,74.2,82.8,92.5,87.1
2009-03-15,74.2,78.5,83.9,94.6,86,82.8
2009-03-18,69.9,73.1,77.4,90.3,86,80.7
2009-03-23,67.8,71,77.4,90.3,81.7,75.3
2009-03-26,72.1,75.3,78.5,89.3,86,77.4
2009-03-29,66.7,74.2,79.6,87.1,81.7,77.4
2009-04-03,64.5,67.8,76.4,81.7,87.1,73.1
2009-04-09,61.2,66.7,72.2,78.7,80.9,72.2
2009-04-11,63.4,67.8,71.1,82,76.5,70
2009-04-14,66.7,70,73.2,84.2,77.6,71.1
2009-04-20,67.8,72.2,76.5,85.3,75.4,70
2009-04-26,73.2,77.6,84.2,89.6,79.8,75.4
2009-04-29,70,76.5,85.3,88.6,82,72.2
2009-05-03,61.81,72.29,114.55,142.49,54.48,49.24
2009-05-08,47.15,51.34,53.86,57.93,51.83,47.76
2009-05-11,48.19,57.94,60.45,54.08,45.6,42.42
2009-05-14,45.05,55.76,61.52,65.75,54.08,44.54
2009-05-19,32.48,41.54,50.9,55.14,45.6,39.24
2009-05-23,36.67,44.82,49.84,58.32,49.84,41.36
2009-05-27,39.81,48.1,51.96,62.57,59.05,47.72
2009-05-30,47,52.5,58.3,67.9,55.1,50.9
2009-06-02,54.1,66.8,71.1,82.7,65.8,56.2
2009-06-06,47.2,51.4,55.5,59.7,53.4,49.3
2009-06-08,50.3,59.7,63.9,69.2,56.6,53.4
2009-06-11,39.8,46.11,58.7,56.6,53.4,48.2
2009-06-17,43,48.2,63.9,69.2,57.6,54.5
2009-06-19,44.2,51.4,66,65,60.8,48.2
2009-06-21,44,49.3,63.9,68.1,61.8,44
2009-06-24,39.8,46.1,59.7,65,54.5,43
2009-06-29,37.7,43,58.7,61.8,52.4,41.9
2009-07-04,39.8,44,58.7,65,55.5,49.3
2009-07-06,38.2,46.4,52.6,54.7,45.4,42.3
2009-07-09,33,39.2,42.3,48.5,41.3,38.2
2009-07-15,28.9,36,39.2,43.3,35.1,31
2009-07-18,32,35.1,40.2,43.3,36.1,33
2009-07-21,34,37.1,47.5,50.6,38.2,34
2009-07-24,32,39.2,45.4,48.5,42.3,37.1
2009-07-26,34,46.4,47.5,54.7,44.4,35.1
2009-07-30,29.9,33,38.2,45.4,37.1,31
2009-08-03,33.9,34,40.5,56.2,37.1,32
2009-08-07,31,34,38.2,45.4,36.1,34
2009-08-09,38.8,41,47.4,50.7,44.2,42
2009-08-12,33.4,36.6,45.3,53.9,47.4,50
2009-08-18,28,32.3,36.6,42,38.8,31.3
2009-08-22,25.9,30.2,35.6,41,37.7,33.4
2009-08-24,30.2,34.5,37.7,41,38.8,33.4
2009-08-27,26.9,31.3,44.6,38.8,37.7,34.5
2009-08-30,30.2,34.5,38.8,42,39.9,35.6
2009-09-05,29.2,31.3,36.6,42,35.6,34.5
2009-09-07,26.9,29.1,36.6,44.2,38.8,34.5
2009-09-10,30.2,34.5,39.9,47.4,41,37.7
2009-09-14,35.6,42,47.4,52.8,50.7,44.2
2009-09-18,33.4,41,51.7,50.7,48.5,46.3
2009-09-20,31.3,36.6,50.7,47.4,46.3,42
2009-09-22,36.6,41,56,52.8,50.7,44.2
2009-09-30,38.8,47.4,59.3,60.4,51.7,46.3
2009-10-03,33.4,36.6,49.6,51.7,48.5,44.2
2009-10-06,32.3,35.6,46.3,52.8,49.6,42
2009-10-09,34.2,38.7,45.3,57.4,51.9,44.2
2009-10-12,37.6,45.3,51.9,60.8,53,45.3
2009-10-15,43.1,56.9,61.9,68.5,63,56.3
2009-10-21,38.7,53,60.8,64.1,59.7,51.9
2009-10-23,40.9,54.1,65.2,72.9,61.9,53
2009-10-25,36.5,48.6,57.4,67.4,55.2,47.5
2009-10-29,42,45.3,57.4,74,63,54.1
2009-11-03,38.7,51.9,60.8,75.1,64.1,56.3
2009-11-06,38.7,44.2,55.2,68.5,60.8,50.8
2009-11-11,41.9,48.4,55.9,69.9,60.2,49.5
2009-11-14,37.6,44.1,55.9,65.6,60.2,48.4
2009-11-16,34.4,43,53.8,63.5,58.1,47.3
2009-11-19,47.3,52.7,57,63.5,55.9,51.6
2009-11-22,46.3,52.7,65.6,77.4,60.2,48.4
2009-11-24,44.1,55.9,69.9,83.9,66.7,54.9
2009-11-30,41.9,53.8,72.1,85,71,58.1
2009-12-05,51.1,53.8,73.1,94.6,68.8,58.1
2009-12-07,38.1,60.2,78.5,95.7,72.1,61.3
2009-12-10,48.6,63.7,90.7,105.8,84.2,67
2009-12-13,56.2,74.5,100.4,102.6,89.6,72.4
2009-12-15,59.4,76.7,103.7,102.6,90.7,75.6
2009-12-23,46.4,74.5,97.2,98.3,86.4,70.2
2009-12-25,53.9,63.7,78.8,95,90.7,74.5
2009-12-29,44.3,75.3,78.8,96.1,87.5,77.8
2010-01-01,44.3,74.5,88.6,102.6,92.9,77.8
2010-01-03,56.2,74.5,90.7,110.1,95,77.8
2010-01-08,55.8,73.7,89.3,111.6,91.1,89.9
2010-01-12,50.3,69.2,86,102.7,81.5,75.9
2010-01-14,56.9,75.9,103.8,106,87.1,79.3
2010-01-18,52.5,71.4,100.5,100.5,83.7,74.8
2010-01-23,53.6,81.6,110,102.7,93.8,81.5
2010-01-27,52.5,71.4,91.5,106,90.4,84.8
2010-01-30,58,74.8,94.9,106,92.6,87.1
2010-02-02,55.8,69.2,91.5,101.6,94.9,88.2
2010-02-04,54.7,63.6,97.1,99.3,91.5,80.4
2010-02-10,57,70.1,99.7,100.8,92,82.2
2010-02-12,50.4,66.8,93.1,101.9,92,76.7
2010-02-14,47.1,60.3,87.6,95.3,88.7,78.9
2010-02-20,50.4,64.6,90.9,99.7,92,80
2010-02-22,51.5,69,97.5,100.8,94.2,76.7
2010-02-24,47.1,62.4,89.8,98.6,89.8,77.8
2010-03-04,48.2,65.7,84.4,93.1,86.5,77.8
2010-03-06,49.3,67.9,80,88.7,83.3,78.9
2010-03-09,48.1,79,84.7,83.6,74.4,75.6
2010-03-11,49.2,68.7,81.3,88.2,83.6,76.7
2010-03-17,47,64.1,84.7,92.8,79,71
2010-03-19,50.4,71,89.3,95.1,83.6,77.9
2010-03-22,52.7,71,84.8,90.5,83.6,75.6
2010-03-26,48.1,64.1,80.2,83.6,79,66.9
2010-03-28,50.4,67.6,83.6,92.8,84.7,74.4
2010-04-02,53.8,71,89.3,91.6,81.3,79
2010-04-08,48.2,69,80,93.1,76.7,72.3
2010-04-10,50.4,74.5,82.2,87.6,78.9,73.4
2010-04-12,44.9,72.3,76.7,87.6,75.6,71.2
2010-04-17,47.1,74.5,78.9,89.8,77.8,70.1
2010-04-20,44.9,70.1,85.4,97.5,86.5,73.4
2010-04-23,40,71.1,77.8,93.1,80,71.2
2010-04-25,46,63.5,75.6,93.1,85.4,77.8
2010-04-28,47.1,67.9,78.9,87.6,80,70.1
2010-05-05,47.1,64.6,75.6,84.4,71.2,65.7
2010-05-07,43,55.9,67.8,78.5,68.8,62.4
2010-05-11,48.4,63.5,74.2,72.1,71,61.3
2010-05-13,45.2,59.2,78.5,88.2,74.2,55.9
2010-05-16,47.3,63.5,75.3,79.6,83.9,63.5
2010-05-21,43,62.4,73.1,77.4,75.3,62.4
2010-05-24,46.2,76.5,75.1,78.5,79.6,66.7
2010-05-29,45.2,73.1,85,90.3,75.3,63.5
2010-05-31,49.5,68.8,68.7,85,83.9,68.8
2010-06-02,43,60.2,77.4,79.6,75.3,64.5
2010-06-10,40.2,68.5,67,78.1,70.3,64.7
2010-06-12,36.8,63.6,72.6,79.3,67,59.2
2010-06-14,40.2,72.6,70.3,81.6,65.9,63.6
2010-06-18,43.5,69.2,73.7,84.8,71.4,61.4
2010-06-22,33.5,60.3,68.1,80.4,65.9,56.9
2010-06-25,35.7,56.9,69.2,81.5,70.3,60.3
2010-06-27,33.5,48,64.7,77,59.2,55.8
2010-07-01,39.1,59.2,68.1,78.1,69.2,59.2
2010-07-07,35.6,55.6,73.4,70,62.2,55.6
2010-07-09,41.1,61.1,75.6,66.7,61.1,52.2
2010-07-13,43.4,65.6,71.1,63.4,57.8,44.5
2010-07-15,37.8,61.1,76.7,82.3,61.1,51.1
2010-07-18,41.1,63.4,83.4,85.6,64.5,57.8
2010-07-24,45.6,61.1,68.9,66.7,57.8,48.9
2010-07-26,34.5,53.4,61.1,55.6,58.9,46.7
2010-07-30,34.1,45.6,62.2,57.8,51.1,45.6
2010-08-02,37.8,54.5,58.9,73.4,57.8,48.9
2010-08-06,33.3,61.1,64.5,75.6,60,46.7
2010-08-08,37.6,61.9,69.6,81.7,64.1,57.4
2010-08-13,35.3,57.4,66.3,68.5,58.5,51.9
2010-08-19,29.8,53,62.9,55.2,49.7,45.3
2010-08-21,33.1,54.1,59.7,60.8,48.6,42
2010-08-25,36.5,50.8,64.1,69.6,58.5,46.4
2010-08-28,39.8,53,68.5,69.6,60.8,48.6
2010-08-31,36.5,63,70.7,74,63,45.3
2010-09-04,37.6,67.4,68.5,61.9,57.4,49.7
2010-09-06,32,54.1,59.7,79.5,60.8,42
2010-09-10,35.5,48.8,59.9,72.1,53.2,42.2
2010-09-12,37.7,53.2,64.3,81,57.7,42.2
2010-09-18,34.4,47.7,57.7,67.7,52.1,38.8
2010-09-21,32.2,53.2,63.2,65.4,51,44.6
2010-09-23,34.4,49.9,64.3,82.1,59.9,47.7
2010-09-27,38.8,57.7,69.9,85.4,63.2,51
2010-09-29,38.8,65.4,73.2,90.5,65.4,53.2
2010-10-03,39.4,64.6,73.4,87,64.6,52.6
2010-10-08,34,59.2,69,71.2,58.1,49.3
2010-10-11,46,63.5,75.6,85.4,73.4,57
2010-10-13,52.6,80,81.1,97.5,74.5,51.5
2010-10-21,47.1,72.3,73.4,75.6,61.3,52.6
2010-10-23,43.8,69,71.2,86.5,63.5,49.3
2010-10-26,49.3,75.6,78.9,88.7,64.6,51.5
2010-10-29,44.9,76.7,76.7,93.1,60.3,50.4
2010-11-01,48.2,64.6,75.6,88.7,75.6,41.6
2010-11-05,43.8,61.3,78.9,92,78.9,46
2010-11-09,46,62.4,81.1,89.8,83.3,50.4
2010-11-11,41.6,64.6,89.8,93.1,75.6,50.4
2010-11-17,49.3,70.1,85.4,89.8,77.8,54.8
2010-11-20,46,63.5,83.3,85.4,83.3,52.6
2010-11-22,47.1,66.8,85.4,89.8,86.5,57
2010-11-26,43.8,62.4,81.1,86.5,69,59.2
2010-11-28,44.9,67.9,74.5,92,73.4,61.3
2010-12-01,41.6,72.3,76.7,86.5,65.7,54.8
2010-12-05,39.4,64.6,69,78.9,66.8,57
2010-12-09,37.2,59.2,69,76.7,62.4,55.9
2010-12-13,47.1,64.6,71.2,85.4,66.8,59.2
2010-12-18,44.9,67.9,75.6,86.5,70.1,54.8
2010-12-21,47.1,74.5,89.8,83.3,73.4,55.9
2010-12-24,47.1,70.1,81.1,88.7,72.3,57
2010-12-27,51.5,75.6,80,90.9,75.6,60.3
2010-12-29,46,69,84.4,96.4,64.6,57
2011-01-05,48.2,70.1,76.7,88.7,71.2,58.1
2011-01-07,61.2,73.4,78.9,86.5,73.4,54.8
2011-01-09,50.5,69.1,81.3,88.9,71.3,57
2011-01-11,62.5,74.6,80.1,90,71.3,57
2011-01-17,43.9,66.9,82.3,84.5,68,54.9
2011-01-20,38.4,75.7,71.3,97.6,73.5,60.3
2011-01-27,42.8,74.6,77.9,93.3,70.2,56
2011-01-29,45,72.4,83.4,94.3,74.6,64.7
2011-02-02,42.4,71.3,74.6,82.3,65.8,52.7
2011-02-04,44.7,75.7,83.4,85.6,70.2,57
2011-02-10,44.2,68.9,76.7,87.8,62.3,51.1
2011-02-12,45.6,70,78.9,83.4,65.6,56.7
2011-02-15,41.1,68.9,70,87.8,61.1,48.9
2011-02-17,43.4,91.2,83.4,99,71.2,58.9
2011-02-21,41.1,78.9,81.2,84.5,66.7,53.4
2011-02-25,44.5,70,86.7,80.1,71.2,58.9
2011-02-27,36.7,70,78.9,83.4,63.4,51.1
2011-03-05,40,72.3,82.3,86.7,72.3,55.6
2011-03-09,41.1,77.6,76.4,82.3,70.5,60
2011-03-11,42.3,74.1,49.2,50.6,45.9,38.8
2011-03-13,41.1,76.4,85.8,82.3,60,51.7
2011-03-17,40,71.7,75.2,70.5,65.8,50.6
2011-03-21,43.5,78.8,81.1,84.6,56.4,45.9
2011-03-25,41.1,70.5,72.9,76.4,57.6,44.7
2011-03-29,35.3,65.8,72.9,75.2,57.6,42.3
2011-03-31,40,67,69.4,79.9,48.2,41.1
2011-04-04,37.6,61.1,64.7,78.8,50.6,43.5
2011-04-07,42.3,68.2,71.7,87,55.3,45.9
2011-04-10,40.6,71.8,65.2,80.6,47.5,42
2011-04-12,35.3,77.3,72.9,85.1,53,43.1
2011-04-20,38.7,67.4,55.2,77.3,44.2,37.6
2011-04-22,40.9,59.7,69.6,81.7,49.7,39.8
2011-04-25,35.3,63,54.1,50.8,38.7,33.1
2011-04-30,35.3,61.9,67.4,74,47.5,35.3
2011-05-03,36.5,49.7,58.5,61.9,45.3,35.3
2011-05-05,37.6,65.2,74,87.3,50.8,42
2011-05-09,38.2,60.9,71.7,75.2,50.2,38.2
2011-05-11,39.4,69.3,83.8,65.7,53.7,40.6
2011-05-15,40.6,70.5,72.8,86,51.4,39.4
2011-05-21,46.6,74,63.8,60.9,47.8,43
2011-05-24,38.2,62.1,70.5,84.8,52.5,41.8
2011-05-27,40.6,63.3,76.4,74,49,39.4
2011-05-30,35.8,56.1,60.9,69.3,56.1,43
2011-06-03,35.8,60.9,72.8,82.4,53.7,40.6
2011-06-07,38.2,57.3,74,71.7,47.8,41.8
2011-06-09,37,59.7,62.1,64.5,45.4,37
2011-06-12,38.9,60.8,75.4,77.8,54.7,46.2
2011-06-15,29.2,53.5,65.7,66.9,46.2,34.1
2011-06-20,35.3,64.5,77.8,73,55.9,45
2011-06-25,35.3,55.9,73,70.5,52.3,34.1
2011-06-28,38.9,60.8,75.4,77.8,54.7,46.2
2011-06-30,35.3,52.3,66.9,63.2,48.6,32.8
2011-08-04,32.5,54.2,59,63.9,43.4,38.6
2011-08-06,36.2,47,53,59,47,39.8
2011-08-08,34.5,40.7,48.1,53,38.2,33.3
2011-08-12,32.1,38.2,45.6,51.8,37,31.5
2011-08-16,28.4,43.2,48.1,54.3,38.2,32.1
2011-08-18,34.5,53,61.7,64.1,51.8,40.7
2011-08-24,38.2,58,66.6,74,58,43.6
2011-08-26,34.5,60.4,58,65.4,46.9,39.5
2011-08-28,43.8,55.3,69.1,79.7,54.1,40.7
2011-09-02,27.7,45.6,55.5,55.5,43.2,30.8
2011-09-04,29.6,39.5,51.8,53,44.4,35.8
2011-09-08,30.8,53,60.4,62.9,49.3,43.2
2011-09-12,31.3,51.8,61.5,63.9,60.3,49.4
2011-09-14,33.7,56.6,61.5,67.5,56.6,42.2
2011-09-19,46.2,55.4,63.9,79.5,54.2,41
2011-09-24,42.2,49.4,62.7,66.3,59,41
2011-09-27,45.6,63.9,66.3,77.1,51.8,42.2
2011-09-29,38.6,56.6,63.9,71.1,59,38.6
2011-10-02,44.6,63.9,73.5,95.2,63.9,54.2
2011-10-08,41,59,66.3,71.1,55.4,44.6
2011-10-11,47.4,64.2,66.6,85.6,54.7,48.7
2011-10-13,41.6,64.2,72.5,78.5,53.5,41.6
2011-10-17,38,55.9,64.2,79.7,57.1,40.4
2011-10-21,44,64.2,73.7,84.4,69,51.1
2011-10-26,51,66.6,121.3,127.2,91.5,58.3
2011-10-29,43.7,61.8,71.3,76.1,59.4,46.4
2011-11-02,31.6,59.4,73.7,78.5,54.7,42.8
2011-11-05,36.5,65.4,71.3,73.7,53.5,45.2
2011-11-08,38,61.8,65.4,71.3,64.2,47.6
2011-11-11,37.8,60,62.3,64.5,57.8,48.9
2011-11-17,44.3,53.4,65.6,74.5,60,47.8
2011-11-19,44.5,56.7,84.5,88.9,67.8,52.3
2011-11-21,45.6,70,82.3,90.1,72.3,58.9
2011-11-25,56.8,63.4,68.9,78.9,64.5,51.1
2011-11-27,53.4,68.9,84.5,87.8,67.8,48.9
2011-12-03,51.1,71.2,78.9,91.2,64.5,46.7
2011-12-07,47.7,72.3,81.2,86.7,64.5,44.5
2011-12-09,44.3,65.6,76.7,91.2,73.4,56.7
2011-12-13,51.3,74,86,103.9,66.9,47.8
2011-12-15,59.8,78.8,80,82.4,68.1,53.7
2011-12-19,49.8,69.3,90.8,84.8,82.4,59.7
2011-12-21,53.5,74,89.6,93.1,70.5,63.3
2011-12-25,56.2,76.4,92,95.5,71.7,65.7
2011-12-27,54.9,86,108.7,97.9,88.4,51.4
2012-10-01,35,30,41,46,37,32
2012-10-05,32,40,37,39,37,32
2012-10-09,47,51,45,42,43,38
2012-10-13,48,55,53,47,43,45
2012-10-17,49.4,55.3,56.3,51.3,56.3,49.4
2012-10-21,49.4,55.3,55.3,51.3,54.3,49.4
2012-10-25,47.4,51.3,53.3,46.4,42.5,41.5
2012-10-29,45.7,47.7,43.7,45.7,42.7,40.7
2012-11-02,43.7,48.7,44.7,45.7,42.7,40.7
2012-11-06,45.7,51.7,51.7,47.7,45.7,43.7
2012-11-10,45.7,51.7,51.7,47.7,45.7,43.7
2012-11-13,51.7,56.6,59.6,55.6,51.7,49.7
2012-11-14,43.7,53.7,55.6,59.6,53.7,46.7
2012-11-18,41.7,47.7,50.7,55.6,49.7,47.7
2012-11-22,41.7,54.6,53.7,52.7,44.7,39.7
2012-11-26,47.7,53.7,51.7,52.7,47.7,45.7
2012-11-30,48.7,55.6,53.7,52.7,49.7,47.7
2012-12-04,49.7,54.6,52.7,50.7,46.7,44.7
2012-12-08,48.7,56.6,53.7,54.6,50.7,49.7
2012-12-12,47.7,51.7,49.7,50.7,47.7,45.7
2012-12-16,36.8,44.7,39.7,37.8,33.8,30.8
2012-12-19,47.7,53.7,45.7,41.7,40.7,42.7
2012-12-24,50.7,53.7,55.6,48.7,42.7,45.7
2012-12-28,57.6,61.6,55.6,50.7,43.7,47.7
2013-01-01,51.67,53.66,47.69,41.73,39.75,46.7
2013-01-05,49.68,51.67,47.69,45.71,41.73,43.72
2013-01-09,47.69,50.68,47.69,44.71,41.73,45.71
2013-01-13,53.66,51.67,45.71,41.73,42.73,44.71
2013-01-17,79.5,63.42,63.51,51.84,55.64,67.39
2013-01-21,62.1,65.96,58.38,55.81,50.92,58.35
2013-01-25,60.86,64.69,54.65,53.28,48.44,60.89
2013-01-29,54.65,63.42,53.41,53.28,48.44,58.35
2013-02-02,60.35,56.5,69.15,65.48,57.83,62.92
2013-02-06,57.83,61.63,65.38,60.35,45.26,64.2
2013-02-10,60.35,55.21,66.64,52.64,47.78,56.5
2013-02-14,47.78,52.64,70.41,65.48,51.55,59.06
2013-02-18,36.84,43.89,52.8,48.91,56.48,50.16
2013-02-22,46.66,57.68,49.12,53.92,63.85,58.94
2013-02-26,52.8,58.94,49.12,48.91,55.26,62.7
2013-03-01,66.31,61.45,46.66,42.64,50.34,48.91
2013-03-04,62.62,58.94,60.17,63.95,61.39,67.72
2013-03-07,52.8,46.4,54.03,60.19,63.85,55.18
2013-03-12,49.12,40.13,52.8,58.94,61.39,52.67
2013-03-16,34.38,37.62,41.75,46.4,55.26,52.67
2013-03-18,36.84,45.14,49.12,55.18,46.66,42.64
2013-03-21,41.75,38.87,33.15,41.38,54.03,57.68
2013-03-24,38.06,42.64,39.29,35.11,34.38,32.6
2013-03-27,34.38,31.35,33.15,38.87,52.8,58.94
2013-04-02,47.89,51.41,57.71,53.92,42.98,46.4
2013-04-05,41.75,45.14,51.57,57.68,58.94,52.67
2013-04-10,36.65,33.81,40.19,43.46,37.83,39.84
2013-04-13,39.01,33.81,53.2,48.29,42.56,39.84
2013-04-15,33.1,37.43,47.29,44.67,34.28,38.64
2013-04-19,42.56,38.64,35.47,33.81,34.28,36.22
2013-04-22,40.19,36.22,33.1,31.39,37.83,33.81
2013-04-25,37.83,41.05,49.65,47.09,39.01,36.22
2013-04-28,40.19,47.09,53.2,50.71,36.65,45.88
2013-05-02,44.92,50.71,42.56,39.84,31.92,36.22
2013-05-06,37.83,42.26,35.47,32.6,40.19,33.81
2013-05-10,36.05,32.49,44.53,41.15,32.87,25.99
2013-05-14,28.63,32.49,37.11,34.65,40.29,45.48
2013-05-18,36.05,32.49,46.65,43.32,42.41,45.48
2013-05-21,38.17,34.65,48.78,43.32,36.05,32.49
2013-05-23,50.9,44.4,41.35,47.65,54.08,45.48
2013-05-26,38.17,48.73,43.47,40.07,31.81,36.82
2013-05-29,39.23,42.23,36.05,32.49,29.69,23.82
2013-06-01,40.29,38.98,33.93,22.74,28.63,35.74
2013-06-04,38.17,36.82,49.84,43.32,31.81,29.24
2013-06-07,31.81,29.24,37.11,44.4,40.29,34.65
2013-06-10,35.58,40.88,31.14,38.61,41.14,34.07
2013-06-12,31.14,37.48,27.8,42.02,35.58,29.53
2013-06-15,28.91,34.07,36.7,30.66,24.46,26.12
2013-06-18,37.81,44.29,45.59,42.02,35.58,30.66
2013-06-20,26.69,35.21,38.92,32.93,26.69,22.71
2013-06-23,28.91,26.12,38.92,36.34,31.14,24.98
2013-06-28,30.02,34.07,35.58,31.8,27.8,23.85
2013-07-01,24.46,27.26,33.36,30.66,17.79,22.71
2013-07-04,38.92,44.29,37.81,42.02,32.25,28.39
2013-07-07,33.36,38.61,35.58,31.8,22.24,26.12
2013-07-10,26.39,32.93,40.03,34.07,23.35,22.71
2013-07-13,32.25,36.34,43.37,38.61,30.02,26.12
2013-07-16,23.35,28.39,33.36,36.34,31.14,24.98
2013-07-19,20.02,24.98,32.25,36.34,42.26,40.88
2013-07-23,22.24,18.17,26.69,32.93,24.46,20.44
2013-07-26,21.13,26.12,32.25,30.66,22.24,19.31
2013-07-29,20.02,24.98,34.47,27.26,22.24,18.17
2013-08-02,32.25,29.18,34.47,31.8,26.69,22.71
2013-08-05,27.8,35.21,40.03,32.93,28.91,23.85
2013-08-08,25.6,30.69,24.49,32.97,36.73,22.74
2013-08-11,21.15,23.87,30.05,22.74,15.47,18.19
2013-08-14,26.71,30.69,34.51,31.83,25.6,22.74
2013-08-20,13.36,15.91,18.92,21.6,14.47,11.37
2013-08-24,16.7,19.33,22.26,26.15,21.15,15.91
2013-08-27,20.04,15.91,22.26,19.33,16.7,13.64
2013-08-30,21.15,25.1,28.94,27.28,22.26,19.33
2013-09-02,25.6,22.74,18.92,29.56,23.38,17.05
2013-09-05,26.71,32.97,42.3,38.65,38.96,31.83
2013-09-08,21.15,27.28,24.49,31.83,25.6,20.46
2013-09-11,23.38,29.56,40.07,35.24,30.05,22.74
2013-09-18,23.38,18.19,21.15,27.28,22.26,15.91
2013-09-21,21.15,28.42,35.62,32.97,37.85,30.69
2013-09-24,24.49,29.56,38.96,46.61,32.28,36.38
2013-09-27,22.26,27.28,16.7,23.87,27.83,26.15
2013-09-30,23.38,29.56,36.73,32.97,24.49,18.19
2013-10-03,25.77,35.1,32.22,24.13,39.74,36.19
2013-10-08,27.92,41.68,39.74,30.71,24.7,31.81
2013-10-12,41.88,37.29,30.07,34,27.92,24.13
2013-10-16,30.07,39.48,36.51,43.87,41.88,46.06
2013-10-19,36.51,49.35,55.85,51.55,42.96,47.16
2013-10-21,42.96,59.23,45.1,41.68,38.66,40.58
2013-10-25,45.1,40.58,34.37,24.13,30.07,23.03
2013-10-27,31.14,37.29,49.4,46.06,50.47,42.77
2013-11-02,40.81,46.06,49.4,63.61,70.88,68
2013-11-03,61.21,70.19,65.51,96.52,81.62,60.32
2013-11-07,40.81,55.94,50.47,63.61,56.92,47.16
2013-11-11,43.73,52.11,59.35,65.93,62.48,57.43
2013-11-14,48.94,57.43,70.81,64.87,55.19,60.62
2013-11-20,49.98,56.36,60.39,73.38,87.47,64.87
2013-11-22,45.82,64.87,61.44,81.88,66.64,60.62
2013-11-26,51.02,59.55,72.89,68.06,79.14,64.87
2013-11-30,45.82,61.68,53.11,73.38,76.01,62.74
2013-12-03,45.71,55.62,73.91,81.45,69.05,61.58
2013-12-06,57.38,47.68,53.49,66.55,77.8,71.51
2013-12-09,50.57,65.55,59.33,71.51,78.78,76.48
2013-12-12,48.63,55.62,62.24,84.43,89.48,77.47
2013-12-18,53.49,50.66,57.38,72.51,84.61,69.53
2013-12-21,54.46,58.6,66.13,78.47,70.02,62.57
2013-12-24,50.57,62.57,58.35,75.49,65.16,53.64
2013-12-27,49.6,47.68,65.16,88.4,78.78,69.53
2013-12-29,57.38,46.68,51.55,83.43,89.48,77.47
2014-01-01,56.41,45.69,51.55,87.41,84.61,70.52
2014-01-06,51.71,46.72,55.69,90.39,72.59,69.06
2014-01-08,57.68,68.04,54.69,82.26,102.42,85.31
2014-01-13,47.73,56.87,66.63,84.29,70.6,66.01
2014-01-16,52.7,47.73,60.66,87.34,89.5,77.18
2014-01-19,56.68,44.69,50.71,70.07,77.56,71.09
2014-01-25,61.65,53.83,65.63,83.28,78.56,77.18
2014-01-28,62.65,58.9,46.74,84.29,70.6,78.2
2014-01-31,51.71,62.97,69.61,86.32,66.63,82.26
2014-02-03,51.71,65,56.68,75.15,81.54,72.11
2014-02-07,55.69,47.73,67.62,83.28,75.58,74.14
2014-02-09,46.74,58.9,70.6,81.25,73.59,69.06
2014-02-12,45.74,58.9,51.71,87.34,74.58,62.97
2014-02-18,67.62,48.44,52.7,95.46,69.61,83.28
2014-02-22,63.64,52.81,55.69,72.11,79.55,66.01
2014-02-24,44.75,56.87,67.62,73.12,60.66,52.81
2014-02-27,47.73,62.97,50.71,68.04,54.69,43.67
2014-03-02,57.73,45.75,63.71,73.2,60.72,77.26
2014-03-07,46.79,43.71,55.74,78.28,64.7,59.98
2014-03-10,41.81,53.88,48.78,73.2,84.61,67.1
2014-03-13,45.79,52.86,63.71,73.2,68.68,57.95
2014-03-18,53.75,59.98,46.79,83.36,75.65,70.15
2014-03-22,51.76,69.13,59.73,79.3,67.69,54.9
2014-03-26,55.74,49.81,61.72,80.31,68.68,51.85
2014-03-28,46.79,56.93,48.78,75.23,78.64,67.1
2014-03-31,54.75,48.8,41.81,76.25,89.59,72.18
2014-04-05,41.81,56.93,67.69,79.3,57.73,62.01
2014-04-08,48.78,56.93,41.81,74.21,62.71,71.16
2014-04-11,46.79,62.01,50.77,89.46,70.68,67.1
2014-04-14,49.77,47.78,63.71,81.33,71.67,57.95
2014-04-17,43.8,57.95,51.76,78.28,67.69,63.03
2014-04-20,62.71,55.91,41.81,70.15,63.71,58.96
2014-04-23,57.73,50.83,43.8,74.21,60.72,81.33
2014-04-27,49.04,69.17,60.72,85.86,65.39,59.63
2014-05-02,43.2,50.09,54.88,81.09,66.56,72.74
2014-05-04,50.21,44.12,36.2,66.78,74.73,60.82
2014-05-08,50.21,44.12,46.71,76.32,56.05,66.78
2014-05-14,54.88,46.51,50.21,81.09,59.55,70.36
2014-05-16,56.05,45.32,49.04,85.86,57.22,79.9
2014-05-19,49.04,66.78,59.55,90.63,77.07,72.74
2014-05-22,60.72,56.05,47.88,79.9,63.05,70.36
2014-05-27,47.88,57.24,51.38,77.51,68.89,54.86
2014-05-31,32.7,40.55,54.88,73.94,67.73,50.09
2014-06-03,43.2,50.09,38.53,63.2,56.05,59.63
2014-06-07,49.04,45.32,37.37,57.24,64.22,63.2
2014-06-10,40.87,54.86,47.88,64.4,70.06,46.51
2014-06-14,37.37,47.7,38.53,73.94,59.55,44.12
2014-06-18,39.7,51.28,26.86,35.78,44.37,39.35
2014-06-20,34.24,27.97,21.68,44.29,37.66,33.8
2014-06-23,37.66,31.47,38.8,53.61,35.38,46.62
2014-06-26,30.81,43.13,39.94,50.12,46.79,34.97
2014-06-29,31.96,25.64,38.8,48.95,42.23,36.13
2014-07-02,30.81,39.63,36.52,55.95,50.22,33.8
2014-07-07,33.1,39.63,34.24,52.45,43.37,31.47
2014-07-10,30.81,41.96,35.38,53.61,39.94,30.3
2014-07-13,27.39,37.3,31.96,45.46,35.38,31.47
2014-07-19,31.96,41.96,28.53,47.79,39.94,26.81
2014-07-22,31.96,24.48,34.24,43.13,27.39,34.97
2014-07-25,21.68,27.97,29.67,23.31,34.24,39.63
2014-07-28,31.96,26.81,21.68,44.29,27.39,31.47
2014-07-31,27.39,32.64,38.8,36.13,29.67,33.8
2014-08-03,20.54,30.3,25.11,37.3,31.96,48.95
2014-08-07,30.81,24.48,27.39,34.97,21.68,32.64
2014-08-10,23.97,33.8,29.67,39.63,27.39,36.13
2014-08-13,27.39,34.97,26.25,41.96,31.96,39.63
2014-08-18,37.66,32.64,23.97,48.95,41.09,33.8
2014-08-23,35.38,51.28,31.96,57.11,37.66,40.79
2014-08-26,37.66,33.8,47.93,61.77,55.92,37.3
2014-08-29,31.96,36.13,25.11,50.12,41.09,39.63
2014-09-01,12.34,17.18,30.28,38.94,28.04,33.21
2014-09-06,25.79,29.78,24.67,16.03,20.19,30.92
2014-09-09,32.52,43.52,29.16,54.97,38.13,42.38
2014-09-11,37.01,48.1,30.28,66.43,44.86,49.25
2014-09-14,31.4,42.38,34.76,64.14,42.61,46.96
2014-09-19,33.64,40.09,31.4,43.52,37.01,25.2
2014-09-22,26.91,34.36,30.28,54.97,45.98,42.38
2014-09-24,32.52,41.23,53.83,42.38,50.46,45.81
2014-09-28,25.79,38.94,42.61,53.83,44.86,48.1
2014-10-01,33.19,44.41,40.05,53.76,64.08,57.27
2014-10-05,38.91,36.23,54.93,68.95,58.36,43.24
2014-10-11,36.62,54.93,64.08,37.4,50.35,45.58
2014-10-14,41.2,36.23,59.51,67.78,53.78,43.24
2014-10-17,43.48,37.4,52.64,67.78,61.79,52.27
2014-10-23,38.91,47.92,56.07,88.82,69.8,64.28
2014-10-24,44.63,40.9,49.21,79.47,80.1,74.8
2014-10-27,38.91,32.72,36.62,56.1,64.08,51.42
2014-10-29,41.2,47.92,36.62,60.77,66.37,63.11
2014-11-03,44.63,50.25,42.34,104.01,83.54,97
2014-11-06,40.05,53.76,46.92,88.82,82.39,74.8
2014-11-09,48.06,39.74,49.21,94.66,67.52,84.14
2014-11-12,37.76,47.92,59.51,101.67,70.95,80.64
2014-11-18,54.93,39.74,45.77,97,100.7,88.82
2014-11-22,57.22,49.08,56.07,93.49,98.41,86.48
2014-11-25,54.93,46.75,59.51,101.67,78.96,82.98
2014-11-28,59.51,54.93,74.38,108.69,96.12,87.65
2014-12-01,53.86,50.22,65.56,98.05,105.37,89.68
2014-12-04,49.17,59.78,63.22,93.26,103.03,86.09
2014-12-07,56.2,49.02,71.42,81.31,91.32,84.89
2014-12-10,51.51,46.63,66.73,100.44,112.39,104.02
2014-12-16,57.37,50.22,72.59,95.65,107.71,86.09
2014-12-19,53.86,47.83,65.56,76.52,98.34,84.89
2014-12-22,49.17,44.24,55.03,98.05,92.49,78.92
2014-12-27,56.2,50.22,60.88,94.46,78.44,66.96
2014-12-30,62.05,52.61,70.25,94.46,79.61,104.02
2015-01-03,49.17,69.35,45.66,72.94,62.05,56.2
2015-01-06,55.03,52.61,65.56,100.44,84.3,96.85
2015-01-09,50.34,60.98,44.49,89.68,72.59,82.5
2015-01-12,54.7,63.84,52.47,77.53,92.66,84.37
2015-01-15,59.17,54.72,55.82,93.49,79.26,90.07
2015-01-18,53.58,44.46,46.89,86.65,88.19,70.69
2015-01-21,58.05,47.88,52.47,77.53,101.59,91.21
2015-01-26,49.12,45.6,56.93,84.37,96,78.67
2015-01-29,44.65,41.04,52.47,76.39,83.72,68.4
2015-02-03,53.58,45.6,62.51,91.21,96,82.09
2015-02-06,46.89,42.18,58.05,84.37,89.31,69.55
2015-02-08,46.89,43.32,60.28,98.05,87.07,68.4
2015-02-11,44.65,39.9,56.93,88.93,94.89,67.26
2015-02-16,50.23,43.32,58.05,72.97,83.72,54.72
2015-02-19,52.47,44.46,63.63,93.49,98.24,76.39
2015-02-24,42.42,52.44,49.12,70.69,78.14,64.98
2015-02-28,42.42,38.76,58.05,68.4,80.38,61.56
2015-03-03,49.12,54.72,58.05,68.4,62.51,47.88
2015-03-07,40.19,36.48,53.58,67.26,62.51,58.14
2015-03-09,49.12,54.72,46.89,72.97,91.54,82.09
2015-03-12,42.42,38.76,54.7,66.12,80.38,69.55
2015-03-15,37.96,44.46,52.47,63.84,75.81,62.7
2015-03-20,43.54,47.88,52.47,70.69,64.75,55.86
2015-03-25,48,45.6,56.93,66.12,55.82,52.44
2015-04-03,45.26,39.77,56.84,63.84,69.47,53.75
2015-04-06,41.05,36.55,51.58,55.9,63.15,50.52
2015-04-09,44.21,36.35,51.58,66.65,56.84,53.75
2015-04-12,42.1,36.55,51.58,58.05,63.15,42.15
2015-04-18,42.1,38.7,50.52,65.57,60,46.22
2015-04-22,44.21,43,51.58,58.05,61.05,48.37
2015-04-24,48.42,39.77,44.21,62.35,65.35,53.75
2015-04-28,44.21,37.62,41.05,52.67,61.05,47.3
2015-05-02,34.73,39.77,49.47,60.2,53.68,46.22
2015-05-05,44.21,39.77,51.58,60.2,54.73,48.37
2015-05-08,42.1,36.55,48.42,62.35,52.63,45.15
2015-05-11,40,37.62,44.21,64.5,56.84,51.6
2015-05-14,44.21,49.45,40,55.9,58.94,36.55
2015-05-18,46.31,36.55,51.58,48.37,52.63,43
2015-05-21,44.21,40.85,49.47,53.75,44.21,43
2015-05-24,37.89,36.55,48.42,55.9,50.52,39.77
2015-05-27,40,43,51.58,60.2,50.52,36.55
2015-06-02,40,36.55,56.84,65.37,71.57,43
2015-06-05,37.89,36.55,48.42,62.35,53.68,43
2015-06-08,33.68,41.92,47.36,55.9,44.21,43
2015-06-11,36.84,43,48.42,55.9,52.63,40.85
2015-06-14,37.89,36.55,50.52,66.65,58.94,40.85
2015-06-17,35.79,40.85,48.42,61.27,52.63,44.07
2015-06-22,33.68,37.62,44.21,53.75,48.42,35.47
2015-06-27,40,36.55,48.42,55.9,52.63,43
2015-06-30,46.31,40.85,51.58,55.9,52.63,38.7
2015-07-03,44.21,39.77,54.73,64.5,50.52,43
2015-07-06,41.05,38.7,45.26,54.82,38.94,36.55
2015-07-09,42.1,39.77,51.58,68.8,56.84,48.37
2015-07-12,40,36.55,51.58,66.65,56.84,43
2015-07-15,40,36.55,46.31,64.5,53.68,39.77
2015-07-20,35.79,39.77,47.36,60.2,54.73,34.4
2015-07-25,37.89,41.92,51.58,58.05,44.21,35.47
2015-07-28,35.79,30.1,46.31,55.9,48.42,39.77
2015-07-31,36.84,30.1,44.21,43,45.26,36.55
2015-08-03,44.14,41.43,54.88,70.67,59.65,48.74
2015-08-08,41.76,38.99,52.5,65.8,47.72,43.86
2015-08-11,45.34,38.99,54.88,63.36,47.72,41.43
2015-08-14,40.56,46.3,54.88,70.67,62.04,37.77
2015-08-17,45.34,38.99,54.88,68.23,48.92,41.43
2015-08-20,47.72,41.43,52.5,63.36,47.72,38.99
2015-08-23,44.14,38.99,54.88,63.36,52.5,42.65
2015-08-26,51.3,45.08,62.04,54.83,47.72,41.43
2015-08-30,47.72,45.08,62.04,68.23,48.92,41.43
2015-09-04,46.53,38.99,56.07,68.23,59.65,46.3
2015-09-07,47.72,41.43,58.46,70.67,56.07,45.08
2015-09-10,54.88,48.74,64.43,75.54,59.65,51.18
2015-09-13,40.56,46.3,54.88,64.58,57.27,48.74
2015-09-16,45.34,38.99,56.07,65.8,59.65,41.43
2015-09-22,50.11,54.83,44.14,59.7,51.3,41.43
2015-09-26,52.5,45.08,62.04,81.64,60.85,41.43
2015-09-29,50.11,58.49,62.04,85.29,72.78,52.39
2015-10-05,40.56,35.34,62.04,73.11,64.43,51.18
2015-10-08,42.95,36.55,56.07,68.23,62.04,48.74
2015-10-11,46.53,38.99,56.07,75.54,63.23,45.08
2015-10-14,44.14,40.21,53.69,65.8,50.11,41.43
2015-10-18,41.76,48.74,58.46,71.89,52.5,45.08
2015-10-24,50.11,45.08,70.39,82.85,64.43,48.74
2015-10-27,45.34,38.99,64.43,82.85,64.43,48.74
2015-10-30,44.14,41.43,57.27,70.67,58.46,43.86
2015-11-02,42.95,37.77,64.43,75.54,59.65,47.52
2015-11-05,46.53,41.43,70.39,87.73,64.43,48.74
2015-11-10,52.5,48.74,72.78,87.73,94.25,69.45
2015-11-11,57.27,51.18,76.36,97.48,85.9,65.8
2015-11-17,44.14,38.99,58.46,73.11,64.43,52.39
2015-11-19,40.56,36.55,56.07,70.67,60.85,51.18
2015-11-22,45.34,38.99,58.46,75.54,64.43,48.74
2015-11-25,40.56,43.86,62.04,77.98,69.2,52.39
2015-11-30,38.18,41.43,59.65,75.54,64.43,48.74
2015-12-04,38.18,43.86,59.65,68.23,54.88,48.74
2015-12-07,42.95,38.99,54.88,70.67,62.04,52.39
2015-12-12,54.88,48.74,62.04,77.98,64.43,59.7
2015-12-15,47.72,41.43,56.07,65.8,54.88,43.86
2015-12-18,52.5,48.74,58.46,68.23,71.58,58.49
2015-12-21,40.56,36.55,56.07,70.67,64.43,48.74
2015-12-24,47.72,42.65,60.85,74.33,66.81,60.92
2015-12-27,45.34,41.43,58.46,70.67,62.04,48.74
2015-12-30,54.88,48.74,73.97,90.17,66.81,60.92
2016-01-08,42.12,78.22,72.21,66.19,42.12,66.19
2016-01-10,42.12,54.15,54.15,64.18,50.14,40.11
2016-01-13,34.1,52.15,62.18,78.22,52.15,50.14
2016-01-16,38.11,42.12,58.17,54.15,50.14,48.14
2016-01-19,34.1,44.13,60.17,52.15,40.11,32.09
2016-01-22,30.09,30.09,56.16,50.14,54.15,38.11
2016-01-25,30.09,30.09,32.1,50.14,50.14,52.15
2016-01-28,34.1,44.13,58.17,60.17,50.14,42.12
2016-02-01,30.09,44.13,60.17,52.15,44.13,40.11
2016-02-03,22.06,48.14,62.18,50.14,40.11,38.11
2016-02-07,30.09,30.09,56.16,50.14,40.11,38.11
2016-02-09,34.1,36.1,50.14,54.15,54.15,36.1
2016-02-12,30.09,44.13,62.18,52.15,44.13,40.11
2016-02-18,36.1,42.13,46.14,52.15,62.18,40.11
2016-02-20,40.11,42.12,46.14,54.15,54.15,40.11
2016-02-23,40.11,44.13,44.13,50.14,52.15,40.11
2016-02-26,36.1,42.12,50.14,52.15,50.14,42.12
2016-03-02,34.1,44.13,58.17,58.17,44.13,42.12
2016-03-06,30.09,34.1,46.14,52.15,58.17,40.11
2016-03-10,34.1,38.11,52.15,48.14,38.11,54.16
2016-03-12,38.11,42.12,50.14,58.17,54.14,40.11
2016-03-18,34.1,44.13,54.16,56.16,62.18,42.12
2016-03-21,38.11,42.12,50.14,56.16,60.17,40.11
2016-03-27,40.11,44.13,46.13,52.15,56.16,40.11
2016-03-29,36.1,46.14,48.14,50.14,58.17,42.12
2016-04-02,38.11,40.11,46.13,52.15,48.14,40.11
2016-04-06,40.11,42.12,44.13,54.15,50.14,38.11
2016-04-15,35.32,37.18,39.04,44.62,42.76,33.46
2016-04-17,33.46,37.18,37.18,42.76,40.9,35.32
2016-04-19,37.18,39.04,40.9,46.47,44.62,37.18
2016-04-21,35.32,40.9,42.76,50.19,46.47,39.04
2016-04-25,39.04,42.76,44.62,52.05,48.33,40.9
2016-04-29,33.46,37.18,40.9,53.91,50.19,35.32
2016-05-01,35.32,39.04,42.76,52.05,46.47,37.18
2016-05-05,37.18,40.9,44.62,50.19,48.33,40.9
2016-05-09,39.04,42.76,46.47,55.77,48.33,37.18
2016-05-11,35.32,37.18,42.76,50.19,50.19,39.04
2016-05-17,37.18,39.04,40.9,48.33,46.47,39.04
2016-05-20,39.04,40.9,44.62,52.05,48.33,42.76
2016-05-22,35.32,39.04,42.76,55.77,50.19,40.9
2016-05-25,37.18,40.9,46.47,53.91,48.33,39.04
2016-05-28,40.9,42.76,42.76,52.05,46.47,39.04
2016-05-30,39.04,40.9,46.47,55.77,48.33,40.9
2016-06-02,35.32,39.04,44.62,53.91,50.19,40.9
2016-06-04,37.18,40.9,42.76,55.77,48.33,39.04
2016-06-08,39.04,39.04,40.9,42.76,44.62,37.18
2016-06-10,35.32,37.18,37.18,35.32,44.62,39.04
2016-06-14,37.18,40.9,44.61,35.32,37.18,40.9
2016-06-16,35.32,39.04,46.47,50.19,39.04,37.18
2016-06-20,39.04,40.9,40.9,39.04,42.76,35.32
2016-06-24,40.9,40.9,44.62,50.19,48.33,39.04
2016-06-26,35.32,39.04,39.04,37.18,37.18,35.32
2016-07-02,35.32,37.18,35.32,39.04,33.46,40.9
2016-07-05,37.18,39.04,33.46,42.76,40.9,35.32
2016-07-08,39.04,42.76,42.76,46.47,44.62,40.9
2016-07-11,35.32,37.18,40.9,39.04,37.18,35.32
2016-07-14,37.18,40.9,40.9,37.18,39.04,37.18
2016-07-20,35.32,37.18,39.04,40.9,42.76,39.04
2016-07-24,37.18,39.04,40.9,42.76,39.04,37.18
2016-07-26,35.32,37.18,40.9,39.04,40.9,35.32
2016-07-29,37.18,40.9,40.9,42.76,39.04,37.18
2016-08-03,34.13,39.82,39.82,41.71,37.92,36.02
2016-08-07,32.23,36.02,36.02,39.82,37.92,34.13
2016-08-09,30.34,32.23,34.13,36.02,36.02,32.23
2016-08-13,34.13,36.02,37.92,41.71,37.92,32.23
2016-08-18,32.23,34.13,37.92,39.82,36.02,34.13
2016-08-21,30.34,34.13,36.02,37.92,36.02,32.23
2016-08-23,32.23,36.02,37.92,41.71,37.92,34.13
2016-08-26,34.13,36.02,39.82,41.71,39.82,37.92
2016-08-29,31.13,37.92,41.71,43.61,37.92,34.13
2016-09-02,37.92,41.71,71.71,43.61,41.71,37.92
2016-09-06,32.23,30.34,28.44,30.34,24.65,22.75
2016-09-10,30.34,34.13,36.02,39.82,37.92,32.23
2016-09-12,32.23,36.02,37.92,41.71,39.82,34.13
2016-09-14,34.13,37.92,37.92,43.61,41.71,36.02
2016-09-18,32.23,36.02,39.82,41.71,37.92,34.13
2016-09-22,36.02,36.02,37.92,43.61,41.71,37.92
2016-09-24,34.13,39.82,39.82,41.71,37.92,36.02
2016-09-28,32.23,37.92,37.92,43.61,41.71,34.13
2016-10-05,34.13,39.82,39.82,41.71,37.92,36.02
2016-10-07,36.02,37.92,39.82,45.5,41.71,39.82
2016-10-16,34.13,37.92,41.71,43.61,39.82,36.02
2016-10-18,37.92,37.92,39.82,45.5,43.61,39.82
2016-10-20,39.82,41.71,43.61,43.61,45.5,41.71
2016-10-24,34.13,39.82,39.82,45.5,41.71,37.92
2016-10-29,34.13,34.13,53.09,62.37,56.88,53.09
2016-10-30,36.02,34.13,45.5,54.98,51.19,47.4
2016-11-04,32.23,37.92,37.92,43.61,41.71,36.02
2016-11-10,37.92,39.82,41.71,43.61,39.82,37.92
2016-11-13,36.02,37.92,41.71,41.71,39.82,36.02
2016-11-15,34.13,36.02,39.82,43.61,41.71,37.92
2016-11-19,36.02,37.92,41.71,45.5,43.61,41.71
2016-11-23,37.92,37.92,41.71,43.61,43.61,39.82
2016-11-25,39.82,39.82,43.61,47.4,45.5,41.71
2016-11-28,34.13,37.92,41.71,43.61,43.61,39.82
2016-12-02,36.02,41.71,43.61,47.4,45.5,37.92
2016-12-06,37.92,39.82,43.61,45.5,43.61,41.71
2016-12-11,35.95,41.35,43.14,45.74,43.14,37.75
2016-12-15,37.75,39.55,41.35,43.14,41.35,35.95
2016-12-17,34.16,39.55,39.55,41.35,37.75,34.16
2016-12-21,35.95,41.35,41.35,44.94,43.14,37.75
2016-12-23,34.16,37.75,43.14,46.74,43.14,35.95
2016-12-26,37.75,41.35,43.14,44.94,44.94,39.55
2016-12-29,39.55,44.94,46.74,46.74,43.14,41.35
2017-01-02,37.75,43.14,43.14,46.74,44.94,39.55
2017-01-06,34.16,39.55,44.94,44.94,41.35,37.75
2017-01-11,30.56,32.36,41.35,46.74,44.94,41.35
2017-01-15,34.16,39.55,43.14,44.94,39.55,34.14
2017-01-17,37.75,44.94,48.54,52.13,50.33,43.14
2017-01-21,39.55,43.14,44.94,50.33,44.94,39.55
2017-01-23,35.95,37.75,39.55,44.94,41.35,35.95
2017-01-26,37.75,43.14,43.14,46.74,44.94,39.55
2017-01-31,41.35,41.35,44.94,48.54,46.74,43.14
