"Date","so2.Shift1","so2.Shift2","so2.Shift3","so2.Shift4","so2.Shift5","so2.Shift6"
2005-01-05,4,5.9,4.9,4,2,2
2005-01-08,4.9,4,6.9,7.9,4.9,4
2005-01-11,4,4.9,5.9,6.9,2,4.9
2005-01-13,4.9,6.9,8.9,5.9,4,2
2005-01-16,4.9,6.9,7.9,4.9,2,4
2005-01-21,5.9,4.9,6.9,4,2,2
2005-01-24,4,4.9,5.9,4,2,2
2005-01-27,4.9,6.9,9.9,5.9,4,4.9
2005-02-01,2,4.8,6,4,2,2
2005-02-04,5.5,4.4,9.6,8,4,6
2005-02-06,7,11.2,8,12,4,5
2005-02-09,4,6,5,8,5,4
2005-02-15,5,7,13.1,6,4,2
2005-02-19,4,6,5,7,4,2
2005-02-21,5,7,6,9,4,2
2005-02-24,4,10,8,5,4.5,2
2005-03-01,4.8,7.7,6.8,5.5,5.8,4.6
2005-03-04,5.8,8,14.5,7.4,5.8,4.8
2005-03-07,4.8,4.9,9.6,6.8,4.8,2
2005-03-10,6.7,4.8,7.7,5.8,4.8,2
2005-03-13,4.1,5.8,4.8,7.7,5,2
2005-03-19,5.8,7.7,5.8,4.8,2,2
2005-03-21,5.8,4.4,7.7,6.7,4.8,2
2005-03-23,8.7,6.7,4.8,5.8,2,2
2005-03-28,5.8,7.7,4.8,5.8,2,4.8
2005-04-02,6,6.9,4.3,5.2,2,2
2005-04-05,4.3,5.2,6,4.3,5.2,2
2005-04-08,6,5.2,4.3,4.3,2,2
2005-04-11,4.3,6,5.9,4.3,2,4.3
2005-04-13,4.3,8.6,9.5,5.2,6,4.4
2005-04-17,5.2,4.3,6.9,5.2,4.3,2
2005-04-20,5.2,6.9,6,4.3,5.2,5.5
2005-04-24,6,5.2,7.8,4.3,2,5.2
2005-04-28,5.2,6.9,7.8,6,4.3,4.1
2005-05-03,6,4.3,5.2,5.2,2,2
2005-05-06,4.3,6,2,2,4.3,2
2005-05-12,5.2,4.3,6,6.9,2,4.3
2005-05-14,4.3,6.9,5.2,4.3,2,2
2005-05-16,6,4.3,5.2,4.3,2,2
2005-05-20,6,5.2,6.9,4.3,2,4.6
2005-05-25,5.2,7.7,4.3,2,2,4.3
2005-05-27,5.2,4.3,6,2,2,4.3
2005-05-29,2,5.2,4.3,6,4.3,2
2005-06-03,5.2,6.1,4.4,5.2,4.4,2
2005-06-06,4.4,5.2,4.4,4.4,2,2
2005-06-09,9.6,4.4,6.1,5.2,4.4,2
2005-06-14,5.2,7,4.4,6.1,2,2
2005-06-18,6.1,4.4,5.2,4.4,2,2
2005-06-21,4.4,5.2,5.2,4.4,2,2
2005-06-23,6.1,4.4,4.4,5.2,2,2
2005-06-26,5,5.2,4.4,4.4,2,2
2005-06-29,4.4,4.2,4.4,4,2,2
2005-07-06,4.8,6.2,5.3,4.4,2,2
2005-07-09,5.3,7.1,6.2,4.4,2,2
2005-07-12,4.4,2,5.3,4.4,2,2
2005-07-15,4.7,5.7,8,6.2,2,2
2005-07-18,2,5.9,5.3,6.2,4.4,2
2005-07-21,2,5.3,4.4,6.2,4.4,2
2005-07-24,4.4,5.3,6.1,4.4,2,2
2005-07-28,4.4,4.2,5.3,4.4,2,2
2005-08-03,2,4.6,5.6,4.6,2,2
2005-08-06,4.6,5.6,6.5,4.6,2,2
2005-08-09,5.6,6.5,8.3,4.6,4.6,2
2005-08-12,2,5.6,4.6,6.5,4.6,2
2005-08-17,4.6,5.3,6.5,5.6,4.6,2
2005-08-19,2,4.6,5.6,4.6,2,2
2005-08-22,6.5,5.6,7.4,4.6,2,4.6
2005-08-25,4.6,6.3,4.6,4.6,2,2
2005-08-28,4.6,4.6,5.6,2,2,2
2005-09-03,4.7,5.6,4.7,2,2,4.7
2005-09-06,4.7,6.6,4.7,5.6,2,2
2005-09-09,4.7,6.6,4.7,2,2,4.7
2005-09-12,4.3,4.7,4.7,2,2,2
2005-09-15,4.7,4.8,5.6,6.6,4.7,2
2005-09-19,4.7,5.6,4.7,2,2,4.7
2005-09-21,5.6,4.7,7.5,4.5,2,2
2005-09-25,4.7,5.6,4.7,2,2,4.9
2005-09-27,4.7,6.6,5.6,4.6,2,2
2005-10-04,5.5,5.1,6.4,4.6,2,2
2005-10-06,4.6,5.2,5.9,4.6,2,2
2005-10-09,5.5,6.4,4.6,4.8,2,2
2005-10-14,5.5,4.6,6.4,4.9,2,2
2005-10-19,4.3,4.6,4.8,2,2,2
2005-10-22,2,5.2,4.6,2,2,2
2005-10-24,4.6,4.2,5.5,4.6,2,2
2005-10-26,4.6,5.5,6.4,5.3,2,2
2005-11-03,4,5,5.9,4.9,4,2
2005-11-05,5.9,6.9,7.9,4.9,4,2
2005-11-08,4.9,10.4,7.9,6.9,4.9,5.9
2005-11-11,4.9,6.9,5.9,4.9,4.9,2
2005-11-16,5,6.3,8.9,6.9,4,2
2005-11-18,5.9,4.9,7.9,6.9,4.9,2
2005-11-21,4.9,4,5.9,4.9,2,4
2005-11-24,4,9.2,4.9,4,2,2
2005-11-27,6.9,6.8,4.9,5.8,2,2
2005-12-03,4.8,6.6,7.7,5.7,2,2
2005-12-06,5.7,6.7,7.7,5.7,4.8,2
2005-12-09,6.6,5.7,7.7,4.8,5.7,2
2005-12-12,6.7,7.7,6.7,4.8,2,2
2005-12-16,7.7,5.5,6.7,5.7,2,2
2005-12-18,5.7,8.6,9.6,6.7,4.8,2
2005-12-21,7.7,5.7,8.6,4.8,2,2
2005-12-27,6.7,5.7,11.5,7.7,4.8,2
2005-12-29,5.5,6.7,9.6,8.6,6.7,4.8
2006-01-02,6.3,5.4,8.2,4.8,2,2
2006-01-05,5.4,4.5,7.2,5.4,2,2
2006-01-10,4.5,6.3,5.4,4.5,2,2
2006-01-14,4.5,6.3,5.4,4.5,2,4
2006-01-18,5.4,8.2,6.3,4.5,2,2
2006-01-21,5.9,6.7,5.4,4.6,2,2
2006-01-23,5.4,6.3,4.5,4.5,2,2
2006-01-27,2,6.3,5.4,4.5,2,4.5
2006-01-29,4.5,7.2,5.4,6.3,4.5,2
2006-02-02,4,7.9,6,5,2,2
2006-02-07,4,11.9,5,6,2,2
2006-02-10,5,11.9,6.9,6,2,2
2006-02-12,6,6.9,5,8.9,4,2
2006-02-15,6,9.9,6.9,5,4,2
2006-02-22,6,8.3,5,7.9,4,2
2006-02-25,8.9,4,6,6,2,4
2006-02-27,6.9,5.7,9.9,6,4,2
2006-03-01,5.8,9.7,5.8,4.8,2,2
2006-03-09,4.8,7.8,5.8,6.8,2,2
2006-03-11,4.4,6.8,5.8,4.8,2,2
2006-03-15,4.8,6.8,5.8,2,2,4.8
2006-03-17,5.8,7.8,4.8,6.8,2,2
2006-03-20,6.8,4.8,7.8,5.7,2,2
2006-03-24,7.8,4.8,6.8,5.8,4.8,2
2006-03-26,5.8,9.8,7.8,6.8,4.8,2
2006-03-28,5.8,9.7,6.8,5.8,2,2
2006-04-06,4.5,4.8,7.8,4.8,2,2
2006-04-08,4.7,7.1,5.9,4.2,4.2,2
2006-04-10,4.7,5.5,8.2,2,4.7,2
2006-04-12,5.1,5.9,9.4,11.8,2,4.7
2006-04-18,4.7,8.2,5.9,4.7,2,2
2006-04-21,2,7.1,5.9,4.7,4.7,2
2006-04-23,7.1,4.7,8.2,5.9,2,2
2006-04-26,4.7,7.1,4,4.7,2,2
2006-05-04,6.3,5.2,8.8,6.4,5.1,2
2006-05-06,5.2,2,5.3,7.7,6.7,2
2006-05-08,2,5.2,7.7,6.4,2,2
2006-05-12,5.1,6.4,6.7,2,2,2
2006-05-17,2,7.7,6.4,5.2,2,2
2006-05-20,6.3,5.2,9,7.7,5.2,2
2006-05-23,2,6.4,5.2,2,2,2
2006-05-25,5.1,7.7,6.4,5.2,2,2
2006-05-28,5.1,6.4,7.7,5.2,2,2
2006-06-02,2,8.7,6.7,4.8,2,2
2006-06-06,5.6,2,4.8,4.8,2,2
2006-06-10,2,4.9,6.7,5.7,2,2
2006-06-12,5.7,4.8,6.7,4.8,2,2
2006-06-16,4.7,5.7,2,4.9,2,2
2006-06-19,6.7,4.8,8.6,5.7,2,2
2006-06-22,4.8,5.7,6.7,4.8,2,2
2006-06-25,5.6,4.8,6.7,2,2,2
2006-06-28,6.7,7.7,5.7,8.6,2,4.8
2006-07-06,5.7,4.9,7.8,8.2,2,2
2006-07-08,4.8,5.8,6.8,2,2,2
2006-07-11,4.8,6.8,2,4.9,2,2
2006-07-13,5.7,7.8,4.9,2,2,2
2006-07-17,6.7,4.9,5.8,2,2,2
2006-07-21,5.7,4.9,2,5.8,2,2
2006-07-23,4.8,5.8,4.9,2,2,2
2006-07-26,4.9,6.8,5.8,2,2,4.9
2006-08-03,5.1,4.1,6.1,2,4.1,2
2006-08-05,8.1,6.1,5.1,4.1,2,2
2006-08-07,6.1,5.2,4.1,4.1,5.2,2
2006-08-10,4.1,6.2,4.1,5.2,2,2
2006-08-16,4.1,2,4.1,2,2,2
2006-08-18,6.1,5.2,6.2,4.1,2,2
2006-08-22,5.1,6.2,4.1,2,2,2
2006-08-25,2,6.2,5.2,4.1,2,2
2006-08-27,4.1,5.2,4.1,2,4.1,2
2006-09-02,4.1,2,5.3,4.3,2,2
2006-09-05,4.1,5.3,5.3,4.3,2,2
2006-09-08,2,6.4,5.3,4.1,2,2
2006-09-11,4.1,5.3,4.3,2,2,2
2006-09-14,6.1,5.3,4.3,6.4,2,2
2006-09-19,5.1,2,6.4,4.3,4.3,2
2006-09-22,2,4.3,4.3,2,2,2
2006-09-24,5.3,5.5,4.3,2,2,4.3
2006-09-27,6.1,4.6,4.3,7.5,2,4.3
2006-10-05,2,6.3,6.5,5.4,4.3,2
2006-10-07,4.2,6.5,5.4,2,2,4.3
2006-10-10,6.5,8.7,7.6,5.4,2,4.3
2006-10-13,4.2,5,6.5,5.4,4.3,2
2006-10-15,5.2,9.8,4.3,4.7,2,2
2006-10-18,6.2,7.6,5.4,4.3,2,2
2006-10-24,4.3,6.7,6.5,5.4,2,2
2006-10-27,5.2,4.3,6.5,6.9,2,2
2006-10-30,5.4,2,4.3,5.4,2,2
2006-11-04,4.8,7.1,5.1,2,2,2
2006-11-06,5.1,9,5.1,6.1,2,2
2006-11-09,4.8,6.1,2,5.1,2,2
2006-11-13,6.1,5.2,5.1,2,2,2
2006-11-17,5.1,6.2,7.1,5.1,2,2
2006-11-19,7.1,7.3,12.1,6.1,5.1,2
2006-11-22,6.6,6.1,12.1,5.1,2,2
2006-11-26,5.8,5.2,2,5.8,2,2
2006-11-28,5.1,6.1,10.1,13.1,4.4,2
2006-12-05,4.2,10.9,5.4,6.5,4.3,2
2006-12-07,5.2,6.3,8.7,6.5,4.3,2
2006-12-10,6.2,9.8,12,4.3,5.4,2
2006-12-15,6.2,5.4,4.3,7.6,2,2
2006-12-18,7.3,5.3,5.4,6.5,2,4.3
2006-12-23,6.5,5.4,4.3,2,4.3,2
2006-12-27,4.2,5.4,7.6,6.5,4.3,2
2006-12-29,4.2,9.4,5.4,5.4,2,2
2007-01-04,5.3,2,4.6,2,2,2
2007-01-06,5.6,6.5,7.4,4.6,4.6,2
2007-01-09,6.2,5.6,8.3,10.2,4.6,2
2007-01-12,8.3,11.1,9.3,7.4,4.6,2
2007-01-15,8,5.7,13,9.3,4.6,2
2007-01-18,4.4,5.5,6.5,4.6,2,2
2007-01-21,6.5,4.6,5.6,2,4.6,2
2007-01-24,5.6,12,4.6,5.6,6.5,6.1
2007-01-29,9.7,6.5,13,5.6,2,4.6
2007-02-03,6.6,12,2,9.7,7.5,2
2007-02-06,6.3,8.6,8.5,5.6,4.7,2
2007-02-09,5.4,7.5,11.3,5.6,4.7,2
2007-02-12,7.5,5.6,9.4,11.3,6,5.6
2007-02-15,5.6,8.6,8.5,5.6,4.7,5.8
2007-02-18,7.5,5.6,8.5,6.6,2,2
2007-02-21,9.4,8.5,6.6,7.5,4.7,2
2007-02-25,5.4,4.7,6.6,2,2,2
2007-03-01,6.4,4.6,5.5,2,4.5,2
2007-03-07,7.8,9.1,6.4,4.6,5.5,2
2007-03-10,8.7,7.3,8.2,5.5,4.6,4.6
2007-03-13,7.3,7.3,5.5,6.4,4.6,2
2007-03-16,6.1,5.5,5.5,4.6,2,2
2007-03-19,5.2,7.3,4.6,6.4,5.5,2
2007-03-22,4.6,6.4,5.5,4.6,2,2
2007-03-25,6.1,5.5,4.6,4.6,2,2
2007-03-27,7.8,7.3,5.5,4.6,4.6,2
2007-04-05,7,8.2,6.4,6.4,5.5,4.6
2007-04-07,8.7,5.5,6.4,4.6,5.5,4.6
2007-04-10,6.9,5.9,8.2,6.3,5.4,4.5
2007-04-13,7.8,5.4,6.3,2,4.5,2
2007-04-16,7.2,6.3,5.4,8.1,5.4,4.5
2007-04-19,6.1,7.2,6.3,5.4,4.5,4.5
2007-04-22,7.8,6.3,7.2,5.4,4.5,2
2007-04-25,8.7,6.3,7.2,6.3,5.4,5.4
2007-05-03,6.4,7.8,10,5.6,5.6,4.5
2007-05-05,7.5,5.6,6.7,4.5,2,2
2007-05-09,6.4,4.5,5.6,7.8,4.5,2
2007-05-12,4.3,7.8,5.6,5.6,4.5,2
2007-05-15,6.4,4.5,7.8,5.6,2,2
2007-05-18,6.4,11.1,6.7,5.6,4.5,2
2007-05-21,8.5,5.6,6.7,10,12.2,4.5
2007-05-24,10.7,6.7,4.5,5.6,2,8.9
2007-05-27,6.4,5.6,7.8,4.5,2,4.5
2007-06-02,5.2,6.6,5.5,4.4,4.4,2
2007-06-05,4.2,6.6,4.4,2,2,4.4
2007-06-08,6.3,5.5,4.4,4.4,2,4.4
2007-06-11,4.2,6.6,5.5,4.4,2,4.4
2007-06-14,5.2,6.6,8.8,7.7,5.5,4.4
2007-06-17,6.6,4.4,5.5,2,4.4,2
2007-06-22,4.2,4.4,5.5,6.6,5.5,4.4
2007-06-25,6.3,4.4,4.4,5.5,6.6,5.5
2007-06-27,4.2,5.5,6.6,4.4,5.5,6.6
2007-07-02,4.2,5.5,8.8,6.6,5.5,4.4
2007-07-04,2,6.6,7.6,5.5,4.4,8.4
2007-07-09,6.9,6.2,4.1,5.2,6.2,4.7
2007-07-14,6.9,6.2,5.1,5.1,4.1,5.1
2007-07-17,4.9,4.1,6.2,5.1,2,4.1
2007-07-20,5.9,4.1,5.1,2,4.1,2
2007-07-22,4.9,4.1,2,2,5.1,4.1
2007-07-26,2,6.2,4.1,2,2,4.1
2007-07-29,4.9,7.2,6.2,5.1,4.1,2
2007-08-04,4.8,6,2,7,8,5
2007-08-06,4.8,9.8,7,6,8,5
2007-08-10,5.7,7,6,5,2,2
2007-08-13,6.7,5,2,2,6,2
2007-08-18,5.7,2,5,2,2,2
2007-08-21,7.6,6,6,5,2,2
2007-08-23,7.6,6,7,5,5,2
2007-08-26,7.6,7,6,6,5,2
2007-08-29,5.7,7,5,6,6,2
2007-09-06,6.7,6,5,2,5,2
2007-09-08,8.3,6.5,7.4,4.6,5.6,2
2007-09-11,7.9,5.6,5.6,4.6,2,2
2007-09-14,7.1,8.3,6.5,5.6,2,2
2007-09-16,7.1,6.5,8.3,7.4,5.6,4.6
2007-09-21,6.2,5.6,7.4,4.6,6.5,4.6
2007-09-24,5.6,2,4.6,2,2,2
2007-09-26,6.5,5.6,4.6,2,4.6,2
2007-10-03,7.1,8.3,7.4,6.5,4.6,5.6
2007-10-05,8.3,7.4,9.3,8.3,7.4,6.5
2007-10-11,8.9,8.3,8.3,7.4,6.5,7.4
2007-10-13,9,10.1,8,7,8,5
2007-10-15,8,9,7,8,6,5
2007-10-17,8.7,8,10.1,9,7,2
2007-10-24,7.7,9,11.1,12.1,6,5
2007-10-26,9.6,8,12.1,10.1,9,7
2007-10-28,8.7,10.1,11.1,12.1,8,7
2007-10-30,9.6,9,12.1,10.1,9,8
2007-11-06,10.1,8,9,7,6,7
2007-11-08,12.3,10.1,9,11.2,7.9,6.7
2007-11-14,13.5,9,11.2,10.1,6.7,5.6
2007-11-16,11.8,10.1,9,11.2,7.9,6.7
2007-11-18,11.2,9,13.5,10.1,9,6.7
2007-11-24,14,14.7,11.2,5.6,10.1,7.9
2007-11-26,11.8,13.5,11.2,10.1,9,7.9
2007-11-28,14,12.3,11.2,6.9,10.1,8.6
2007-12-05,10.8,11.2,13.5,10.1,11.3,10.9
2007-12-07,13.2,12.5,11.3,13.8,10,8.8
2007-12-10,10.8,13.8,12.5,10,8.8,7.5
2007-12-15,13.2,12.5,13.8,11.3,10,8.8
2007-12-18,12,10.8,11.3,12.5,8.8,9.1
2007-12-20,13.2,10,8.8,11.3,7.5,6.3
2007-12-23,10.8,10,12.5,11.3,8.8,7.5
2007-12-27,11.3,12.5,10,8.8,7.5,6.4
2007-12-30,6.8,11.3,12.5,10,7.5,6.3
2008-01-05,11.5,10.9,9.8,8.7,6.5,7.6
2008-01-07,13.5,15.2,12,9.8,7.6,6.7
2008-01-11,15.6,14.1,10.9,12,9.8,6.5
2008-01-13,11.5,15.2,13,9.8,8.7,7.6
2008-01-15,11.8,15.2,18.5,8.7,9.8,6.7
2008-01-24,9.4,10.9,12,14.1,7.6,6.5
2008-01-26,12.5,8.3,10.9,15.2,6.5,5.4
2008-01-28,13.5,12,16.3,10.9,7.6,6.5
2008-01-30,15.6,10.9,14.1,15.2,8.7,7.6
2008-02-07,11.7,13.3,15.5,10,8.9,5.5
2008-02-09,9.6,12.2,14.4,8.9,11.1,6.6
2008-02-13,8.5,14.4,12.2,11.1,8.9,7.8
2008-02-15,10.6,13.3,15.5,11.5,10.2,5.5
2008-02-17,10,12.2,14.4,10,8.9,7.8
2008-02-19,8.9,13.3,11.1,10,6.6,5.5
2008-02-25,10.6,10,13.3,12.2,7.8,6.6
2008-02-27,9.6,11.1,13.3,8,6.6,5.5
2008-03-06,7.5,8.8,7.8,6.8,5.9,2
2008-03-08,8.4,6.8,9.8,5.9,6.8,5.9
2008-03-11,9.4,7.8,8.8,9.8,7.8,6.8
2008-03-14,9.8,8.8,10.7,7.8,5.9,6.8
2008-03-16,10.7,6.8,9.8,8.8,7.8,5.9
2008-03-19,9.4,8.8,7.8,9.8,4.8,6.8
2008-03-24,8.4,9.8,8.8,10.7,10.5,5.9
2008-03-29,10.3,8.8,7.8,6.8,6,4.9
2008-03-31,9.4,7.8,9.8,10.7,6.8,5.9
2008-04-05,9.8,8.7,7.6,8.7,5.4,4.3
2008-04-07,9.4,8.7,9.8,8.7,6.5,5.4
2008-04-09,7.6,6.5,8.7,9.8,5.4,6.5
2008-04-15,9.4,8.7,6.5,9.8,4.3,5.4
2008-04-17,6.3,8.7,7.6,6.5,5.4,4.3
2008-04-20,8.7,9.8,10.9,8.7,7.6,6.5
2008-04-25,7.3,8.7,4.3,7.6,6.5,5.4
2008-05-01,8.1,9.2,10.4,8.1,6.9,5.8
2008-05-03,6.9,8.1,10.4,9.2,5.8,4.6
2008-05-07,9.2,6.9,9.2,8.1,6.9,5.8
2008-05-09,8.1,5.8,8.1,9.2,10.4,4.6
2008-05-12,6.6,8.1,10.4,9.2,6.9,5.8
2008-05-14,8.8,6.9,8.1,10.4,11.5,4.6
2008-05-20,9.9,9.2,8.1,10.4,6.9,5.8
2008-05-22,8.1,10.4,9.2,10.4,5.8,4.6
2008-05-25,9.2,8.1,6.9,8.1,5.8,4.6
2008-05-27,8.1,9.2,10.4,6.9,4.6,2
2008-06-05,6.3,7.4,9.5,8.4,6.3,4.2
2008-06-07,7.4,8.4,6.3,4.2,5.3,2
2008-06-10,6.1,7.4,8.4,5.3,4.2,2
2008-06-13,7.4,5.3,6.3,5.2,4.2,2
2008-06-15,8.4,7.4,9.5,5.3,4.2,2
2008-06-21,7.4,6.3,7.4,8.4,5.3,4.2
2008-06-23,8.1,7.4,8.4,6.3,4.2,5.3
2008-06-25,7.4,8.4,10.5,9.5,5.3,4.2
2008-07-03,6.5,8.7,7.6,9.8,6.5,5.4
2008-07-05,7.6,9.8,8.7,10.9,7.6,4.3
2008-07-07,6.3,7.6,9.8,10.9,6.5,5.4
2008-07-09,7.6,8.7,7.6,5.4,4.3,2
2008-07-13,6.5,7.6,8.7,6.5,4.3,5.4
2008-07-15,7.6,8.7,6.5,5.4,4.3,2
2008-07-23,8.7,9.8,7.6,5.4,6.5,4.3
2008-07-25,7.6,8.7,7.6,9.8,5.4,2
2008-07-27,6.5,7.6,9.8,8.7,6.5,4.3
2008-07-29,7.6,8.7,9.8,8.6,5.4,4.3
2008-08-07,7.6,8.7,6.5,7.6,4.3,5.4
2008-08-09,6.5,7.6,8.7,9.8,6.5,4.3
2008-08-12,7.6,8.7,9.8,6.5,5.4,4.3
2008-08-14,6.5,7.6,9.8,8.7,6.5,5.4
2008-08-18,7.6,8.7,9.8,7.6,5.4,4.3
2008-08-22,6.5,7.6,8.7,9.8,6.5,5.4
2008-08-24,7.6,8.7,9.8,10.9,6.5,5.4
2008-08-27,6.5,7.6,8.7,10.9,4.3,2
2008-09-04,7.5,9.7,8.6,6.4,5.4,4.3
2008-09-06,6.4,7.5,9.7,8.6,6.4,5.4
2008-09-09,7.5,8.6,9.7,6.4,5.4,4.3
2008-09-11,6.4,7.5,8.6,10.7,6.4,5.4
2008-09-14,7.5,8.6,9.7,6.4,5.4,4.3
2008-09-17,6.4,7.5,8.6,5.4,6.4,5.3
2008-09-22,7.5,8.6,9.7,6.4,5.4,4.3
2008-09-26,6.4,7.5,8.6,5.4,4.3,2
2008-09-28,7.5,8.6,9.7,6.4,4.3,2
2008-10-03,7.5,9.7,10.7,8.6,5.4,4.3
2008-10-05,10.4,11.7,14.3,9.1,5.2,2
2008-10-11,9.1,10.4,11.7,7.8,6.5,2
2008-10-13,7.8,9.1,11.7,13,7.7,6.5
2008-10-16,9.1,10.4,13,11.7,6.5,5.2
2008-10-21,7.8,9.1,11.7,14.3,7.8,6.5
2008-10-24,9.1,10.4,13,14.3,6.5,5.2
2008-10-27,10.4,8.3,15.6,16.9,7.8,6.5
2008-10-29,9.1,10.4,14.3,15.6,6.5,5.2
2008-11-05,8.6,9.7,11.8,17.2,6.4,5.4
2008-11-08,7.5,8.6,14,18.3,7.5,6.4
2008-11-11,6.4,7.5,9.7,16.1,5.4,4.3
2008-11-14,7.5,8.6,10.7,12.9,6.4,5.4
2008-11-17,8.6,9.7,14,12.9,7.5,6.4
2008-11-21,9.7,12.9,11.8,10.7,6.4,5.4
2008-11-23,8.6,11.8,16.1,9.7,7.5,6.4
2008-11-27,9.7,12.9,15,8.6,6.4,5.4
2008-12-03,9.2,13.7,16,18.3,5.7,4.6
2008-12-05,10.3,12.6,14.9,11.4,6.9,5.7
2008-12-09,9.2,10.3,12.6,9.2,8,6.9
2008-12-13,9.2,11.4,14.9,19.5,9.2,8
2008-12-15,8,11.4,13.7,9.2,8,6.9
2008-12-18,10.3,10.3,12.6,14.9,11.4,10.3
2008-12-21,11.4,12.6,13.7,10.3,9.2,8
2008-12-24,10.3,11.4,14.9,12.6,10.3,9.2
2008-12-28,9.2,12.6,17.2,9.2,8,6.9
2009-01-03,8.6,9.7,8.6,10.7,10.7,7.5
2009-01-05,8.6,7.5,9.7,10.7,12.9,7.5
2009-01-08,7.5,9.7,10.7,14,9.7,7.5
2009-01-11,12.9,15,17.2,14,9.7,9.7
2009-01-15,9.7,14,20.4,19.3,12.9,10.7
2009-01-20,10.7,11.8,12.9,15,14,9.7
2009-01-23,9.7,10.7,12.9,17.2,14,11.8
2009-01-26,9.7,11.8,14,18.3,15,10.7
2009-01-28,7.5,9.7,12.9,14,17.2,11.8
2009-02-03,9.7,12.9,16.1,19.3,15,11.8
2009-02-07,10.1,13.1,16.2,19.2,22.2,12.1
2009-02-09,9.1,11.1,14.2,16.2,18.2,13.1
2009-02-13,9.1,11.1,14.2,16.2,19.2,15.2
2009-02-15,12.1,14.2,18.2,21.2,22.2,15.2
2009-02-19,11.1,13.1,17.2,19.2,20.2,15.2
2009-02-25,12.1,14.2,15.2,17.2,19.2,15.2
2009-02-27,11.1,12.1,14.2,16.2,17.2,13.1
2009-03-03,10.1,10.1,12.1,13.1,12.1,11.1
2009-03-07,12,14.1,14.1,15.2,16.3,13
2009-03-09,13,14.1,16.3,18.5,15.2,13
2009-03-13,10.9,13,13,16.3,14.1,13
2009-03-15,10.9,13,14.1,15.2,15.2,13
2009-03-18,10.9,12,13,15.2,14.1,13
2009-03-23,12,13,16.3,16.3,14.1,12
2009-03-26,10.9,12,13,15.2,14.1,12
2009-03-29,10.9,12,13,14.1,13,12
2009-04-03,9.8,10.9,13,14.1,14.1,12
2009-04-09,8.9,10,12.3,14.5,13.4,12.3
2009-04-11,8.9,10,11.1,14.5,13.4,10.9
2009-04-14,10.9,11.1,12.3,14.5,13.4,12.3
2009-04-20,10.9,12.3,14.5,16.3,13.4,12.3
2009-04-26,8.9,10,12.3,15.6,14.5,13.4
2009-04-29,10,11.1,11.1,14.5,14.5,12.3
2009-05-03,6.41,9.62,11.4,14.96,7.48,7.48
2009-05-08,5.24,6.41,8.03,7.03,10.04,8.03
2009-05-11,6.41,7.8,8.38,6.29,5.24,5.24
2009-05-14,7.48,8.92,9.43,8.38,6.29,6.29
2009-05-19,5.34,6.69,7.33,8.38,6.29,4.19
2009-05-23,6.41,7.8,8.38,9.43,7.33,5.24
2009-05-27,5.34,6.69,8.38,9.43,6.34,5.24
2009-05-30,6.7,8.9,9.4,10.5,7.3,6.3
2009-06-02,5.2,7.3,8.4,9.4,7.3,6.3
2009-06-06,5.5,6.7,8.9,7.8,10,7.8
2009-06-08,5.5,6.7,7.8,10,7.8,5.5
2009-06-11,4.4,5.5,8.9,7.8,6.7,5.5
2009-06-17,5.5,7.8,10,10,7.8,6.7
2009-06-19,6.4,8.9,10,10,8.9,7.8
2009-06-21,5.5,7.8,10,12.2,10,7.8
2009-06-24,5.5,8.9,8.9,10,7.8,6.7
2009-06-29,5.5,7.8,6.7,8.9,7.8,5.5
2009-07-04,4.4,6.7,7.8,7.8,5.5,5.5
2009-07-06,2,5.7,6.9,8,5.7,4.6
2009-07-09,4.6,5.7,8,6.7,5.7,4.6
2009-07-15,2,4.6,5.7,5.7,4.6,4.6
2009-07-18,4.6,5.7,6.9,6.9,4.6,4.6
2009-07-21,5.7,6.9,6.9,8,5.7,4.6
2009-07-24,4.6,5.7,10.3,9.2,6.9,4.6
2009-07-26,5.7,6.9,9.2,10.3,8,5.7
2009-07-30,4.6,5.7,6.9,5.7,4.6,2
2009-08-03,5.6,5.7,6.4,7.8,4.6,4.6
2009-08-07,4.6,6.9,6.9,8,5.7,4.6
2009-08-09,4.3,5.4,7.5,6.4,6.4,5.4
2009-08-12,4.3,6.4,7.5,7.5,6.4,5.7
2009-08-18,4.3,6.4,6.4,5.4,5.4,4.3
2009-08-22,4.3,6.4,6.4,5.4,4.3,4.3
2009-08-24,4.3,5.4,6.4,6.4,4.3,4.3
2009-08-27,5.1,5.4,7.4,6.4,5.4,4.3
2009-08-30,5.4,6.4,7.5,6.4,5.4,5.4
2009-09-05,4.3,5.4,6.4,5.4,4.3,2
2009-09-07,2,4.4,6.5,5.4,4.4,2
2009-09-10,4.4,5.4,7.6,6.5,5.4,4.4
2009-09-14,5.4,6.5,7.6,8.7,6.5,5.4
2009-09-18,6.5,7.6,8.7,7.6,7.6,5.4
2009-09-20,5.4,6.5,7.6,7.6,6.5,5.4
2009-09-22,6.5,7.6,8.7,9.8,7.6,5.4
2009-09-30,6.5,8.7,7.6,8.7,6.5,5.4
2009-10-03,5.4,6.5,7.6,8.7,7.6,6.5
2009-10-06,4.4,6.5,8.7,7.6,6.5,5.4
2009-10-09,5.4,7.6,7.6,8.6,6.5,5.4
2009-10-12,6.5,7.6,9.7,8.6,7.6,6.5
2009-10-15,7.6,8,10.8,10.8,7.6,6.5
2009-10-21,6.5,8.6,9.7,10.8,8.6,6.5
2009-10-23,7.6,8.6,11.9,15.1,10.8,8.6
2009-10-25,7.6,9.7,11.9,13,9.7,7.6
2009-10-29,6.5,8.6,10.8,11.9,9.7,7.6
2009-11-03,6.5,8.6,10.8,11.9,9.7,7.6
2009-11-06,6.5,7.6,8.6,10.8,8.6,7.6
2009-11-11,7.3,9.4,10.5,12.6,9.4,8.4
2009-11-14,6.3,8.4,9.4,10.5,9.4,8.4
2009-11-16,7.3,8.4,8.4,11.5,9.4,8.4
2009-11-19,6.3,7.3,9.4,10.5,8.4,8.4
2009-11-22,7.3,8.4,10.5,11.5,9.4,7.3
2009-11-24,7.3,9.4,10.5,11.5,8.4,7.3
2009-11-30,7.3,9.4,10.5,12.6,10.5,8.4
2009-12-05,9.3,9.4,10.5,12.6,9.4,8.4
2009-12-07,7,10.5,11.5,12.6,10.5,8.4
2009-12-10,8.8,9.8,15.3,14.2,12,9.8
2009-12-13,8.8,10.9,14.2,15.3,13.1,9.8
2009-12-15,8.8,12,14.2,14.2,13.1,10.9
2009-12-23,6.6,10.8,12,13.1,12,8.8
2009-12-25,8.6,8.8,10.9,12,9.8,8.8
2009-12-29,8.8,12.2,13.1,13.1,10.9,8.8
2010-01-01,6.6,7.7,12,14.2,10.9,8.8
2010-01-03,7.7,9.8,12,13.1,10.9,9.8
2010-01-08,6.4,8.5,12.7,12.7,11,7.3
2010-01-12,6.1,7.4,11.7,11.7,10.6,7.4
2010-01-14,6.4,8.5,10.6,12.7,11.7,8.5
2010-01-18,6.4,7.4,9.5,11.7,10.6,9.5
2010-01-23,7.4,10,10.5,10.6,10.6,9.5
2010-01-27,6.4,8.5,9.5,10.6,10.6,8.5
2010-01-30,7.4,8.5,10.6,11.7,10.6,9.5
2010-02-02,7.4,9.5,10.6,12.7,10.6,9.5
2010-02-04,8.5,8.5,11.7,10.6,8.5,7.4
2010-02-10,8.6,10.8,11.9,13,8.6,7.6
2010-02-12,7.6,8.6,10.8,10.8,9.7,7.6
2010-02-14,6.5,7.6,9.7,10.8,8.6,7.6
2010-02-20,7.6,8.6,10.8,10.8,9.7,7.6
2010-02-22,8.6,9.7,10.8,10.8,9.7,8.6
2010-02-24,7.6,8.6,10.8,9.7,9.7,7.6
2010-03-04,7.6,8.6,10.8,9.7,8.6,7.6
2010-03-06,6.5,9.7,9.7,8.6,7.6,7.6
2010-03-09,6.1,11.7,10.2,9.2,8.1,7.1
2010-03-11,7.1,10.2,10.2,9.2,8.1,7.1
2010-03-17,6.1,8.1,11.2,9.2,8.1,6.1
2010-03-19,7.1,10.2,13.2,11.2,10.2,8.1
2010-03-22,6.1,8.1,10.2,10.2,9.2,8.1
2010-03-26,6.1,8.1,10.2,9.2,9.2,7.2
2010-03-28,7.1,9.2,12.2,10.2,9.2,7.1
2010-04-02,7.1,8.1,11.2,12.2,10.2,9.2
2010-04-08,7.2,9.2,10.2,11.3,9.2,8.2
2010-04-10,7.2,10.2,11.3,11.3,10.2,8.2
2010-04-12,6.1,8.2,10.2,10.2,8.2,7.2
2010-04-17,7.2,9.2,9.2,11.3,8.2,8.2
2010-04-20,7.2,8.2,11.3,12.3,10.2,9.2
2010-04-23,6.5,9.7,9.2,9.2,8.2,7.2
2010-04-25,6.1,8.2,9.2,11.3,9.2,7.2
2010-04-28,7.2,7.2,8.2,10.2,9.2,7.2
2010-05-05,5.1,6.1,7.2,9.2,8.2,6.1
2010-05-07,5.4,6.5,7.6,8.6,7.6,6.5
2010-05-11,6.5,7.6,9.7,8.6,7.6,6.5
2010-05-13,7.6,7.6,10.8,9.7,7.6,6.5
2010-05-16,6.5,9.7,9.7,10.8,8.6,7.6
2010-05-21,5.4,8.6,10.8,8.6,7.6,6.5
2010-05-24,6.5,9,10.3,8.6,8.6,6.5
2010-05-29,6.5,8.6,9.7,11.9,9.7,7.6
2010-05-31,7.6,10.8,9.7,13,9.7,7.6
2010-06-02,6.5,7.6,8.6,10.8,8.6,7.6
2010-06-10,5.4,7.1,8.7,9.8,8.7,6.5
2010-06-12,5.4,7.6,9.8,8.7,7.6,5.4
2010-06-14,5.4,6.9,8.7,9,6.5,6.1
2010-06-18,5.4,7.6,9.8,8.7,7.6,6.5
2010-06-22,4.3,5.4,8.7,7.6,6.5,5.4
2010-06-25,4.3,6.5,10.9,7.6,6.5,5.4
2010-06-27,5.4,6.5,7.6,9.4,7.6,5.4
2010-07-01,6.5,7.6,8.7,9.8,8.7,6.5
2010-07-07,5.3,6.4,7.4,7.4,6.4,5.3
2010-07-09,6.4,7.4,9.5,6.4,6.4,5.3
2010-07-13,5.3,6.4,7.4,6.4,6.4,4.2
2010-07-15,6.4,8.5,7.4,7.4,5.3,5.3
2010-07-18,5.3,6.4,9.5,8.5,6.4,5.3
2010-07-24,6.4,8.5,6.4,5.3,5.3,4.2
2010-07-26,4.2,6.4,7.4,6.4,5.3,4.2
2010-07-30,8.1,5.3,6.4,6.4,5.3,4.2
2010-08-02,4.2,6.4,8.5,9.5,6.4,5.3
2010-08-06,5.3,6.4,7.4,8.5,6.4,5.3
2010-08-08,6.4,8.5,8.5,11.7,8.5,6.4
2010-08-13,5.3,8.5,7.4,9.5,7.4,6.4
2010-08-19,4.2,5.3,7,6.4,5.3,4.2
2010-08-21,5.3,6.4,6.4,7.4,6.4,5.3
2010-08-25,5.3,7.4,7.4,7.4,5.3,5.3
2010-08-28,4.2,6.4,6.4,8.5,6.4,4.2
2010-08-31,5.3,6.4,7.4,7.4,6.4,5.3
2010-09-04,5.3,6.4,6.4,6.4,6.4,5.3
2010-09-06,4.2,6.4,7.4,6.4,5.3,5.3
2010-09-10,4.1,6.2,7.2,7.2,6.2,5.2
2010-09-12,5.2,6.2,8.3,8.3,7.2,5.2
2010-09-18,4.1,5.2,6.2,5.2,5.2,4.1
2010-09-21,5.2,5.2,6.2,6.2,6.2,6
2010-09-23,5.2,7.2,7.2,7.2,6.2,5.2
2010-09-27,5.2,8.3,9.3,7.2,7.2,6.2
2010-09-29,6.2,7.2,8.3,8.7,8.3,6.2
2010-10-03,6.1,7.1,8.1,8.5,8.1,6.1
2010-10-08,5.1,6.1,8.1,8.1,7.1,5.1
2010-10-11,6.1,7.1,9.2,10.2,8.1,6.1
2010-10-13,7.1,9.2,10.2,10.2,8.1,7.1
2010-10-21,5.1,9.2,8.1,10.2,7.1,6.1
2010-10-23,6.1,9.2,8.1,9.2,8.1,6.1
2010-10-26,7.1,10.2,9.2,10.2,9.2,6.1
2010-10-29,6.1,8.1,8.1,10.2,9.2,7.1
2010-11-01,6.1,8.1,9.2,9.2,8.1,5.1
2010-11-05,7.1,9.2,12.2,18.3,19.3,12.2
2010-11-09,6.1,8.1,9.2,9.2,7.1,6.1
2010-11-11,6.1,9.2,8.1,9.2,8.1,6.1
2010-11-17,7.1,9.2,10.2,9.2,9.2,7.1
2010-11-20,6.1,8.1,9.2,10.2,9.2,6.1
2010-11-22,7.1,9.2,10.2,10.2,8.1,6.1
2010-11-26,6.1,7.1,10.2,9.2,8.1,7.1
2010-11-28,7.1,9.2,10.2,12.2,8.1,6.1
2010-12-01,5.1,8.1,9.2,10.2,9.2,6.1
2010-12-05,6.1,8.1,8.1,8.1,7.1,6.1
2010-12-09,5.4,9.7,8.6,8.6,7.6,6.5
2010-12-13,7.6,8.6,9.7,13,8.6,7.6
2010-12-18,6.5,9.7,10.8,11.9,9.7,7.6
2010-12-21,7.6,8.6,11.9,10.8,8.6,7.6
2010-12-24,7.6,11.9,13,10.8,9.7,8.6
2010-12-27,8.6,9.7,13,11.9,9.7,8.6
2010-12-29,7.6,8.6,10.8,11.9,9.78,7.6
2011-01-05,7.6,8.6,10.8,10.8,8.6,7.6
2011-01-07,8.3,9.7,11.9,10.8,8.6,6.5
2011-01-09,6.6,8,11.5,12,9,6
2011-01-11,6.6,12,12,11,9,7
2011-01-17,8,9,10,10,8,7
2011-01-20,7,8,9,10,7,7
2011-01-27,6,7,10,9,8,6
2011-01-29,7,9,10,10,9,6
2011-02-02,6.3,8,9,9,7,6
2011-02-04,6.3,9,10,10,9,6
2011-02-10,5.4,9.3,10.3,10.3,8.2,6.2
2011-02-12,6.2,8.2,10.3,10.3,8.2,7.2
2011-02-15,5.2,7.2,8.2,9.3,7.2,6.2
2011-02-17,5.2,7.2,8.2,7.2,6.2,5.2
2011-02-21,6.2,6.2,7.2,8.2,5.2,4.1
2011-02-25,5.2,9.3,8.2,10.3,7.2,5.2
2011-02-27,4.1,5.2,6.2,6.2,6.2,4.1
2011-03-05,6.2,10.3,9.3,9.3,8.2,6.2
2011-03-09,5.1,7.2,8.2,8.2,6.1,5.1
2011-03-11,5.1,8.2,8.6,5.1,5.1,4.1
2011-03-13,6.1,7.2,7.2,6.1,5.1,5.1
2011-03-17,5.1,6.1,7.2,6.1,5.1,5.1
2011-03-21,6.1,7.2,8.2,9.2,6.1,5.1
2011-03-25,5.1,8.2,8.2,7.2,7.2,5.1
2011-03-29,4.1,6.1,7.2,7.2,5.1,5.1
2011-03-31,6.1,9.2,7.2,8.2,6.1,5.1
2011-04-04,5.1,7.2,7.2,8.2,7.2,6.1
2011-04-07,6.1,8.2,9.2,8.2,7.2,6.1
2011-04-10,6.5,8.6,8.6,9.7,6.5,5.4
2011-04-12,5.4,7.6,8.6,8.6,6.5,6.5
2011-04-20,4.3,7.6,7.6,10.8,5.4,4.3
2011-04-22,4.3,6.5,8.6,7.6,6.5,4.3
2011-04-25,4.3,5.4,5.4,4.3,5.4,2
2011-04-30,5.4,8.6,7.6,8.6,5.4,4.3
2011-05-03,2,5.4,5.4,6.5,5.4,2
2011-05-05,5.4,7.6,9.7,9.7,8.6,5.4
2011-05-09,2,5.1,5.1,7.1,6.1,4.1
2011-05-11,4.1,7.1,5.8,5.1,7.1,5.1
2011-05-15,5.1,7.1,6.1,7.1,7.1,4.1
2011-05-21,5.1,6.1,6.3,5.1,5.1,4.1
2011-05-24,4.1,6.1,8.1,8.1,7.1,5.1
2011-05-27,4.1,5.1,6.1,8.1,4.1,4.1
2011-05-30,5.1,7.1,5.1,7.1,6.1,4.1
2011-06-03,2,6.1,7.1,5.1,5.1,4.1
2011-06-07,5.1,5.1,7.1,6.1,4.1,4.1
2011-06-09,2,6.1,5.1,6.1,4.1,4.1
2011-06-12,5.3,5.3,7.4,6.4,4.2,4.2
2011-06-15,2,6.4,7.4,6.4,4.2,2
2011-06-20,5.3,6.4,6.4,5.3,5.3,4.2
2011-06-25,2,4.2,7.4,8.5,5.3,4.2
2011-06-28,5.3,5.3,7.4,6.4,4.2,4.2
2011-06-30,2,5.3,5.3,6.4,5.3,4.2
2011-08-04,6.2,7.2,7.2,6.2,7.2,5.2
2011-08-06,4.1,6.2,6.2,5.2,4.1,4.1
2011-08-08,4.2,5.3,5.3,5.3,4.2,4.2
2011-08-12,4.2,6.4,6.4,4.2,2,2
2011-08-16,5.3,8.5,6.4,4.2,4.2,2
2011-08-18,5.3,6.4,6.4,7.4,6.4,5.3
2011-08-24,6.4,6.4,7.4,7.4,5.3,5
2011-08-26,4.2,5.3,5.3,5.3,6.4,4.2
2011-08-28,4.4,7.1,6.4,5.8,5.7,4.2
2011-09-02,4.3,6.4,5.3,6.4,5.3,4.2
2011-09-04,4.2,5.3,5.3,6.4,4.2,4.2
2011-09-08,4.3,6.4,5.3,4.2,4.2,4.2
2011-09-12,4,5,5,5,4,4
2011-09-14,5,5,6,6,4,7
2011-09-19,5,6,6,7,6,5
2011-09-24,6,9,7,6,5,5
2011-09-27,6.1,7,8,10,7,6
2011-09-29,5,8,10,9,8,6
2011-10-02,7,8,10,11,8,6
2011-10-08,7,11,13,14,10,7
2011-10-11,6.6,8.6,7.6,8.6,6.5,6.5
2011-10-13,6.5,8.6,9.7,8.6,7.6,6.5
2011-10-17,7.6,8.6,8.6,10.8,7.6,6.5
2011-10-21,7.6,8.6,10.8,8.6,7.6,6.5
2011-10-26,11,13,22.7,35.6,18.4,16.2
2011-10-29,6.6,7.6,8.6,11.9,7.6,6.5
2011-11-02,4.4,6.5,7.6,8.6,6.5,5.4
2011-11-05,4.4,7.6,6.5,8.6,5.4,4.3
2011-11-08,4.3,8.6,7.6,6.5,6.5,4.3
2011-11-11,6.2,9.3,8.2,9.3,8.2,4.1
2011-11-17,6.3,7.2,9.3,10.3,8.2,7.2
2011-11-19,7.2,8.2,10.3,9.3,6.2,5.2
2011-11-21,6.2,7.2,7.2,8.2,7.2,6.2
2011-11-25,7.4,11.3,9.3,8.2,8.2,6.2
2011-11-27,6.3,9.3,8.2,9.3,7.2,6.2
2011-12-03,6.3,7.2,11.3,10.3,9.3,8.2
2011-12-07,8.4,10.3,11.3,9.3,8.2,6.2
2011-12-09,6.3,7.2,8.2,9.3,8.2,7.2
2011-12-13,6.3,8.2,9.2,12.3,7.2,7.2
2011-12-15,8.4,9.2,10.2,9.2,8.2,8.2
2011-12-19,7.7,9.2,8.2,10.2,9.2,7.2
2011-12-21,8.6,9.2,10.2,10.2,9.2,8.2
2011-12-25,9.6,8.2,9.2,10.2,9.2,8.2
2011-12-27,9,12.3,13.3,12.3,9.2,8.2
2012-10-01,26,28,20,18,11,13
2012-10-05,16,15,14,16,12,10
2012-10-09,13,15,16,12,13,10
2012-10-13,15,16,17,14,15,10
2012-10-17,16.2,13.9,15,17.3,16.2,11.6
2012-10-21,10.4,12.7,13.9,16.2,12.7,9.2
2012-10-25,9.2,11.6,13.9,15,12.7,11.6
2012-10-29,8.1,10.4,11.6,13.9,12.7,11.6
2012-11-02,8.1,9.2,10.4,12.7,11.6,10.4
2012-11-06,9.2,10.4,11.6,13.9,12.7,10.4
2012-11-10,11.6,13.9,16.2,15,13.9,11.6
2012-11-13,16.2,13.9,20.8,23.1,25.4,19.6
2012-11-14,12.7,15,13.9,15,13.9,10.4
2012-11-18,10.4,13.9,15,13.9,12.7,9.2
2012-11-22,10.4,12.7,13.9,16.2,13.9,10.4
2012-11-26,11.6,13.9,17.3,16.2,11.6,10.4
2012-11-30,13.9,15,17.3,15,13.9,11.6
2012-12-04,12.7,17.3,16.2,15,13.9,12.7
2012-12-08,13.9,16.2,13.9,15,13.9,12.7
2012-12-12,10.4,13.9,16.2,12.7,11.6,10.4
2012-12-16,8.1,10.4,13.9,12.7,10.4,6.9
2012-12-19,9.2,11.6,13.9,13.9,12.7,11.6
2012-12-24,9.2,11.6,11.6,10.4,9.2,9.2
2012-12-28,13.9,16.2,15,10.4,8.1,6.9
2013-01-01,13.87,15.02,11.55,9.24,8.09,6.93
2013-01-05,12.71,13.87,10.4,9.24,8.09,9.24
2013-01-09,11.55,12.71,9.24,8.09,8.09,10.4
2013-01-13,13.87,15.02,11.55,9.24,8.09,10.4
2013-01-17,13.2,14.16,13.26,10.85,8.63,9.65
2013-01-21,10.4,12.98,11.55,9.44,6.93,8.26
2013-01-25,11.55,12.98,13.87,10.62,6.93,9.44
2013-01-29,9.24,10.62,12.71,8.26,6.93,7.08
2013-02-02,11.55,12.98,15.02,14.16,9.24,11.8
2013-02-06,9.19,12.07,10.5,14.75,7.88,10.73
2013-02-10,11.82,13.41,10.5,12.07,9.19,9.39
2013-02-14,10.5,12.07,14.44,13.41,11.82,10.73
2013-02-18,7.88,9.39,10.5,12.07,11.82,8.04
2013-02-22,10.5,12.07,7.88,10.73,11.82,9.39
2013-02-26,10.5,12.07,9.19,8.04,7.88,9.39
2013-03-01,13.13,14.75,10.5,9.39,11.82,10.73
2013-03-04,10.5,9.39,11.82,13.41,9.19,12.07
2013-03-07,9.19,9.39,10.5,12.07,9.19,8.04
2013-03-12,7.88,8.05,10.51,12.07,9.91,10.73
2013-03-16,6.57,9.39,7.88,10.73,11.82,9.39
2013-03-18,7.88,6.71,10.51,9.39,9.19,8.05
2013-03-21,9.19,8.05,7.88,6.71,10.51,9.39
2013-03-24,9.19,6.71,7.88,9.39,6.57,8.05
2013-03-27,6.57,5.37,7.88,6.71,10.51,9.39
2013-04-02,7.88,9.39,11.82,13.41,10.51,8.05
2013-04-05,9.19,10.73,11.82,9.39,13.14,12.07
2013-04-10,7.88,6.71,10.51,9.39,9.19,8.05
2013-04-13,6.57,8.05,11.82,10.73,9.19,9.39
2013-04-15,7.88,6.71,9.19,8.05,6.57,5.37
2013-04-19,9.19,8.05,6.57,6.71,7.88,5.37
2013-04-22,6.57,8.05,7.88,9.39,9.19,6.71
2013-04-25,7.88,6.71,9.19,8.05,6.57,5.37
2013-04-28,9.19,8.05,10.51,9.39,7.88,6.71
2013-05-02,10.51,9.39,7.88,8.05,6.57,5.37
2013-05-06,9.19,8.05,6.57,5.37,7.88,6.71
2013-05-10,7.88,6.71,9.19,8.05,6.57,4.02
2013-05-14,6.42,5.24,7.7,7.87,8.98,6.55
2013-05-18,7.7,6.55,8.98,9.18,6.42,5.24
2013-05-21,6.42,7.87,10.27,6.55,7.7,5.24
2013-05-23,8.98,9.18,7.7,6.55,10.27,7.87
2013-05-26,6.42,7.87,7.7,5.24,5.13,6.55
2013-05-29,7.7,6.55,5.13,5.24,2,2
2013-06-01,8.98,7.87,7.7,2,5.13,6.55
2013-06-04,7.7,9.18,8.98,7.87,6.42,5.24
2013-06-07,5.13,5.24,6.42,7.87,7.7,6.55
2013-06-10,6.57,8.05,5.26,6.71,7.89,5.37
2013-06-12,5.26,6.71,5.26,8.05,6.57,5.37
2013-06-15,6.57,6.71,7.89,5.37,6.57,5.37
2013-06-18,7.89,6.71,9.2,8.05,5.26,5.37
2013-06-20,6.57,6.71,7.89,5.37,5.26,4.03
2013-06-23,5.26,5.37,9.2,6.71,7.89,5.37
2013-06-28,6.57,8.05,7.89,5.37,5.26,6.71
2013-07-01,5.26,6.71,6.57,5.37,2,5.37
2013-07-04,7.89,9.4,6.57,6.71,5.26,5.37
2013-07-07,5.26,8.05,6.57,6.71,2,5.37
2013-07-10,6.57,5.37,7.89,6.71,5.26,2
2013-07-13,7.89,6.71,9.2,8.05,6.57,5.37
2013-07-16,5.26,5.37,7.89,8.05,6.57,6.71
2013-07-19,2,5.37,6.57,6.71,7.89,5.37
2013-07-23,5.26,4.03,6.57,5.37,5.26,2
2013-07-26,5.26,6.71,6.57,5.37,2,4.03
2013-07-29,2,5.37,7.89,6.71,5.26,4.03
2013-08-02,6.57,5.73,7.89,5.37,5.26,4.03
2013-08-05,5.26,8.05,7.89,6.71,6.57,5.37
2013-08-08,5.96,7.3,4.77,6.09,7.15,4.87
2013-08-11,5.96,2,4.77,6.09,4.52,2
2013-08-14,4.77,6.09,7.15,4.87,5.96,2
2013-08-20,2,2,4.77,4.87,2,2
2013-08-24,2,4.87,5.96,6.09,4.77,2
2013-08-27,4.77,2,5.96,4.87,2,4.87
2013-08-30,4.77,6.09,7.15,4.87,5.96,4.87
2013-09-02,5.96,4.87,4.77,6.09,4.77,2
2013-09-05,5.96,4.87,8.34,7.3,7.15,6.09
2013-09-08,4.77,7.3,5.96,6.09,4.77,4.87
2013-09-11,4.77,6.09,7.15,7.3,5.96,4.87
2013-09-18,5.96,2,2,4.87,4.77,2
2013-09-21,4.77,6.09,7.15,6.09,5.96,4.87
2013-09-24,5.96,7.3,8.34,6.09,4.77,4.87
2013-09-27,5.96,4.87,2,6.09,4.77,4.87
2013-09-30,4.77,6.09,5.96,4.87,2,2
2013-10-03,6.18,7.57,4.94,5.05,7.41,6.31
2013-10-08,7.41,6.31,8.65,5.05,4.94,6.31
2013-10-12,6.18,7.57,7.41,6.31,4.94,5.05
2013-10-16,7.41,7.57,6.18,5.05,6.18,6.31
2013-10-19,6.18,8.83,8.65,7.57,7.41,6.31
2013-10-21,7.41,8.83,6.18,6.31,4.94,5.05
2013-10-25,7.41,6.31,6.18,5.05,4.94,2
2013-10-27,4.94,6.31,8.65,7.57,7.41,6.31
2013-11-02,8.65,10.09,11.12,15.14,13.59,12.61
2013-11-03,11.12,12.61,12.35,20.18,16.06,11.35
2013-11-07,7.41,10.09,8.65,7.57,6.18,6.31
2013-11-11,6.06,7.42,8.48,8.66,7.27,6.19
2013-11-14,7.27,8.66,9.69,9.9,8.48,7.42
2013-11-20,7.27,8.66,8.48,11.14,13.33,9.9
2013-11-22,7.27,9.9,9.69,12.37,8.48,8.66
2013-11-26,8.48,8.66,9.69,11.14,12.11,9.9
2013-11-30,7.27,9.9,8.48,8.66,10.9,7.42
2013-12-03,7.92,9.24,12.45,11.56,10.18,8.09
2013-12-06,6.79,10.4,11.32,13.87,12.45,9.24
2013-12-09,7.92,9.24,9.05,11.56,13.58,10.4
2013-12-12,9.05,10.4,11.32,12.71,13.58,11.56
2013-12-18,7.92,9.24,10.18,11.56,12.45,9.24
2013-12-21,9.05,9.24,11.32,12.71,10.18,6.93
2013-12-24,7.92,8.09,12.45,10.4,11.32,9.24
2013-12-27,6.79,9.24,10.18,10.4,13.58,11.56
2013-12-29,7.92,9.24,10.18,12.71,11.32,10.4
2014-01-01,6.79,8.09,7.92,9.24,10.18,6.93
2014-01-06,8.12,9.48,9.28,11.85,10.44,8.3
2014-01-08,9.28,10.67,10.44,13.04,13.93,9.48
2014-01-13,6.96,5.93,8.12,8.3,9.28,7.11
2014-01-16,8.12,10.67,9.28,9.48,11.61,8.3
2014-01-19,5.8,8.3,8.12,10.67,9.28,7.11
2014-01-25,6.96,9.48,10.44,10.67,9.28,8.3
2014-01-28,5.8,8.3,8.12,14.22,11.61,9.48
2014-01-31,6.96,9.48,10.44,11.85,9.28,8.3
2014-02-03,9.28,9.48,11.61,13.04,10.44,8.3
2014-02-07,8.12,10.67,10.44,11.85,12.77,9.48
2014-02-09,6.96,8.3,8.12,9.48,10.44,7.11
2014-02-12,8.12,7.11,9.28,11.85,10.44,9.48
2014-02-18,6.96,8.3,10.44,13.04,11.61,8.3
2014-02-22,8.12,9.48,9.28,10.67,8.12,7.11
2014-02-24,5.8,7.11,8.12,9.48,9.28,8.3
2014-02-27,8.12,9.48,9.28,8.3,5.8,5.93
2014-03-02,8.16,7.14,9.32,10.71,10.49,8.33
2014-03-07,6.99,8.33,8.16,9.52,10.49,7.14
2014-03-10,5.83,7.14,9.32,10.71,10.49,8.33
2014-03-13,6.99,8.33,8.16,9.52,10.49,7.14
2014-03-18,8.16,9.52,9.32,10.71,10.49,8.33
2014-03-22,8.16,10.71,9.32,9.52,8.16,5.95
2014-03-26,6.99,9.52,10.49,10.71,8.16,7.14
2014-03-28,6.99,8.33,8.16,10.71,9.32,7.14
2014-03-31,5.83,8.33,6.99,9.52,9.32,7.14
2014-04-05,8.16,9.52,6.99,8.33,9.32,7.14
2014-04-08,6.99,8.33,8.16,9.52,6.99,5.95
2014-04-11,8.16,10.71,9.32,9.52,10.49,8.33
2014-04-14,6.99,9.52,8.16,10.71,8.16,7.14
2014-04-17,5.83,8.33,6.99,9.52,8.16,5.95
2014-04-20,6.99,9.52,8.16,10.71,9.32,7.14
2014-04-23,6.99,8.33,8.16,9.52,11.65,7.14
2014-04-27,7.22,8.6,9.63,9.83,10.83,7.37
2014-05-02,6.02,8.6,7.22,9.83,8.42,6.15
2014-05-04,7.22,6.15,8.42,8.6,6.02,4.92
2014-05-08,7.22,7.37,8.42,9.83,6.02,6.15
2014-05-14,6.02,8.6,7.22,9.83,8.42,6.15
2014-05-16,7.22,6.15,8.42,8.6,9.63,7.37
2014-05-19,7.22,8.6,6.02,9.83,9.63,8.6
2014-05-22,7.22,7.37,6.02,8.6,9.63,6.15
2014-05-27,6.02,6.15,8.42,7.37,7.22,4.92
2014-05-31,4.81,4.92,6.02,7.37,8.42,6.15
2014-06-03,6.02,6.15,7.22,8.6,7.22,4.92
2014-06-07,7.22,7.37,4.81,6.15,8.42,4.92
2014-06-10,6.02,8.6,7.22,7.37,6.02,6.15
2014-06-14,7.22,7.37,6.02,8.6,8.42,6.15
2014-06-18,6.02,7.37,7.22,6.15,6.02,4.92
2014-06-20,5.38,6.86,6.72,8.23,8.06,5.49
2014-06-23,6.72,8.23,8.06,9.61,5.38,6.86
2014-06-26,6.72,8.23,6.72,5.49,5.38,6.86
2014-06-29,5.38,6.86,8.06,6.86,5.38,5.49
2014-07-02,6.72,6.86,5.38,8.23,5.38,6.86
2014-07-07,8.06,6.86,6.72,9.61,8.06,5.49
2014-07-10,9.41,8.23,8.06,6.86,6.72,5.49
2014-07-13,6.72,8.23,5.38,8.23,6.72,5.49
2014-07-19,8.06,9.61,6.72,8.23,5.38,6.86
2014-07-22,5.38,2,6.72,8.23,6.72,6.86
2014-07-25,6.72,2,5.38,2,6.72,6.86
2014-07-28,6.72,8.23,2,6.86,8.06,5.49
2014-07-31,5.38,6.86,6.72,8.23,6.72,5.49
2014-08-03,6.72,8.23,8.06,5.49,5.38,2
2014-08-07,8.06,6.86,6.72,2,5.38,5.49
2014-08-10,6.72,8.23,8.06,2,5.38,6.86
2014-08-13,8.06,6.86,6.72,5.49,6.72,5.49
2014-08-18,8.06,8.23,5.38,6.86,6.72,5.49
2014-08-23,8.06,9.61,6.72,8.23,5.38,6.86
2014-08-26,8.06,6.86,9.41,10.98,12.09,9.61
2014-08-29,6.72,8.23,8.06,9.61,6.72,5.49
2014-09-01,2,2,4.84,6.18,6.05,4.94
2014-09-06,6.05,7.42,4.84,2,2,4.94
2014-09-09,4.84,7.42,8.47,8.65,6.05,6.18
2014-09-11,8.47,9.89,7.26,8.65,6.05,4.94
2014-09-14,7.26,8.65,6.05,11.12,8.47,7.42
2014-09-19,7.26,4.94,8.47,6.18,6.05,2
2014-09-22,4.84,6.18,7.26,8.65,8.47,6.18
2014-09-24,6.05,7.42,8.47,8.65,7.26,6.18
2014-09-28,4.84,7.42,6.05,6.18,8.47,7.42
2014-10-01,6.18,6.31,7.41,8.83,8.65,7.57
2014-10-05,7.41,7.57,8.65,10.09,8.65,7.57
2014-10-11,6.18,8.83,8.65,6.31,7.41,5.05
2014-10-14,7.41,8.83,8.65,7.57,6.18,6.31
2014-10-17,6.18,7.57,9.88,8.83,8.65,7.57
2014-10-23,7.41,10.09,12.35,13.87,14.82,8.83
2014-10-24,8.65,15.14,12.35,17.66,13.59,7.57
2014-10-27,7.41,10.09,9.88,11.35,8.65,8.83
2014-10-29,6.18,8.83,11.12,12.61,12.35,7.57
2014-11-03,8.65,10.09,14.82,17.66,12.35,8.83
2014-11-06,9.88,8.83,13.59,15.14,12.35,10.09
2014-11-09,8.65,10.09,12.35,16.4,13.59,11.35
2014-11-12,8.65,11.35,9.88,17.66,12.35,10.09
2014-11-18,9.88,10.09,8.65,18.92,14.82,11.35
2014-11-22,11.12,11.35,9.88,17.66,16.06,12.61
2014-11-25,8.65,10.09,11.12,16.4,14.82,11.35
2014-11-28,9.88,11.35,13.59,15.14,17.29,12.61
2014-12-01,8.58,11.26,11.03,17.51,18.38,12.51
2014-12-04,9.8,11.26,12.25,13.76,15.93,12.51
2014-12-07,8.58,10.01,11.03,15.01,12.25,11.26
2014-12-10,9.8,12.51,13.48,17.51,14.7,12.51
2014-12-16,8.58,11.26,14.7,16.26,12.25,11.26
2014-12-19,9.8,12.51,13.48,17.51,15.93,10.01
2014-12-22,8.58,11.26,9.8,16.26,14.7,8.76
2014-12-27,7.35,10.01,11.03,11.26,13.48,8.76
2014-12-30,8.58,10.01,8.58,16.26,13.48,11.26
2015-01-03,8.58,11.26,7.35,6.26,6.13,5
2015-01-06,7.35,10.01,11.03,17.51,13.48,8.76
2015-01-09,7.35,8.76,7.35,15.01,12.25,10.01
2015-01-12,7.42,10.11,11.13,13.9,12.37,8.84
2015-01-15,8.66,11.37,9.9,16.42,13.61,10.11
2015-01-18,8.66,10.11,9.9,13.9,11.13,8.84
2015-01-21,8.66,11.37,11.13,15.16,16.08,10.11
2015-01-26,7.42,8.84,9.9,13.9,14.84,11.37
2015-01-29,6.18,7.58,11.13,12.63,13.61,10.11
2015-02-03,7.42,8.84,11.13,16.42,14.84,11.37
2015-02-06,7.42,10.11,8.66,15.16,12.37,8.84
2015-02-08,8.66,10.11,9.9,16.42,13.61,8.84
2015-02-11,6.18,7.58,9.9,13.9,14.84,8.84
2015-02-16,7.42,7.58,11.13,12.63,14.84,10.11
2015-02-19,8.66,8.84,9.9,11.37,16.08,11.37
2015-02-24,7.42,10.11,8.66,11.37,11.13,8.84
2015-02-28,6.18,7.58,9.9,8.84,11.13,10.11
2015-03-03,7.42,8.84,7.42,6.32,8.66,5.05
2015-03-07,6.18,7.58,9.9,12.63,8.66,6.32
2015-03-09,7.42,8.84,8.66,11.37,14.84,10.11
2015-03-12,6.18,7.58,9.9,12.63,11.13,8.84
2015-03-15,6.18,7.58,9.9,13.9,11.13,8.84
2015-03-20,7.42,8.84,9.9,12.63,11.13,7.58
2015-03-25,8.66,7.58,7.42,10.11,9.9,6.32
2015-04-03,7.56,9.01,8.82,12.87,10.08,7.72
2015-04-06,6.3,7.72,8.82,10.29,11.34,9.01
2015-04-09,7.56,9.01,10.08,12.87,11.34,7.72
2015-04-12,5.04,6.43,7.56,10.29,8.82,6.43
2015-04-18,5.04,7.72,8.82,11.58,7.56,6.43
2015-04-22,6.3,7.72,7.56,10.29,8.82,6.43
2015-04-24,7.56,6.43,6.3,7.72,10.08,7.72
2015-04-28,6.3,7.72,8.82,11.58,7.56,6.43
2015-05-02,6.3,7.72,8.82,10.29,11.34,6.43
2015-05-05,7.56,7.72,8.82,11.58,10.08,6.43
2015-05-08,5.04,6.43,6.3,10.29,8.82,7.72
2015-05-11,6.3,7.72,8.82,11.58,7.56,6.43
2015-05-14,7.56,6.43,10.08,11.58,8.82,5.15
2015-05-18,6.3,7.72,8.82,2,6.3,5.15
2015-05-21,5.04,6.43,7.56,10.29,8.82,6.43
2015-05-24,6.3,5.15,8.82,9.01,7.56,5.15
2015-05-27,5.04,7.72,7.56,9.01,6.3,5.15
2015-06-02,6.3,7.72,7.56,9.01,7.56,6.43
2015-06-05,5.04,6.43,6.3,9.01,7.56,5.15
2015-06-08,5.04,5.15,7.56,7.72,6.3,5.15
2015-06-11,5.04,6.43,6.3,9.01,7.56,6.43
2015-06-14,6.3,7.72,5.04,5.15,6.3,5.15
2015-06-17,5.04,6.43,7.56,9.01,6.3,5.15
2015-06-22,5.04,5.15,2,7.72,2,5.15
2015-06-27,5.04,2,6.3,5.15,5.04,5.15
2015-06-30,5.04,6.43,6.3,7.72,6.3,5.15
2015-07-03,6.3,6.43,8.82,9.01,5.04,5.15
2015-07-06,5.04,6.43,2,5.15,5.04,2
2015-07-09,6.3,5.15,8.82,7.72,7.56,5.15
2015-07-12,6.3,6.43,7.56,9.01,7.56,5.15
2015-07-15,6.3,2,5.04,7.72,6.3,5.15
2015-07-20,5.04,6.43,6.3,7.72,7.56,5.15
2015-07-25,2,5.15,6.3,7.72,5.04,6.43
2015-07-28,2,2,6.3,7.72,5.04,6.43
2015-07-31,5.04,5.15,6.3,2,2,2
2015-08-03,5.1,6.51,6.38,9.12,7.65,5.21
2015-08-08,5.1,6.51,7.65,7.81,6.38,5.21
2015-08-11,5.1,6.51,6.38,7.81,5.1,5.21
2015-08-14,6.38,7.81,8.93,9.12,5.1,5.21
2015-08-17,5.1,6.51,6.38,2,6.38,5.21
2015-08-20,5.1,5.21,7.65,6.51,6.38,5.21
2015-08-23,6.38,7.81,5.1,2,5.1,6.51
2015-08-26,5.1,6.51,7.65,2,5.1,5.21
2015-08-30,5.1,2,6.38,7.81,5.1,5.21
2015-09-04,5.1,6.51,7.65,9.12,6.38,5.21
2015-09-07,5.1,6.51,8.93,7.81,7.65,6.51
2015-09-10,6.38,7.81,8.93,7.81,7.65,5.21
2015-09-13,5.1,5.21,7.65,9.12,6.38,5.21
2015-09-16,5.1,2,5.1,7.81,6.38,6.51
2015-09-22,6.38,6.51,2,5.21,5.1,6.51
2015-09-26,5.1,6.51,8.93,9.12,7.65,5.21
2015-09-29,6.38,5.21,7.65,7.81,8.93,6.51
2015-10-05,5.1,6.51,7.65,9.12,8.93,5.21
2015-10-08,5.1,5.21,6.38,7.81,7.65,6.51
2015-10-11,6.38,6.51,8.93,7.81,7.65,5.21
2015-10-14,5.1,6.51,7.65,9.12,6.38,5.21
2015-10-18,6.38,6.51,8.93,7.81,7.65,5.21
2015-10-24,6.38,7.81,8.93,10.42,7.65,6.51
2015-10-27,5.1,6.51,7.65,9.12,8.93,5.21
2015-10-30,5.1,5.21,7.65,7.81,6.38,5.21
2015-11-02,6.38,5.21,7.65,7.81,8.93,6.51
2015-11-05,5.1,5.21,8.93,10.42,7.65,6.51
2015-11-10,6.38,9.12,10.2,16.93,12.75,7.81
2015-11-11,8.93,10.42,11.48,18.23,10.2,10.42
2015-11-17,5.1,6.51,8.93,10.42,7.65,7.81
2015-11-19,6.38,5.21,7.65,9.12,6.38,6.51
2015-11-22,5.1,6.51,8.93,10.42,7.65,5.21
2015-11-25,6.38,7.81,10.2,11.72,8.93,6.51
2015-11-30,6.38,6.51,11.48,13.02,7.65,5.21
2015-12-04,5.1,6.51,7.65,10.42,8.93,5.21
2015-12-07,5.1,5.21,8.93,7.81,6.38,6.51
2015-12-12,6.38,7.81,10.2,11.72,8.93,7.81
2015-12-15,5.1,6.51,7.65,9.12,6.38,5.21
2015-12-18,6.38,7.81,8.93,10.42,10.2,6.51
2015-12-21,5.1,6.51,7.65,9.12,10.2,7.81
2015-12-24,6.38,9.12,11.48,10.42,8.93,6.51
2015-12-27,5.1,7.81,10.2,9.12,7.65,5.21
2015-12-30,7.65,9.12,11.48,13.02,10.2,7.81
2016-01-08,10.14,11.59,14,13.52,15.45,16.41
2016-01-10,10.62,14,16.9,22.21,21.24,18.34
2016-01-13,11.59,11.11,21.24,22.21,18.34,14.48
2016-01-16,10.14,11.59,15.45,13.52,15.45,16.41
2016-01-19,11.11,18.34,22.21,21.24,18.34,14.48
2016-01-22,11.59,13.52,16.41,15.45,15.45,13.52
2016-01-25,13.52,15.45,15.45,13.52,13.52,15.45
2016-01-28,11.1,15.45,16.41,22.21,21.4,16.41
2016-02-01,13.52,13.52,22.21,21.24,15.45,14.97
2016-02-03,11.59,15.45,21.72,18.34,15.45,13.52
2016-02-07,11.59,13.52,16.41,15.45,15.45,13.52
2016-02-09,13.52,15.45,16.41,16.41,22.21,13.52
2016-02-12,13.52,13.52,16.41,18.34,15.45,14.97
2016-02-18,10.62,14,18.34,18.34,21.72,14
2016-02-20,11.59,13.52,16.9,16.9,15.45,13.52
2016-02-23,10.62,13.52,14,15.45,18.34,14.97
2016-02-26,10.62,11.59,14.97,16.9,16.9,14.97
2016-03-02,11.1,15.45,16.41,16.41,15.45,14
2016-03-06,11.59,10.62,14.97,14.97,18.34,13.52
2016-03-10,9.17,12.07,14.97,15.45,13.52,14.01
2016-03-12,12.07,13.52,15.45,16.41,13.52,14
2016-03-18,10.62,14,18.34,18.34,21.72,14
2016-03-21,11.59,13.52,15.45,15.94,19.8,14.49
2016-03-27,10.62,13.03,14.48,16.41,18.82,14.96
2016-03-29,11.1,14.96,15.44,16.89,18.34,14
2016-04-02,11.58,13.04,14,16.41,17.38,12.55
2016-04-06,10.62,12.06,13.51,15.44,16.89,13.03
2016-04-15,10.43,10.95,12.51,13.03,12.51,11.99
2016-04-17,9.9,11.47,11.99,13.55,11.47,10.43
2016-04-19,10.95,11.99,12.51,14.07,13.07,10.95
2016-04-21,9.38,10.95,13.03,14.6,13.55,11.47
2016-04-25,10.43,11.47,13.55,15.12,14.07,11.99
2016-04-29,9.9,11.99,13.03,15.64,14.6,12.51
2016-05-01,10.95,11.47,12.51,15.12,13.55,11.99
2016-05-05,9.38,10.95,11.99,14.6,13.55,11.47
2016-05-09,10.43,11.47,12.51,15.12,13.03,10.95
2016-05-11,10.95,12.51,13.03,14.6,13.55,10.43
2016-05-17,11.99,13.03,13.55,15.12,14.07,12.51
2016-05-20,11.47,12.51,12.51,15.64,14.6,11.99
2016-05-22,10.43,11.99,13.03,15.12,14.6,11.47
2016-05-25,10.95,11.47,12.51,15.64,14.07,11.99
2016-05-28,11.99,12.51,13.55,16.16,14.6,12.51
2016-05-30,10.43,11.47,13.03,15.12,13.55,11.47
2016-06-02,11.47,11.99,13.55,15.64,14.07,12.51
2016-06-04,10.95,12.51,12.51,16.16,14.6,11.99
2016-06-08,9.38,10.95,10.95,14.6,13.55,13.55
2016-06-10,11.99,11.99,12.51,10.95,12.51,9.38
2016-06-14,11.47,11.99,13.03,9.9,11.47,12.51
2016-06-16,10.95,11.47,13.55,15.12,12.51,11.99
2016-06-20,11.47,12.51,13.03,11.99,13.55,10.95
2016-06-24,10.43,11.99,13.55,15.12,14.07,11.47
2016-06-26,11.99,11.47,10.43,11.47,12.51,10.43
2016-07-02,9.38,10.43,9.38,11.47,10.95,11.47
2016-07-05,10.43,11.99,8.86,12.51,11.99,10.43
2016-07-08,11.47,11.99,13.03,14.07,13.55,12.51
2016-07-11,9.38,10.95,11.47,10.43,10.95,9.38
2016-07-14,10.95,11.47,12.51,10.95,13.03,11.99
2016-07-20,10.43,11.99,13.03,11.47,12.51,10.43
2016-07-24,9.9,9.38,10.43,11.99,9.9,11.47
2016-07-26,9.38,10.43,11.99,10.43,9.38,9.9
2016-07-29,10.43,10.95,11.99,13.55,12.51,11.47
2016-08-03,9.69,10.77,11.85,14,12.92,10.23
2016-08-07,10.23,11.31,11.31,13.46,11.85,10.77
2016-08-09,9.69,10.23,10.77,11.31,12.92,9.15
2016-08-13,10.23,11.31,11.31,13.46,12.92,10.77
2016-08-18,10.77,10.77,11.85,14,12.39,10.23
2016-08-21,9.69,10.77,11.31,12.92,11.85,10.23
2016-08-23,10.23,11.31,11.85,13.46,12.92,10.77
2016-08-26,10.77,10.77,11.31,11.85,11.85,11.31
2016-08-29,9.69,10.23,10.77,12.92,11.85,10.77
2016-09-02,10.23,10.77,11.85,11.31,11.85,9.69
2016-09-06,8.08,8.62,7.54,7,6.46,5.92
2016-09-10,9.15,10.23,11.31,12.95,12.39,9.69
2016-09-12,10.23,11.31,12.39,13.46,12.92,10.77
2016-09-14,10.77,11.85,12.39,14,12.92,11.31
2016-09-18,10.23,12.39,12.39,13.46,12.92,10.77
2016-09-22,11.31,11.31,12.92,14,13.46,11.85
2016-09-24,9.69,10.77,11.85,14,12.92,9.69
2016-09-28,10.23,11.85,12.92,14.54,14,10.77
2016-10-05,10.77,12.39,12.92,14,13.46,11.31
2016-10-07,10.23,10.77,12.39,13.46,13.46,12.39
2016-10-16,11.31,12.39,12.39,14,12.92,11.85
2016-10-18,10.77,11.85,12.92,14.54,13.46,11.31
2016-10-20,10.23,10.77,11.31,13.46,14,11.85
2016-10-24,10.77,11.85,13.46,14.54,14,11.31
2016-10-29,11.31,11.85,17.77,23.16,20.46,18.85
2016-10-30,12.39,11.85,15.08,21.54,20.46,16.69
2016-11-04,10.23,11.31,12.92,14,13.46,10.77
2016-11-10,10.77,11.31,12.39,13.46,12.39,11.31
2016-11-13,11.31,12.39,13.46,14,11.85,10.77
2016-11-15,10.23,11.85,12.92,14.54,14,11.31
2016-11-19,10.77,12.39,12.92,14,13.46,11.85
2016-11-23,10.23,11.31,13.46,14.54,14,10.77
2016-11-25,11.31,11.31,12.92,14,13.46,12.39
2016-11-28,10.77,11.85,12.39,13.46,12.92,11.31
2016-12-02,10.23,12.39,12.92,14,13.46,10.77
2016-12-06,11.31,12.92,13.46,14.54,14,11.85
2016-12-11,10.88,11.4,12.96,13.99,12.96,10.88
2016-12-15,10.37,11.92,12.44,13.47,12.44,11.92
2016-12-17,9.85,10.37,11.92,12.96,11.92,10.37
2016-12-21,10.88,12.44,12.44,13.99,12.96,11.4
2016-12-23,10.37,11.4,11.92,13.47,12.44,10.88
2016-12-26,9.85,10.88,12.44,13.99,13.47,10.37
2016-12-29,10.88,12.96,12.96,14.51,13.99,11.4
2017-01-02,10.37,11.4,12.44,13.99,12.96,10.88
2017-01-06,9.85,10.37,12.96,13.47,10.37,9.85
2017-01-11,10.88,11.4,13.47,14.51,13.47,11.4
2017-01-15,10.37,12.44,13.47,13.99,12.44,11.92
2017-01-17,10.88,11.92,12.44,14.51,13.99,11.4
2017-01-21,10.37,12.44,13.47,13.99,13.47,11.4
2017-01-23,10.88,11.92,11.92,14.51,12.96,11.92
2017-01-26,10.37,11.4,12.96,13.99,13.47,10.88
2017-01-31,11.4,11.4,13.47,14.51,13.99,11.92
