"DateTime","No2.Values"
0,55.2
4,80.2
8,76
12,88.5
16,47.9
20,45.8
72,70.8
76,103.1
80,87.5
84,78.1
88,65.6
92,53.1
144,72.9
148,93.7
152,108.3
156,77.1
160,55.2
164,61.4
192,68.7
196,88.5
200,102
204,72.9
208,43.7
212,47.9
264,68.7
268,82.3
272,75
276,94.8
280,50
284,40.6
384,77.1
388,59.4
392,104.1
396,64.6
400,31.2
404,42.7
456,57.3
460,62.5
464,79.1
468,51
472,27.3
476,30.2
528,65.6
532,87.5
536,110.4
540,71.8
544,40.6
548,53.1
648,40.6
652,64.3
656,75.6
660,66.1
664,37.8
668,31
720,57.3
724,74.4
728,105.3
732,93.4
736,54.6
740,43
768,70.3
772,85.6
776,73.5
780,111.3
784,50.4
788,36.7
840,63
844,74.5
848,113.4
852,80.8
856,52.5
860,48.3
984,67.2
988,88.2
992,119.7
996,78.7
1000,47.2
1004,55.6
1080,55.6
1084,81.9
1088,77.7
1092,60.9
1096,40.9
1100,32.5
1128,75.6
1132,114.4
1136,69.3
1140,87.1
1144,49.3
1148,42
1200,59.8
1204,73.5
1208,103.9
1212,63
1216,45.7
1220,52.5
1320,56.8
1324,76.8
1328,93.6
1332,64.9
1336,38.9
1340,53
1392,77.9
1396,96.6
1400,141
1404,107.9
1408,56.8
1412,51.5
1464,54.7
1468,71.8
1472,86.3
1476,62.8
1480,44.2
1484,40
1536,63.1
1540,73.6
1544,122
1548,81
1552,38.9
1556,31.6
1608,48.3
1612,78.9
1616,112.6
1620,72.6
1624,41.7
1628,29.5
1752,33.7
1756,56.8
1760,40
1764,45.2
1768,35.8
1772,26.3
1800,53.7
1804,76.9
1808,87.3
1812,61
1816,41
1820,37.9
1848,55.8
1852,77.9
1856,66.3
1860,58.9
1864,37.9
1868,32.1
1968,37.9
1972,64.9
1976,73.6
1980,48.4
1984,33.7
1988,27.4
2088,39.6
2092,52.1
2096,68.7
2100,60.4
2104,33.3
2108,30.2
2160,41.7
2164,61.4
2168,63.5
2172,42.7
2176,33.3
2180,20.8
2232,50
2236,72.9
2240,58.3
2244,53.1
2248,34.4
2252,24.3
2304,35.4
2308,40.6
2312,45.8
2316,47.9
2320,29.2
2324,27.1
2352,43.7
2356,69.8
2360,81.2
2364,63.5
2368,45.8
2372,32.9
2448,52.1
2452,60.4
2456,83.3
2460,50
2464,41.7
2468,32.3
2520,40.6
2524,71.8
2528,62.5
2532,65.6
2536,36.4
2540,35.5
2616,43.7
2620,62.5
2624,72.9
2628,58.3
2632,31.2
2636,26
2712,54.1
2716,81.2
2720,86.4
2724,59.4
2728,36.4
2732,30
2832,41.7
2836,65.3
2840,79.2
2844,58.8
2848,47.1
2852,35.3
2904,54.6
2908,73.8
2912,46
2916,37.4
2920,25.7
2924,24.4
3048,51.3
3052,78.1
3056,64.2
3060,47.1
3064,35.3
3068,30
3096,70.6
3100,67.4
3104,55.6
3108,66.3
3112,42.8
3116,31
3144,38.5
3148,55.6
3152,62
3156,34.2
3160,30
3164,22.5
3240,46
3244,69.5
3248,65.3
3252,49.2
3256,31
3260,21.4
3360,36.4
3364,53.5
3368,50.3
3372,39.6
3376,32.1
3380,23.5
3408,49.2
3412,72.7
3416,57.8
3420,41.7
3424,25.7
3428,38.5
3456,43.9
3460,63.1
3464,40.7
3468,36.4
3472,25.7
3476,28.5
3576,42.2
3580,48.5
3584,58
3588,45.3
3592,31.6
3596,25.3
3648,44.3
3652,51.7
3656,46.4
3660,40.1
3664,35.8
3668,27.4
3720,46.4
3724,49.5
3728,54.8
3732,43.2
3736,36.9
3740,28.5
3840,39
3844,33.7
3848,45.3
3852,36.9
3856,27.4
3860,22.1
3936,32.7
3940,27.4
3944,41.1
3948,34.8
3952,28.5
3956,23.2
4008,31.6
4012,34.8
4016,39
4020,27.4
4024,22.1
4028,17.9
4056,33.7
4060,36.9
4064,29.5
4068,24.2
4072,21.1
4076,15.8
4128,39.8
4132,42.2
4136,36.9
4140,32.7
4144,27.4
4148,19.7
4200,43.2
4204,41.7
4208,49.5
4212,42.2
4216,29.3
4220,19
4368,40.7
4372,49
4376,41.5
4380,32
4384,20.2
4388,23.4
4440,39.4
4444,57.5
4448,44.7
4452,32
4456,29.8
4460,25.6
4512,42.6
4516,38.3
4520,56.5
4524,47.9
4528,36.2
4532,26.6
4584,29.5
4588,43.2
4592,52.2
4596,36.2
4600,26.6
4604,20.1
4656,38.3
4660,42.6
4664,51.1
4668,30.9
4672,25.6
4676,19.2
4728,33
4732,43.7
4736,41.5
4740,30.9
4744,25.6
4748,21.3
4800,41.5
4804,45.8
4808,37.3
4812,35.2
4816,28.8
4820,23.4
4896,32
4900,39.9
4904,42.6
4908,28.8
4912,22.4
4916,17
5040,34
5044,16.5
5048,18.7
5052,23
5056,15.4
5060,13.2
5112,25.2
5116,34
5120,29.6
5124,28.5
5128,23
5132,18.7
5184,29.6
5188,39.5
5192,45
5196,34
5200,31.8
5204,23
5256,39.5
5260,47.2
5264,36.2
5268,32.9
5272,27.4
5276,27.8
5376,36.2
5380,46.3
5384,47.2
5388,37.3
5392,27.4
5396,34
5424,34
5428,42.8
5432,39.5
5436,28.5
5440,23
5444,17.6
5496,34
5500,47.2
5504,38.4
5508,30.7
5512,26.3
5516,21.9
5568,39.5
5572,50.2
5576,35.1
5580,32.9
5584,27.4
5588,25.2
5640,40.6
5644,35.1
5648,43.9
5652,28.5
5656,24.1
5660,21.9
5784,39.8
5788,49.5
5792,44.1
5796,35.5
5800,26.9
5804,32.3
5856,35.5
5860,34.4
5864,43.1
5868,26.9
5872,22.6
5876,20.5
5928,26.9
5932,36.6
5936,30.1
5940,24.8
5944,14
5948,20.5
6000,25.8
6004,32.3
6008,24.8
6012,19.4
6016,18.3
6020,17.2
6072,31.2
6076,42.2
6080,40.9
6084,37.7
6088,26.9
6092,21.5
6168,30.1
6172,39.8
6176,37.7
6180,25.8
6184,19.4
6188,26.9
6216,35.5
6220,28
6224,33.4
6228,29.7
6232,18.3
6236,21.5
6312,32.3
6316,42
6320,36.6
6324,34.4
6328,30.1
6332,25.1
6360,35.5
6364,44.1
6368,38.8
6372,37.1
6376,35.9
6380,28
6528,36.1
6532,43.9
6536,47.8
6540,37.2
6544,26.6
6548,33
6576,45.7
6580,52.2
6584,67.6
6588,35.1
6592,28.7
6596,49.3
6648,40.4
6652,55.3
6656,63.8
6660,52.4
6664,28.8
6668,39.3
6768,52.1
6772,74.4
6776,65.9
6780,56.7
6784,36.1
6788,40.4
6888,46.1
6892,34
6896,41.4
6900,25.5
6904,21.3
6908,17
6960,30.8
6964,30
6968,28.7
6972,24.4
6976,20.2
6980,15.9
7008,21.3
7012,45
7016,48.9
7020,37.2
7024,27.6
7028,23.4
7056,35.1
7060,46.8
7064,52.1
7068,38.7
7072,23.4
7076,18.1
7248,46.3
7252,49.2
7256,72.6
7260,77.9
7264,45.2
7268,34.7
7296,38.9
7300,55.8
7304,83.1
7308,73.6
7312,38.9
7316,44.2
7368,53.7
7372,88.7
7376,72.6
7380,51.5
7384,37.9
7388,42.1
7440,57.9
7444,72.6
7448,94.7
7452,78.9
7456,64.7
7460,39.3
7560,55.8
7564,81.9
7568,121
7572,99.9
7576,66.3
7580,57.9
7608,66.3
7612,97.3
7616,102
7620,78.9
7624,48.4
7628,56.8
7680,69.4
7684,96.8
7688,111.5
7692,91.5
7696,67.3
7700,75.7
7752,63.1
7756,87.4
7760,102
7764,88.4
7768,69.4
7772,56.8
7824,80
7828,111.8
7832,87.3
7836,66.3
7840,55.4
7844,42.1
7968,73.2
7972,107.2
7976,105.1
7980,75.2
7984,55.7
7988,50.5
8040,69.1
8044,81.4
8048,78.3
8052,62.9
8056,51.5
8060,54.6
8112,80.6
8116,106.2
8120,77.3
8124,67
8128,56.7
8132,60.8
8184,75.2
8188,111.3
8192,85.5
8196,92.8
8200,53.6
8204,45.4
8280,53.6
8284,71.9
8288,81.4
8292,70.1
8296,51.5
8300,34
8328,72.1
8332,91.7
8336,84.5
8340,74.2
8344,63.9
8348,50.5
8400,71.7
8404,106.2
8408,86.6
8412,61.8
8416,45.4
8420,39.3
8544,61.8
8548,102
8552,84.5
8556,76.3
8560,53.6
8564,43.3
8592,82.5
8596,90.7
8600,97.9
8604,85.5
8608,68
8612,53.6
8688,53.3
8692,79.5
8696,85.7
8700,55.8
8704,42.9
8708,49.1
8760,49.1
8764,74.2
8768,83.6
8772,65.9
8776,50.2
8780,36.6
8880,51.2
8884,46
8888,74.2
8892,96.2
8896,63.8
8900,52.3
8976,60.6
8980,100.4
8984,81.6
8988,62.7
8992,51.2
8996,50.2
9072,78.4
9076,102.5
9080,84.7
9084,73.2
9088,64.8
9092,54.4
9144,48.8
9148,79.8
9152,82.6
9156,70
9160,43.9
9164,48.2
9192,47
9196,71.1
9200,75.3
9204,61.7
9208,49.1
9212,40.8
9288,44.5
9292,68
9296,78.4
9300,64.8
9304,53.3
9308,46
9336,49.1
9340,64.8
9344,76.3
9348,62.7
9352,41.8
9356,38.7
9432,84.2
9436,72.7
9440,110.1
9444,62.3
9448,42.6
9452,49.9
9552,74.8
9556,119.5
9560,64.4
9564,83.1
9568,41.6
9572,47.8
9624,64.4
9628,107
9632,87.3
9636,65.5
9640,39.5
9644,33.3
9672,99.8
9676,70.7
9680,108.1
9684,77.9
9688,46.8
9692,33.3
9744,106
9748,121.6
9752,66.5
9756,113.3
9760,55.1
9764,35.3
9912,74.8
9916,127.2
9920,79
9924,97.7
9928,42.6
9932,50.9
9984,116.4
9988,97.7
9992,138.2
9996,74.8
10000,52
10004,48.8
10032,96.6
10036,78.4
10040,130.9
10044,70.7
10048,58.2
10052,45.7
10080,54.8
10084,97
10088,64.3
10092,73.8
10096,48.5
10100,39
10272,72.7
10276,49.5
10280,103.3
10284,97
10288,53.8
10292,59
10320,45.8
10324,51.7
10328,80.1
10332,63.3
10336,28.9
10340,38
10416,62.2
10420,52.7
10424,41.1
10428,60.1
10432,23.2
10436,30.6
10464,65.4
10468,75.9
10472,55.9
10476,63.3
10480,40.1
10484,33.7
10536,77
10540,58
10544,94.9
10548,70.3
10552,43.2
10556,50.6
10632,67.5
10636,82.2
10640,92.8
10644,63.3
10648,55.9
10652,46.4
10680,75.9
10684,79.9
10688,71.7
10692,83.3
10696,46.4
10700,54.8
10728,64.3
10732,81.2
10736,65.4
10740,67.5
10744,45.3
10748,34.8
10944,67.9
10948,64.3
10952,71.7
10956,48.5
10960,42.2
10964,50.6
10992,52.2
10996,65.8
11000,73.1
11004,55.1
11008,35.1
11012,25.1
11040,64.8
11044,58.8
11048,70.1
11052,47
11056,33.5
11060,40.8
11088,61.6
11092,66.9
11096,72.1
11100,62.7
11104,48.1
11108,31.4
11232,51.2
11236,65.9
11240,74.2
11244,48.1
11248,35.8
11252,27.2
11304,75.3
11308,59.6
11312,68
11316,45
11320,31.4
11324,41.8
11352,52.3
11356,69
11360,60.6
11364,64.8
11368,48.1
11372,51.2
11424,43.9
11428,68
11432,57.4
11436,52.3
11440,36.6
11444,30.3
11616,53.5
11620,68.6
11624,74.5
11628,72.9
11632,46.2
11636,52.5
11664,56.8
11668,60
11672,54.8
11676,69.7
11680,38.1
11684,44
11712,59
11716,76.1
11720,64.3
11724,55.8
11728,40.1
11732,41.8
11808,55.6
11812,53.6
11816,45.9
11820,50.4
11824,33.2
11828,27.6
11928,64
11932,76.1
11936,91.1
11940,66.5
11944,37.5
11948,45
12000,53.5
12004,77.2
12008,64.3
12012,54.7
12016,38.6
12020,41.8
12072,45.1
12076,70.8
12080,54.7
12084,51.5
12088,37.5
12092,44
12120,55.6
12124,68.6
12128,44
12132,63.3
12136,42.9
12140,33.2
12192,44.1
12196,60
12200,65.4
12204,42.9
12208,26.8
12212,31.1
12312,42.2
12316,67.2
12320,61.6
12324,69.2
12328,33.5
12332,30.1
12408,43.4
12412,53
12416,56.2
12420,41.1
12424,30.3
12428,27
12504,47.6
12508,55.2
12512,64.9
12516,56.2
12520,32.4
12524,28.1
12552,50.8
12556,71.4
12560,58.4
12564,45.4
12568,41.1
12572,43.2
12648,45.5
12652,55.1
12656,59.5
12660,48.7
12664,37.8
12668,24.9
12720,61.6
12724,65.9
12728,51.9
12732,59.5
12736,32.4
12740,49.7
12792,43.2
12796,55.1
12800,51.9
12804,44.3
12808,30.3
12812,25.9
12864,40.2
12868,53
12872,46.5
12876,45.4
12880,23.8
12884,28.1
12936,38.9
12940,54.1
12944,60.5
12948,42.2
12952,29.2
12956,36.8
13128,51.6
13132,68.4
13136,60.5
13140,75.3
13144,41.5
13148,32.7
13176,48.3
13180,63.9
13184,56
13188,46
13192,29.1
13196,16.8
13248,43.9
13252,50.4
13256,42.6
13260,40.3
13264,38.1
13268,23.5
13296,47.2
13300,52.7
13304,40.3
13308,43.7
13312,35.9
13316,31.4
13392,40.6
13396,53.8
13400,44.8
13404,39.2
13408,20.2
13412,32.5
13488,43.9
13492,41.5
13496,40.3
13500,35.9
13504,19.1
13508,34.7
13536,49.4
13540,33.6
13544,56
13548,29.1
13552,32.5
13556,17.9
13608,48.2
13612,41.5
13616,53.8
13620,35.9
13624,30.3
13628,26.9
13800,40.7
13804,52.5
13808,57.9
13812,33.2
13816,22.5
13820,18.2
13848,44
13852,55.8
13856,50.4
13860,37.5
13864,30
13868,21.4
13896,53.6
13900,44.9
13904,37.2
13908,40.5
13912,21.9
13916,28.5
13968,40.7
13972,50.4
13976,57
13980,32.9
13984,39.4
13988,20.8
14112,42.9
14116,70
14120,46
14124,40.9
14128,17.2
14132,14.4
14160,49.3
14164,61.3
14168,47.1
14172,42.7
14176,35.1
14180,21.9
14256,39.7
14260,50.4
14264,46
14268,42
14272,25.2
14276,20.6
14328,33.2
14332,58.1
14336,42.7
14340,50.4
14344,29.6
14348,20.8
14376,43.8
14380,54.8
14384,42.7
14388,34
14392,30.7
14396,32.9
14520,45.7
14524,39.5
14528,43.1
14532,55.6
14536,38.6
14540,27.2
14592,42.4
14596,55.6
14600,48.8
14604,56.8
14608,35.2
14612,23.8
14664,54.4
14668,48.8
14672,43.1
14676,40.6
14680,26.1
14684,19.2
14736,47.9
14740,63.6
14744,55.6
14748,35.2
14752,31.8
14756,22.1
14808,47.9
14812,70.4
14816,57.9
14820,45.4
14824,29.5
14828,42
14928,55.5
14932,39.2
14936,47.7
14940,56.8
14944,35.2
14948,31.8
15000,37
15004,40.9
15008,47.7
15012,29.5
15016,21.6
15020,18.2
15048,52.2
15052,43.5
15056,47.7
15060,37.5
15064,38.6
15068,22.7
15120,60.9
15124,50.6
15128,52.2
15132,45.4
15136,39.7
15140,25
15312,67.9
15316,48.8
15320,53.7
15324,65.7
15328,32.9
15332,41.6
15360,50.4
15364,60.3
15368,48.2
15372,67.9
15376,44.9
15380,36.2
15432,55.9
15436,52.6
15440,69
15444,57
15448,50.4
15452,37.2
15504,58.8
15508,50.4
15512,61.3
15516,48.2
15520,36.2
15524,51.5
15552,46.2
15556,59.2
15560,47.1
15564,40.9
15568,41.6
15572,26.5
15624,42
15628,60.3
15632,67.9
15636,49.3
15640,35.1
15644,37.2
15768,52.5
15772,52.1
15776,48.2
15780,49.3
15784,35.1
15788,31.8
15840,46.2
15844,69
15848,61.3
15852,41.6
15856,32.9
15860,40.5
15912,52.6
15916,71.6
15920,66.8
15924,57
15928,34
15932,42.7
16032,54.8
16036,43.7
16040,48.2
16044,44.8
16048,41.5
16052,31.4
16080,69.5
16084,73.1
16088,53.8
16092,60.5
16096,42.6
16100,44.8
16152,46.2
16156,38.1
16160,61.7
16164,49.3
16168,24.7
16172,29.1
16248,53.8
16252,74.5
16256,77.3
16260,48.2
16264,38.1
16268,41.3
16344,56
16348,79.1
16352,74
16356,49.3
16360,44.8
16364,58.3
16392,53.8
16396,69.2
16400,94.2
16404,79.6
16408,58.3
16412,44.8
16464,77.8
16468,90.8
16472,76.2
16476,61.7
16480,47.1
16484,38.1
16560,51.6
16564,45.8
16568,71.7
16572,79
16576,47.1
16580,52.9
16608,43.7
16612,75.1
16616,86.3
16620,65
16624,46.7
16628,41.5
16776,63.6
16780,77
16784,80.1
16788,56.9
16792,42.2
16796,32.7
16824,90.9
16828,60.6
16832,116
16836,71.7
16840,46.4
16844,41.1
16896,49.5
16900,72.7
16904,109.6
16908,90.7
16912,42.2
16916,45.3
17016,54.6
17020,78
17024,55.9
17028,41.1
17032,32.7
17036,39
17088,50.5
17092,71.5
17096,100.1
17100,75.9
17104,45.3
17108,41.1
17208,54.8
17212,114.9
17216,133.9
17220,67.5
17224,62.2
17228,43.2
17304,59.6
17308,86.4
17312,101.2
17316,109.6
17320,56.9
17324,40.1
17352,81.8
17356,100
17360,102.2
17364,92.7
17368,64.3
17372,45.3
17496,65.1
17500,118
17504,86.3
17508,121.7
17512,58.3
17516,40
17544,58.3
17548,83.2
17552,141.5
17556,88.6
17560,49.7
17564,56.2
17616,74.5
17620,115.5
17624,75.6
17628,126.3
17632,43.2
17636,54
17688,89.6
17692,159.8
17696,142.5
17700,105.8
17704,45.4
17708,62.6
17760,64.2
17764,94.4
17768,127.4
17772,92.9
17776,61.6
17780,41
17832,75.5
17836,111.2
17840,99.3
17844,75.6
17848,67
17852,52
17904,102.6
17908,111.2
17912,150.1
17916,95.8
17920,101.5
17924,41
17976,71.2
17980,142.8
17984,123.1
17988,110.1
17992,74.5
17996,53.2
18096,63.1
18100,68
18104,64
18108,55.5
18112,101.5
18116,65
18216,32
18220,97.6
18224,62.3
18228,111.3
18232,73.1
18236,35.7
18288,52.5
18292,98.9
18296,70
18300,95.7
18304,62.3
18308,46.2
18360,61.8
18364,81.7
18368,109.7
18372,96.8
18376,59.2
18380,47.3
18432,69.9
18436,82.8
18440,64.5
18444,59.2
18448,54.9
18452,75.3
18504,69.9
18508,62.6
18512,114
18516,65.6
18520,46.2
18524,47.8
18576,79.6
18580,66.7
18584,120.4
18588,54.8
18592,44.1
18596,40.8
18648,79.6
18652,65.5
18656,90.3
18660,56
18664,50.5
18668,34.4
18744,51.5
18748,81.7
18752,75.3
18756,54.8
18760,30.1
18764,38.7
18840,62
18844,52.8
18848,54.8
18852,42.7
18856,41.6
18860,28.4
18984,67.1
18988,63
18992,74.1
18996,59
19000,54.8
19004,44.7
19056,71
19060,71.1
19064,70
19068,63
19072,55.8
19076,52
19128,55.8
19132,71.1
19136,62
19140,51.8
19144,44.7
19148,37.6
19200,60.3
19204,59.9
19208,65
19212,53.8
19216,50.8
19220,47.7
19272,66.2
19276,59.9
19280,62
19284,65
19288,50.8
19292,48.7
19344,64
19348,62
19352,68
19356,59.9
19360,51.8
19364,48.7
19416,62.3
19420,72.1
19424,69
19428,59.9
19432,57.9
19436,51.8
19464,61.3
19468,72.1
19472,70
19476,56.9
19480,51.8
19484,48.7
19680,70
19684,69.1
19688,65
19692,58.9
19696,51.8
19700,48.7
19728,72
19732,69
19736,51.8
19740,65
19744,58.9
19748,54.9
19800,78.1
19804,72.8
19808,60.9
19812,66
19816,62.9
19820,58.8
19872,73.1
19876,71.2
19880,63.9
19884,59.8
19888,57.8
19892,55.7
19944,70.1
19948,66
19952,72.2
19956,51.6
19960,55.7
19964,49.5
20016,58.3
20020,69.1
20024,73.2
20028,75.3
20032,58.8
20036,55.7
20088,54.3
20092,70.1
20096,73.2
20100,69.1
20104,68.1
20108,60.9
20160,78.1
20164,57.8
20168,73.2
20172,65
20176,62.9
20180,61.9
20352,93.2
20356,120.3
20360,78.8
20364,73.2
20368,67.8
20372,43.7
20400,61.8
20404,86.4
20408,96.2
20412,56.8
20416,37.7
20420,26.4
20496,63.9
20500,45.9
20504,39.4
20508,48.1
20512,32.8
20516,50.3
20568,41.9
20572,76.5
20576,67.8
20580,55.8
20584,37.2
20588,30.6
20640,54.5
20644,67.8
20648,78.7
20652,52.5
20656,45.9
20660,35
20712,47.1
20716,76.5
20720,66.7
20724,63.4
20728,41.5
20732,48.1
20784,44
20788,64.5
20792,65.5
20796,62.3
20800,45.9
20804,55.7
20856,43
20860,35
20864,51.3
20868,43.7
20872,32.8
20876,48.1
20928,75.4
20932,95.1
20936,72.1
20940,56.8
20944,52.5
20948,45.9
21072,53.8
21076,83.2
21080,85.3
21084,92.9
21088,54
21092,43.2
21144,64.2
21148,88.6
21152,63.7
21156,73.4
21160,44.3
21164,33.5
21216,43.5
21220,63.7
21224,67
21228,36.7
21232,45.4
21236,54
21288,58
21292,72.4
21296,75.6
21300,55.1
21304,43.2
21308,32.4
21360,48.6
21364,54
21368,48.6
21372,42.1
21376,29.2
21380,33.5
21432,45.4
21436,58.3
21440,65.9
21444,47.5
21448,36.7
21452,30.2
21552,48.6
21556,72.4
21560,38.9
21564,45.4
21568,50.8
21572,36.7
21624,74.5
21628,34.6
21632,28.1
21636,25.9
21640,50.8
21644,43.2
21672,71.4
21676,45.4
21680,57.2
21684,42.1
21688,36.7
21692,43.2
21792,42.4
21796,48.6
21800,62.6
21804,42.1
21808,33.5
21812,30.2
21840,39.3
21844,43.2
21848,45.3
21852,40
21856,21.6
21860,38.6
21960,48.1
21964,46.9
21968,58.7
21972,42.7
21976,41.6
21980,36
22080,49.1
22084,56.5
22088,46.9
22092,45.9
22096,40.5
22100,41.6
22152,44
22156,57.6
22160,66.1
22164,40.5
22168,42.7
22172,30.9
22224,47
22228,41.6
22232,32
22236,42.7
22240,30.9
22244,36.3
22272,30.7
22276,50.1
22280,38.4
22284,34.1
22288,39.5
22292,33.1
22368,42.9
22372,39.5
22376,57.6
22380,32
22384,25.6
22388,23.5
22440,41.9
22444,41.6
22448,59.7
22452,40.5
22456,30.9
22460,27.7
22584,41.3
22588,46.6
22592,61.3
22596,44.3
22600,31.8
22604,31
22632,32.6
22636,80.2
22640,62.4
22644,36.3
22648,32.9
22652,28.4
22728,45.7
22732,51.1
22736,67
22740,60.2
22744,45.4
22748,32.9
22800,52.2
22804,44.3
22808,53.4
22812,38.6
22816,40.9
22820,45.4
22920,49
22924,42
22928,39.7
22932,46.6
22936,38.6
22940,31.8
22992,47.9
22996,44.3
23000,55.6
23004,42
23008,39.7
23012,38.6
23040,49
23044,43.1
23048,46.6
23052,43.1
23056,40.9
23060,37.5
23112,47.9
23116,48.8
23120,53.4
23124,36.3
23128,42
23132,40.9
23184,49
23188,46.6
23192,53.4
23196,42
23200,38.6
23204,31.8
23376,45.7
23380,43.1
23384,46.6
23388,40.9
23392,38.6
23396,32.9
23424,47.5
23428,45.3
23432,42
23436,33.1
23440,39.8
23444,37.6
23496,44.5
23500,45.3
23504,43.1
23508,39.8
23512,42
23516,36.5
23568,43.4
23572,44.2
23576,42
23580,40.9
23584,39.8
23588,30.9
23616,46.6
23620,40.9
23624,46.4
23628,39.8
23632,38.7
23636,29.8
23736,45.5
23740,42
23744,45.3
23748,38.7
23752,40.9
23756,28.7
23808,38.7
23812,36.5
23816,33.1
23820,30.9
23824,29.8
23828,27.6
23856,43.1
23860,40.9
23864,33.1
23868,37.6
23872,38.7
23876,30.9
24024,45.5
24028,44.2
24032,42
24036,39.8
24040,40.9
24044,35.3
24072,53
24076,51.9
24080,50.8
24084,49.7
24088,43.1
24092,42
24216,54
24220,54.1
24224,51.9
24228,49.7
24232,43.1
24236,37.6
24264,54.5
24268,51.3
24272,53.5
24276,46.9
24280,41.5
24284,39.3
24312,50.2
24316,48
24320,54.5
24324,52.4
24328,44.7
24332,41.5
24360,47
24364,45.8
24368,52.4
24372,42.5
24376,40.4
24380,38.2
24528,45
24532,49.1
24536,55.6
24540,53.5
24544,45.8
24548,39.3
24576,52.3
24580,56.7
24584,60
24588,56.7
24592,51.3
24596,41.5
24624,53.3
24628,57.8
24632,58.9
24636,60
24640,54.5
24644,38.2
24672,54.4
24676,58.9
24680,60
24684,62.2
24688,53.5
24692,45.8
24840,58.9
24844,57.8
24848,63.3
24852,60
24856,52.4
24860,46.9
24888,57.4
24892,60.8
24896,63
24900,67.4
24904,54.1
24908,48.6
25032,58.5
25036,59.7
25040,61.9
25044,66.3
25048,51.9
25052,49.7
25080,55
25084,58.5
25088,63
25092,67.4
25096,53
25100,47.5
25128,55.2
25132,61.9
25136,64.1
25140,66.3
25144,51.9
25148,48.6
25272,59.3
25276,54.4
25280,63
25284,65.2
25288,50.8
25292,46.4
25320,60.3
25324,60.8
25328,65.2
25332,63
25336,51.9
25340,48.6
25368,61.4
25372,61.9
25376,63
25380,64.4
25384,50.8
25388,55
25536,62.5
25540,66.3
25544,63
25548,60.8
25552,66.7
25556,60.2
25584,66
25588,67.7
25592,71.2
25596,70
25600,64.3
25604,60.8
25656,67.1
25660,72.3
25664,68.9
25668,67.7
25672,65.4
25676,59.7
25776,69.3
25780,74.6
25784,70
25788,76.9
25792,67.7
25796,62
25848,70.4
25852,69.3
25856,75.7
25860,64.3
25864,63.1
25868,69.5
25896,64.9
25900,73.5
25904,68.9
25908,71.2
25912,62
25916,58.5
25968,66
25972,74.6
25976,70
25980,72.3
25984,65.4
25988,60.8
26064,72.3
26068,71.2
26072,79.2
26076,76.9
26080,66.6
26084,60.6
26136,57.5
26140,73.5
26144,78
26148,74.6
26152,67.7
26156,59.7
26280,86.4
26284,85.8
26288,73.9
26292,82.6
26296,76.1
26300,73.9
26328,106.2
26332,136.9
26336,141.2
26340,102.1
26344,117.3
26348,93.3
26424,98.9
26428,132.6
26432,143.4
26436,100
26440,115.2
26444,88
26472,101
26476,113
26480,106.5
26484,138
26488,111.9
26492,96.7
26520,98.5
26524,114.1
26528,107.6
26532,133.6
26536,105.4
26540,99.9
26736,93.7
26740,101
26744,111.9
26748,119.5
26752,103.2
26756,84.7
26784,101
26788,96.6
26792,116.3
26796,107.6
26800,100
26804,83.7
26832,91.6
26836,104.3
26840,110.8
26844,106.5
26848,97.8
26852,85.8
26880,101
26884,107.6
26888,115.2
26892,121.7
26896,102.1
26900,82.6
27072,99.5
27076,106
27080,114.9
27084,121.5
27088,101.6
27092,85.1
27120,101.6
27124,104.9
27128,118.2
27132,111.6
27136,98.3
27140,81.7
27216,102.7
27220,106
27224,111.6
27228,109.4
27232,90.6
27236,79.5
27264,100.6
27268,101.6
27272,112.7
27276,99.1
27280,106.7
27284,77.3
27312,91
27316,106
27320,113.8
27324,104.9
27328,96.1
27332,86.2
27360,97.2
27364,103.8
27368,112.7
27372,106
27376,92.8
27380,80.6
27504,91
27508,102.7
27512,114.9
27516,101.6
27520,86.2
27524,82.8
27552,91
27556,96.1
27560,116
27564,94.9
27568,84
27572,80.6
27744,89.5
27748,89.1
27752,92.4
27756,96.7
27760,79.3
27764,76.1
27792,90.6
27796,91.3
27800,93.4
27804,89.4
27808,77.1
27812,73.9
27864,89.5
27868,88
27872,95.6
27876,92.4
27880,79.3
27884,76.1
27936,95.6
27940,91.3
27944,96.7
27948,94.5
27952,98.9
27956,78.2
27984,94.5
27988,92.4
27992,96.7
27996,93.4
28000,81.5
28004,79.3
28056,88.5
28060,94.5
28064,89.1
28068,85.8
28072,85.7
28076,71.7
28176,86.4
28180,93.4
28184,94.5
28188,95.6
28192,86.6
28196,70.6
28296,79.1
28300,81.5
28304,89.1
28308,86.9
28312,80
28316,66.3
28344,81.2
28348,79.3
28352,86.9
28356,92.4
28360,69.5
28364,63
28464,84.6
28468,81.2
28472,85.7
28476,76.7
28480,83.5
28484,71.1
28512,81.1
28516,80.1
28520,82.4
28524,77.8
28528,73.3
28532,69.9
28560,86.9
28564,83.5
28568,85.7
28572,84.6
28576,72.2
28580,68.8
28704,78.9
28708,79
28712,88
28716,81.2
28720,74.5
28724,71.1
28752,74.6
28756,79
28760,82.4
28764,80.1
28768,68.8
28772,65.4
28824,81.2
28828,83.5
28832,75.6
28836,80.1
28840,73.3
28844,67.7
28944,80
28948,79
28952,77.8
28956,82.4
28960,74.5
28964,69.9
29088,77.9
29092,81.2
29096,85.5
29100,64.9
29104,55.2
29108,47.6
29136,71.4
29140,77.9
29144,79
29148,63.8
29152,51.9
29156,44.4
29232,69.3
29236,81.2
29240,77.9
29244,61.7
29248,45.4
29252,40
29280,68.2
29284,75.7
29288,81.2
29292,62.8
29296,55.2
29300,44.4
29352,68.4
29356,80.1
29360,84.4
29364,61.7
29368,48.7
29372,42.2
29400,67.4
29404,81.2
29408,83.3
29412,88.7
29416,66
29420,53
29544,66.4
29548,77.9
29552,81.2
29556,82.2
29560,61.7
29564,50.9
29592,66
29596,63.8
29600,77.9
29604,80.1
29608,50.9
29612,39
29664,58.4
29668,67.1
29672,70.3
29676,71.4
29680,48.7
29684,36.8
29712,60.6
29716,70.3
29720,73.6
29724,77.9
29728,46.5
29732,33.5
29928,65.1
29932,68.3
29936,71.6
29940,67.2
29944,58.6
29948,49.9
29976,68.3
29980,72.6
29984,60.7
29988,57.5
29992,54.2
29996,48.8
30048,64.4
30052,70.5
30056,58.6
30060,51
30064,41.2
30068,34.7
30120,69.4
30124,56.4
30128,62.9
30132,51
30136,40.1
30140,33.6
30168,70.5
30172,67.2
30176,73.7
30180,54.2
30184,39
30188,34.7
30312,68.3
30316,69.4
30320,71.6
30324,48.8
30328,36.9
30332,31.4
30360,62.3
30364,72.6
30368,75.9
30372,58.6
30376,43.4
30380,33.6
30408,61.8
30412,68.3
30416,72.6
30420,65.1
30424,58.6
30428,38
30600,67
30604,69.2
30608,71.4
30612,60.4
30616,47.2
30620,39.5
30648,68.1
30652,71.4
30656,75.7
30660,60.4
30664,45
30668,37.3
30696,64.2
30700,69.2
30704,72.5
30708,59.3
30712,41.7
30716,35.1
30744,58.2
30748,62.6
30752,60.4
30756,51.6
30760,40.6
30764,37.3
30840,57.1
30844,58.2
30848,62.6
30852,49.4
30856,38.4
30860,35.1
30888,59.3
30892,61.5
30896,63.7
30900,51.6
30904,41.7
30908,36.2
31080,76.1
31084,80.2
31088,82.9
31092,61.1
31096,43.5
31100,36.7
31128,59.3
31132,63.7
31136,65.9
31140,47.2
31144,39.5
31148,30.7
31176,62.6
31180,64.8
31184,68.1
31188,58.2
31192,46.1
31196,31.8
31224,64.8
31228,67
31232,69.2
31236,52.7
31240,40.6
31244,27.4
31440,60.4
31444,64.8
31448,62.6
31452,65.9
31456,37.3
31460,28.5
31488,62.6
31492,65.9
31496,68.1
31500,64.8
31504,39.5
31508,30.7
31560,61.5
31564,66.9
31568,70.3
31572,63.7
31576,40.6
31580,31.8
31608,62.6
31612,68.1
31616,71.4
31620,59.3
31624,39.5
31628,28.5
31704,61.5
31708,69.2
31712,67
31716,57.1
31720,37.3
31724,27.4
31800,59.3
31804,68.1
31808,70.3
31812,58.2
31816,35.1
31820,29.6
31848,60.4
31852,69.2
31856,71.4
31860,59.3
31864,37.3
31868,31.8
31920,59.3
31924,67
31928,69.2
31932,57.1
31936,39.5
31940,29.6
32112,60
32116,68.7
32120,65.5
32124,55.6
32128,41.5
32132,31.6
32160,62.2
32164,67.6
32168,69.8
32172,53.5
32176,42.5
32180,33.8
32232,63.3
32236,69.8
32240,72
32244,45.8
32248,39.3
32252,38.2
32280,62.2
32284,66.6
32288,69.8
32292,46.9
32296,36
32300,33.8
32352,58.9
32356,73.1
32360,70.9
32364,45.8
32368,34.9
32372,32.7
32424,56.7
32428,66.6
32432,69.8
32436,42.5
32440,33.8
32444,30.5
32544,58.9
32548,70.9
32552,73.1
32556,50.2
32560,41.5
32564,37.1
32640,57.8
32644,69.8
32648,70.9
32652,48
32656,37.1
32660,34.9
32688,60
32692,72
32696,75.3
32700,53.5
32704,40.4
32708,38.2
32808,56.7
32812,62.2
32816,72
32820,66.6
32824,56.7
32828,49.1
32856,54.9
32860,63.6
32864,73.3
32868,64.7
32872,59.3
32876,46.3
33000,57.1
33004,67.9
33008,74.4
33012,69
33016,60.4
33020,48.5
33048,59.3
33052,70
33056,77.6
33060,65.7
33064,57.1
33068,47.4
33120,60.4
33124,72.2
33128,78.7
33132,64.7
33136,56
33140,48.5
33240,61.4
33244,72.2
33248,77.6
33252,80.8
33256,57.1
33260,48.5
33312,63.6
33316,74.4
33320,78.7
33324,83
33328,55
33332,45.3
33384,67.9
33388,79.9
33392,80.8
33396,81.9
33400,53.9
33404,43.1
33432,65.7
33436,69
33440,84.1
33444,78.7
33448,56
33452,47.4
33600,69.9
33604,75.6
33608,91.4
33612,85.7
33616,60.9
33620,54.2
33672,71.1
33676,77.8
33680,99.3
33684,102.7
33688,62
33692,55.3
33744,63.2
33748,75.6
33752,97
33756,99.3
33760,57.5
33764,46.3
33816,60.9
33820,69.9
33824,95.9
33828,97
33832,58.7
33836,44
33888,59.8
33892,71.1
33896,98.1
33900,99.3
33904,53
33908,41.7
33984,64.3
33988,74.5
33992,99.3
33996,101.5
34000,57.5
34004,50.8
34032,63.2
34036,76.7
34040,91.4
34044,104.9
34048,58.7
34052,53
34128,62
34132,77.8
34136,90.3
34140,107.2
34144,57.5
34148,54.2
34272,70
34276,81.9
34280,111
34284,120.7
34288,89.4
34292,77.6
34320,72.2
34324,88.4
34328,116.4
34332,129.3
34336,90.5
34340,79.7
34416,71.1
34420,90.5
34424,121.8
34428,135.8
34432,88.4
34436,77.6
34512,72.2
34516,95.9
34520,128.2
34524,144.4
34528,98.1
34532,85.1
34560,70
34564,93.8
34568,114.2
34572,134.7
34576,91.6
34580,80.8
34632,65.7
34636,74.4
34640,81.9
34644,96
34648,103.5
34652,76.5
34704,70
34708,77.6
34712,85.1
34716,112.1
34720,101.3
34724,78.7
34776,72.2
34780,84.1
34784,88.4
34788,118.5
34792,103.5
34796,80.8
34872,74.4
34876,83
34880,92.7
34884,121.8
34888,105.6
34892,79.7
35016,71.1
35020,61.4
35024,92.7
35028,86.2
35032,64.7
35036,60.4
35064,74.4
35068,77.6
35072,86.2
35076,91.6
35080,106.7
35084,84.1
35136,72.2
35140,74.4
35144,91.6
35148,94.8
35152,98.1
35156,78.7
35208,80.8
35212,86.2
35216,104.5
35220,106.7
35224,92.7
35228,90.5
35304,81.9
35308,90.5
35312,104.5
35316,111
35320,97
35324,90.5
35424,75.4
35428,84
35432,90.5
35436,115.3
35440,119.6
35444,85.1
35496,67.9
35500,73.3
35504,91.6
35508,93.8
35512,97
35516,80.8
35568,66.8
35572,70.7
35576,94.8
35580,97
35584,102.4
35588,86.2
35616,70
35620,86.2
35624,112.1
35628,120.7
35632,94.8
35636,80.8
35760,70
35764,71.1
35768,76.6
35772,87.3
35776,90.5
35780,75.4
35856,71.5
35860,79.2
35864,92.4
35868,105.6
35872,99
35876,89.1
35904,69.3
35908,75.9
35912,78.1
35916,91.3
35920,95.7
35924,84.7
36000,74.8
36004,78.1
36008,86.9
36012,94.6
36016,100.1
36020,88
36048,74.8
36052,78.1
36056,81.4
36060,97.9
36064,103.4
36068,89.1
36144,67.1
36148,74.8
36152,81.4
36156,90.2
36160,99
36164,86.9
36288,73.7
36292,79.2
36296,88
36300,103.4
36304,100.1
36308,82.5
36336,71.5
36340,78.1
36344,88
36348,102.3
36352,89.1
36356,83.6
36432,77
36436,89.1
36440,92.4
36444,97.9
36448,99
36452,88
36528,76.4
36532,82.8
36536,89.3
36540,98.9
36544,94.6
36548,81.7
36576,71
36580,74.2
36584,77.4
36588,92.5
36592,97.9
36596,90.3
36672,72.1
36676,73.1
36680,74.2
36684,82.8
36688,92.5
36692,87.1
36720,74.2
36724,78.5
36728,83.9
36732,94.6
36736,86
36740,82.8
36792,69.9
36796,73.1
36800,77.4
36804,90.3
36808,86
36812,80.7
36912,67.8
36916,71
36920,77.4
36924,90.3
36928,81.7
36932,75.3
36984,72.1
36988,75.3
36992,78.5
36996,89.3
37000,86
37004,77.4
37056,66.7
37060,74.2
37064,79.6
37068,87.1
37072,81.7
37076,77.4
37176,64.5
37180,67.8
37184,76.4
37188,81.7
37192,87.1
37196,73.1
37320,61.2
37324,66.7
37328,72.2
37332,78.7
37336,80.9
37340,72.2
37368,63.4
37372,67.8
37376,71.1
37380,82
37384,76.5
37388,70
37440,66.7
37444,70
37448,73.2
37452,84.2
37456,77.6
37460,71.1
37584,67.8
37588,72.2
37592,76.5
37596,85.3
37600,75.4
37604,70
37728,73.2
37732,77.6
37736,84.2
37740,89.6
37744,79.8
37748,75.4
37800,70
37804,76.5
37808,85.3
37812,88.6
37816,82
37820,72.2
37896,61.81
37900,72.29
37904,114.55
37908,142.49
37912,54.48
37916,49.24
38016,47.15
38020,51.34
38024,53.86
38028,57.93
38032,51.83
38036,47.76
38088,48.19
38092,57.94
38096,60.45
38100,54.08
38104,45.6
38108,42.42
38160,45.05
38164,55.76
38168,61.52
38172,65.75
38176,54.08
38180,44.54
38280,32.48
38284,41.54
38288,50.9
38292,55.14
38296,45.6
38300,39.24
38376,36.67
38380,44.82
38384,49.84
38388,58.32
38392,49.84
38396,41.36
38472,39.81
38476,48.1
38480,51.96
38484,62.57
38488,59.05
38492,47.72
38544,47
38548,52.5
38552,58.3
38556,67.9
38560,55.1
38564,50.9
38616,54.1
38620,66.8
38624,71.1
38628,82.7
38632,65.8
38636,56.2
38712,47.2
38716,51.4
38720,55.5
38724,59.7
38728,53.4
38732,49.3
38760,50.3
38764,59.7
38768,63.9
38772,69.2
38776,56.6
38780,53.4
38832,39.8
38836,46.11
38840,58.7
38844,56.6
38848,53.4
38852,48.2
38976,43
38980,48.2
38984,63.9
38988,69.2
38992,57.6
38996,54.5
39024,44.2
39028,51.4
39032,66
39036,65
39040,60.8
39044,48.2
39072,44
39076,49.3
39080,63.9
39084,68.1
39088,61.8
39092,44
39144,39.8
39148,46.1
39152,59.7
39156,65
39160,54.5
39164,43
39264,37.7
39268,43
39272,58.7
39276,61.8
39280,52.4
39284,41.9
39384,39.8
39388,44
39392,58.7
39396,65
39400,55.5
39404,49.3
39432,38.2
39436,46.4
39440,52.6
39444,54.7
39448,45.4
39452,42.3
39504,33
39508,39.2
39512,42.3
39516,48.5
39520,41.3
39524,38.2
39648,28.9
39652,36
39656,39.2
39660,43.3
39664,35.1
39668,31
39720,32
39724,35.1
39728,40.2
39732,43.3
39736,36.1
39740,33
39792,34
39796,37.1
39800,47.5
39804,50.6
39808,38.2
39812,34
39864,32
39868,39.2
39872,45.4
39876,48.5
39880,42.3
39884,37.1
39912,34
39916,46.4
39920,47.5
39924,54.7
39928,44.4
39932,35.1
40008,29.9
40012,33
40016,38.2
40020,45.4
40024,37.1
40028,31
40104,33.9
40108,34
40112,40.5
40116,56.2
40120,37.1
40124,32
40200,31
40204,34
40208,38.2
40212,45.4
40216,36.1
40220,34
40248,38.8
40252,41
40256,47.4
40260,50.7
40264,44.2
40268,42
40320,33.4
40324,36.6
40328,45.3
40332,53.9
40336,47.4
40340,50
40464,28
40468,32.3
40472,36.6
40476,42
40480,38.8
40484,31.3
40560,25.9
40564,30.2
40568,35.6
40572,41
40576,37.7
40580,33.4
40608,30.2
40612,34.5
40616,37.7
40620,41
40624,38.8
40628,33.4
40680,26.9
40684,31.3
40688,44.6
40692,38.8
40696,37.7
40700,34.5
40752,30.2
40756,34.5
40760,38.8
40764,42
40768,39.9
40772,35.6
40896,29.2
40900,31.3
40904,36.6
40908,42
40912,35.6
40916,34.5
40944,26.9
40948,29.1
40952,36.6
40956,44.2
40960,38.8
40964,34.5
41016,30.2
41020,34.5
41024,39.9
41028,47.4
41032,41
41036,37.7
41112,35.6
41116,42
41120,47.4
41124,52.8
41128,50.7
41132,44.2
41208,33.4
41212,41
41216,51.7
41220,50.7
41224,48.5
41228,46.3
41256,31.3
41260,36.6
41264,50.7
41268,47.4
41272,46.3
41276,42
41304,36.6
41308,41
41312,56
41316,52.8
41320,50.7
41324,44.2
41496,38.8
41500,47.4
41504,59.3
41508,60.4
41512,51.7
41516,46.3
41568,33.4
41572,36.6
41576,49.6
41580,51.7
41584,48.5
41588,44.2
41640,32.3
41644,35.6
41648,46.3
41652,52.8
41656,49.6
41660,42
41712,34.2
41716,38.7
41720,45.3
41724,57.4
41728,51.9
41732,44.2
41784,37.6
41788,45.3
41792,51.9
41796,60.8
41800,53
41804,45.3
41856,43.1
41860,56.9
41864,61.9
41868,68.5
41872,63
41876,56.3
42000,38.7
42004,53
42008,60.8
42012,64.1
42016,59.7
42020,51.9
42048,40.9
42052,54.1
42056,65.2
42060,72.9
42064,61.9
42068,53
42096,36.5
42100,48.6
42104,57.4
42108,67.4
42112,55.2
42116,47.5
42192,42
42196,45.3
42200,57.4
42204,74
42208,63
42212,54.1
42312,38.7
42316,51.9
42320,60.8
42324,75.1
42328,64.1
42332,56.3
42384,38.7
42388,44.2
42392,55.2
42396,68.5
42400,60.8
42404,50.8
42504,41.9
42508,48.4
42512,55.9
42516,69.9
42520,60.2
42524,49.5
42576,37.6
42580,44.1
42584,55.9
42588,65.6
42592,60.2
42596,48.4
42624,34.4
42628,43
42632,53.8
42636,63.5
42640,58.1
42644,47.3
42696,47.3
42700,52.7
42704,57
42708,63.5
42712,55.9
42716,51.6
42768,46.3
42772,52.7
42776,65.6
42780,77.4
42784,60.2
42788,48.4
42816,44.1
42820,55.9
42824,69.9
42828,83.9
42832,66.7
42836,54.9
42960,41.9
42964,53.8
42968,72.1
42972,85
42976,71
42980,58.1
43080,51.1
43084,53.8
43088,73.1
43092,94.6
43096,68.8
43100,58.1
43128,38.1
43132,60.2
43136,78.5
43140,95.7
43144,72.1
43148,61.3
43200,48.6
43204,63.7
43208,90.7
43212,105.8
43216,84.2
43220,67
43272,56.2
43276,74.5
43280,100.4
43284,102.6
43288,89.6
43292,72.4
43320,59.4
43324,76.7
43328,103.7
43332,102.6
43336,90.7
43340,75.6
43512,46.4
43516,74.5
43520,97.2
43524,98.3
43528,86.4
43532,70.2
43560,53.9
43564,63.7
43568,78.8
43572,95
43576,90.7
43580,74.5
43656,44.3
43660,75.3
43664,78.8
43668,96.1
43672,87.5
43676,77.8
43728,44.3
43732,74.5
43736,88.6
43740,102.6
43744,92.9
43748,77.8
43776,56.2
43780,74.5
43784,90.7
43788,110.1
43792,95
43796,77.8
43896,55.8
43900,73.7
43904,89.3
43908,111.6
43912,91.1
43916,89.9
43992,50.3
43996,69.2
44000,86
44004,102.7
44008,81.5
44012,75.9
44040,56.9
44044,75.9
44048,103.8
44052,106
44056,87.1
44060,79.3
44136,52.5
44140,71.4
44144,100.5
44148,100.5
44152,83.7
44156,74.8
44256,53.6
44260,81.6
44264,110
44268,102.7
44272,93.8
44276,81.5
44352,52.5
44356,71.4
44360,91.5
44364,106
44368,90.4
44372,84.8
44424,58
44428,74.8
44432,94.9
44436,106
44440,92.6
44444,87.1
44496,55.8
44500,69.2
44504,91.5
44508,101.6
44512,94.9
44516,88.2
44544,54.7
44548,63.6
44552,97.1
44556,99.3
44560,91.5
44564,80.4
44688,57
44692,70.1
44696,99.7
44700,100.8
44704,92
44708,82.2
44736,50.4
44740,66.8
44744,93.1
44748,101.9
44752,92
44756,76.7
44784,47.1
44788,60.3
44792,87.6
44796,95.3
44800,88.7
44804,78.9
44928,50.4
44932,64.6
44936,90.9
44940,99.7
44944,92
44948,80
44976,51.5
44980,69
44984,97.5
44988,100.8
44992,94.2
44996,76.7
45024,47.1
45028,62.4
45032,89.8
45036,98.6
45040,89.8
45044,77.8
45216,48.2
45220,65.7
45224,84.4
45228,93.1
45232,86.5
45236,77.8
45264,49.3
45268,67.9
45272,80
45276,88.7
45280,83.3
45284,78.9
45336,48.1
45340,79
45344,84.7
45348,83.6
45352,74.4
45356,75.6
45384,49.2
45388,68.7
45392,81.3
45396,88.2
45400,83.6
45404,76.7
45528,47
45532,64.1
45536,84.7
45540,92.8
45544,79
45548,71
45576,50.4
45580,71
45584,89.3
45588,95.1
45592,83.6
45596,77.9
45648,52.7
45652,71
45656,84.8
45660,90.5
45664,83.6
45668,75.6
45744,48.1
45748,64.1
45752,80.2
45756,83.6
45760,79
45764,66.9
45792,50.4
45796,67.6
45800,83.6
45804,92.8
45808,84.7
45812,74.4
45912,53.8
45916,71
45920,89.3
45924,91.6
45928,81.3
45932,79
46056,48.2
46060,69
46064,80
46068,93.1
46072,76.7
46076,72.3
46104,50.4
46108,74.5
46112,82.2
46116,87.6
46120,78.9
46124,73.4
46152,44.9
46156,72.3
46160,76.7
46164,87.6
46168,75.6
46172,71.2
46272,47.1
46276,74.5
46280,78.9
46284,89.8
46288,77.8
46292,70.1
46344,44.9
46348,70.1
46352,85.4
46356,97.5
46360,86.5
46364,73.4
46416,40
46420,71.1
46424,77.8
46428,93.1
46432,80
46436,71.2
46464,46
46468,63.5
46472,75.6
46476,93.1
46480,85.4
46484,77.8
46536,47.1
46540,67.9
46544,78.9
46548,87.6
46552,80
46556,70.1
46704,47.1
46708,64.6
46712,75.6
46716,84.4
46720,71.2
46724,65.7
46752,43
46756,55.9
46760,67.8
46764,78.5
46768,68.8
46772,62.4
46848,48.4
46852,63.5
46856,74.2
46860,72.1
46864,71
46868,61.3
46896,45.2
46900,59.2
46904,78.5
46908,88.2
46912,74.2
46916,55.9
46968,47.3
46972,63.5
46976,75.3
46980,79.6
46984,83.9
46988,63.5
47088,43
47092,62.4
47096,73.1
47100,77.4
47104,75.3
47108,62.4
47160,46.2
47164,76.5
47168,75.1
47172,78.5
47176,79.6
47180,66.7
47280,45.2
47284,73.1
47288,85
47292,90.3
47296,75.3
47300,63.5
47328,49.5
47332,68.8
47336,68.7
47340,85
47344,83.9
47348,68.8
47376,43
47380,60.2
47384,77.4
47388,79.6
47392,75.3
47396,64.5
47568,40.2
47572,68.5
47576,67
47580,78.1
47584,70.3
47588,64.7
47616,36.8
47620,63.6
47624,72.6
47628,79.3
47632,67
47636,59.2
47664,40.2
47668,72.6
47672,70.3
47676,81.6
47680,65.9
47684,63.6
47760,43.5
47764,69.2
47768,73.7
47772,84.8
47776,71.4
47780,61.4
47856,33.5
47860,60.3
47864,68.1
47868,80.4
47872,65.9
47876,56.9
47928,35.7
47932,56.9
47936,69.2
47940,81.5
47944,70.3
47948,60.3
47976,33.5
47980,48
47984,64.7
47988,77
47992,59.2
47996,55.8
48072,39.1
48076,59.2
48080,68.1
48084,78.1
48088,69.2
48092,59.2
48216,35.6
48220,55.6
48224,73.4
48228,70
48232,62.2
48236,55.6
48264,41.1
48268,61.1
48272,75.6
48276,66.7
48280,61.1
48284,52.2
48360,43.4
48364,65.6
48368,71.1
48372,63.4
48376,57.8
48380,44.5
48408,37.8
48412,61.1
48416,76.7
48420,82.3
48424,61.1
48428,51.1
48480,41.1
48484,63.4
48488,83.4
48492,85.6
48496,64.5
48500,57.8
48624,45.6
48628,61.1
48632,68.9
48636,66.7
48640,57.8
48644,48.9
48672,34.5
48676,53.4
48680,61.1
48684,55.6
48688,58.9
48692,46.7
48768,34.1
48772,45.6
48776,62.2
48780,57.8
48784,51.1
48788,45.6
48840,37.8
48844,54.5
48848,58.9
48852,73.4
48856,57.8
48860,48.9
48936,33.3
48940,61.1
48944,64.5
48948,75.6
48952,60
48956,46.7
48984,37.6
48988,61.9
48992,69.6
48996,81.7
49000,64.1
49004,57.4
49104,35.3
49108,57.4
49112,66.3
49116,68.5
49120,58.5
49124,51.9
49248,29.8
49252,53
49256,62.9
49260,55.2
49264,49.7
49268,45.3
49296,33.1
49300,54.1
49304,59.7
49308,60.8
49312,48.6
49316,42
49392,36.5
49396,50.8
49400,64.1
49404,69.6
49408,58.5
49412,46.4
49464,39.8
49468,53
49472,68.5
49476,69.6
49480,60.8
49484,48.6
49536,36.5
49540,63
49544,70.7
49548,74
49552,63
49556,45.3
49632,37.6
49636,67.4
49640,68.5
49644,61.9
49648,57.4
49652,49.7
49680,32
49684,54.1
49688,59.7
49692,79.5
49696,60.8
49700,42
49776,35.5
49780,48.8
49784,59.9
49788,72.1
49792,53.2
49796,42.2
49824,37.7
49828,53.2
49832,64.3
49836,81
49840,57.7
49844,42.2
49968,34.4
49972,47.7
49976,57.7
49980,67.7
49984,52.1
49988,38.8
50040,32.2
50044,53.2
50048,63.2
50052,65.4
50056,51
50060,44.6
50088,34.4
50092,49.9
50096,64.3
50100,82.1
50104,59.9
50108,47.7
50184,38.8
50188,57.7
50192,69.9
50196,85.4
50200,63.2
50204,51
50232,38.8
50236,65.4
50240,73.2
50244,90.5
50248,65.4
50252,53.2
50328,39.4
50332,64.6
50336,73.4
50340,87
50344,64.6
50348,52.6
50448,34
50452,59.2
50456,69
50460,71.2
50464,58.1
50468,49.3
50520,46
50524,63.5
50528,75.6
50532,85.4
50536,73.4
50540,57
50568,52.6
50572,80
50576,81.1
50580,97.5
50584,74.5
50588,51.5
50760,47.1
50764,72.3
50768,73.4
50772,75.6
50776,61.3
50780,52.6
50808,43.8
50812,69
50816,71.2
50820,86.5
50824,63.5
50828,49.3
50880,49.3
50884,75.6
50888,78.9
50892,88.7
50896,64.6
50900,51.5
50952,44.9
50956,76.7
50960,76.7
50964,93.1
50968,60.3
50972,50.4
51024,48.2
51028,64.6
51032,75.6
51036,88.7
51040,75.6
51044,41.6
51120,43.8
51124,61.3
51128,78.9
51132,92
51136,78.9
51140,46
51216,46
51220,62.4
51224,81.1
51228,89.8
51232,83.3
51236,50.4
51264,41.6
51268,64.6
51272,89.8
51276,93.1
51280,75.6
51284,50.4
51408,49.3
51412,70.1
51416,85.4
51420,89.8
51424,77.8
51428,54.8
51480,46
51484,63.5
51488,83.3
51492,85.4
51496,83.3
51500,52.6
51528,47.1
51532,66.8
51536,85.4
51540,89.8
51544,86.5
51548,57
51624,43.8
51628,62.4
51632,81.1
51636,86.5
51640,69
51644,59.2
51672,44.9
51676,67.9
51680,74.5
51684,92
51688,73.4
51692,61.3
51744,41.6
51748,72.3
51752,76.7
51756,86.5
51760,65.7
51764,54.8
51840,39.4
51844,64.6
51848,69
51852,78.9
51856,66.8
51860,57
51936,37.2
51940,59.2
51944,69
51948,76.7
51952,62.4
51956,55.9
52032,47.1
52036,64.6
52040,71.2
52044,85.4
52048,66.8
52052,59.2
52152,44.9
52156,67.9
52160,75.6
52164,86.5
52168,70.1
52172,54.8
52224,47.1
52228,74.5
52232,89.8
52236,83.3
52240,73.4
52244,55.9
52296,47.1
52300,70.1
52304,81.1
52308,88.7
52312,72.3
52316,57
52368,51.5
52372,75.6
52376,80
52380,90.9
52384,75.6
52388,60.3
52416,46
52420,69
52424,84.4
52428,96.4
52432,64.6
52436,57
52584,48.2
52588,70.1
52592,76.7
52596,88.7
52600,71.2
52604,58.1
52632,61.2
52636,73.4
52640,78.9
52644,86.5
52648,73.4
52652,54.8
52680,50.5
52684,69.1
52688,81.3
52692,88.9
52696,71.3
52700,57
52728,62.5
52732,74.6
52736,80.1
52740,90
52744,71.3
52748,57
52872,43.9
52876,66.9
52880,82.3
52884,84.5
52888,68
52892,54.9
52944,38.4
52948,75.7
52952,71.3
52956,97.6
52960,73.5
52964,60.3
53112,42.8
53116,74.6
53120,77.9
53124,93.3
53128,70.2
53132,56
53160,45
53164,72.4
53168,83.4
53172,94.3
53176,74.6
53180,64.7
53256,42.4
53260,71.3
53264,74.6
53268,82.3
53272,65.8
53276,52.7
53304,44.7
53308,75.7
53312,83.4
53316,85.6
53320,70.2
53324,57
53448,44.2
53452,68.9
53456,76.7
53460,87.8
53464,62.3
53468,51.1
53496,45.6
53500,70
53504,78.9
53508,83.4
53512,65.6
53516,56.7
53568,41.1
53572,68.9
53576,70
53580,87.8
53584,61.1
53588,48.9
53616,43.4
53620,91.2
53624,83.4
53628,99
53632,71.2
53636,58.9
53712,41.1
53716,78.9
53720,81.2
53724,84.5
53728,66.7
53732,53.4
53808,44.5
53812,70
53816,86.7
53820,80.1
53824,71.2
53828,58.9
53856,36.7
53860,70
53864,78.9
53868,83.4
53872,63.4
53876,51.1
54000,40
54004,72.3
54008,82.3
54012,86.7
54016,72.3
54020,55.6
54096,41.1
54100,77.6
54104,76.4
54108,82.3
54112,70.5
54116,60
54144,42.3
54148,74.1
54152,49.2
54156,50.6
54160,45.9
54164,38.8
54192,41.1
54196,76.4
54200,85.8
54204,82.3
54208,60
54212,51.7
54288,40
54292,71.7
54296,75.2
54300,70.5
54304,65.8
54308,50.6
54384,43.5
54388,78.8
54392,81.1
54396,84.6
54400,56.4
54404,45.9
54480,41.1
54484,70.5
54488,72.9
54492,76.4
54496,57.6
54500,44.7
54576,35.3
54580,65.8
54584,72.9
54588,75.2
54592,57.6
54596,42.3
54624,40
54628,67
54632,69.4
54636,79.9
54640,48.2
54644,41.1
54720,37.6
54724,61.1
54728,64.7
54732,78.8
54736,50.6
54740,43.5
54792,42.3
54796,68.2
54800,71.7
54804,87
54808,55.3
54812,45.9
54864,40.6
54868,71.8
54872,65.2
54876,80.6
54880,47.5
54884,42
54912,35.3
54916,77.3
54920,72.9
54924,85.1
54928,53
54932,43.1
55104,38.7
55108,67.4
55112,55.2
55116,77.3
55120,44.2
55124,37.6
55152,40.9
55156,59.7
55160,69.6
55164,81.7
55168,49.7
55172,39.8
55224,35.3
55228,63
55232,54.1
55236,50.8
55240,38.7
55244,33.1
55344,35.3
55348,61.9
55352,67.4
55356,74
55360,47.5
55364,35.3
55416,36.5
55420,49.7
55424,58.5
55428,61.9
55432,45.3
55436,35.3
55464,37.6
55468,65.2
55472,74
55476,87.3
55480,50.8
55484,42
55560,38.2
55564,60.9
55568,71.7
55572,75.2
55576,50.2
55580,38.2
55608,39.4
55612,69.3
55616,83.8
55620,65.7
55624,53.7
55628,40.6
55704,40.6
55708,70.5
55712,72.8
55716,86
55720,51.4
55724,39.4
55848,46.6
55852,74
55856,63.8
55860,60.9
55864,47.8
55868,43
55920,38.2
55924,62.1
55928,70.5
55932,84.8
55936,52.5
55940,41.8
55992,40.6
55996,63.3
56000,76.4
56004,74
56008,49
56012,39.4
56064,35.8
56068,56.1
56072,60.9
56076,69.3
56080,56.1
56084,43
56160,35.8
56164,60.9
56168,72.8
56172,82.4
56176,53.7
56180,40.6
56256,38.2
56260,57.3
56264,74
56268,71.7
56272,47.8
56276,41.8
56304,37
56308,59.7
56312,62.1
56316,64.5
56320,45.4
56324,37
56376,38.9
56380,60.8
56384,75.4
56388,77.8
56392,54.7
56396,46.2
56448,29.2
56452,53.5
56456,65.7
56460,66.9
56464,46.2
56468,34.1
56568,35.3
56572,64.5
56576,77.8
56580,73
56584,55.9
56588,45
56688,35.3
56692,55.9
56696,73
56700,70.5
56704,52.3
56708,34.1
56760,38.9
56764,60.8
56768,75.4
56772,77.8
56776,54.7
56780,46.2
56808,35.3
56812,52.3
56816,66.9
56820,63.2
56824,48.6
56828,32.8
57648,32.5
57652,54.2
57656,59
57660,63.9
57664,43.4
57668,38.6
57696,36.2
57700,47
57704,53
57708,59
57712,47
57716,39.8
57744,34.5
57748,40.7
57752,48.1
57756,53
57760,38.2
57764,33.3
57840,32.1
57844,38.2
57848,45.6
57852,51.8
57856,37
57860,31.5
57936,28.4
57940,43.2
57944,48.1
57948,54.3
57952,38.2
57956,32.1
57984,34.5
57988,53
57992,61.7
57996,64.1
58000,51.8
58004,40.7
58128,38.2
58132,58
58136,66.6
58140,74
58144,58
58148,43.6
58176,34.5
58180,60.4
58184,58
58188,65.4
58192,46.9
58196,39.5
58224,43.8
58228,55.3
58232,69.1
58236,79.7
58240,54.1
58244,40.7
58344,27.7
58348,45.6
58352,55.5
58356,55.5
58360,43.2
58364,30.8
58392,29.6
58396,39.5
58400,51.8
58404,53
58408,44.4
58412,35.8
58488,30.8
58492,53
58496,60.4
58500,62.9
58504,49.3
58508,43.2
58584,31.3
58588,51.8
58592,61.5
58596,63.9
58600,60.3
58604,49.4
58632,33.7
58636,56.6
58640,61.5
58644,67.5
58648,56.6
58652,42.2
58752,46.2
58756,55.4
58760,63.9
58764,79.5
58768,54.2
58772,41
58872,42.2
58876,49.4
58880,62.7
58884,66.3
58888,59
58892,41
58944,45.6
58948,63.9
58952,66.3
58956,77.1
58960,51.8
58964,42.2
58992,38.6
58996,56.6
59000,63.9
59004,71.1
59008,59
59012,38.6
59064,44.6
59068,63.9
59072,73.5
59076,95.2
59080,63.9
59084,54.2
59208,41
59212,59
59216,66.3
59220,71.1
59224,55.4
59228,44.6
59280,47.4
59284,64.2
59288,66.6
59292,85.6
59296,54.7
59300,48.7
59328,41.6
59332,64.2
59336,72.5
59340,78.5
59344,53.5
59348,41.6
59424,38
59428,55.9
59432,64.2
59436,79.7
59440,57.1
59444,40.4
59520,44
59524,64.2
59528,73.7
59532,84.4
59536,69
59540,51.1
59640,51
59644,66.6
59648,121.3
59652,127.2
59656,91.5
59660,58.3
59712,43.7
59716,61.8
59720,71.3
59724,76.1
59728,59.4
59732,46.4
59808,31.6
59812,59.4
59816,73.7
59820,78.5
59824,54.7
59828,42.8
59880,36.5
59884,65.4
59888,71.3
59892,73.7
59896,53.5
59900,45.2
59952,38
59956,61.8
59960,65.4
59964,71.3
59968,64.2
59972,47.6
60024,37.8
60028,60
60032,62.3
60036,64.5
60040,57.8
60044,48.9
60168,44.3
60172,53.4
60176,65.6
60180,74.5
60184,60
60188,47.8
60216,44.5
60220,56.7
60224,84.5
60228,88.9
60232,67.8
60236,52.3
60264,45.6
60268,70
60272,82.3
60276,90.1
60280,72.3
60284,58.9
60360,56.8
60364,63.4
60368,68.9
60372,78.9
60376,64.5
60380,51.1
60408,53.4
60412,68.9
60416,84.5
60420,87.8
60424,67.8
60428,48.9
60552,51.1
60556,71.2
60560,78.9
60564,91.2
60568,64.5
60572,46.7
60648,47.7
60652,72.3
60656,81.2
60660,86.7
60664,64.5
60668,44.5
60696,44.3
60700,65.6
60704,76.7
60708,91.2
60712,73.4
60716,56.7
60792,51.3
60796,74
60800,86
60804,103.9
60808,66.9
60812,47.8
60840,59.8
60844,78.8
60848,80
60852,82.4
60856,68.1
60860,53.7
60936,49.8
60940,69.3
60944,90.8
60948,84.8
60952,82.4
60956,59.7
60984,53.5
60988,74
60992,89.6
60996,93.1
61000,70.5
61004,63.3
61080,56.2
61084,76.4
61088,92
61092,95.5
61096,71.7
61100,65.7
61128,54.9
61132,86
61136,108.7
61140,97.9
61144,88.4
61148,51.4
67824,35
67828,30
67832,41
67836,46
67840,37
67844,32
67920,32
67924,40
67928,37
67932,39
67936,37
67940,32
68016,47
68020,51
68024,45
68028,42
68032,43
68036,38
68112,48
68116,55
68120,53
68124,47
68128,43
68132,45
68208,49.4
68212,55.3
68216,56.3
68220,51.3
68224,56.3
68228,49.4
68304,49.4
68308,55.3
68312,55.3
68316,51.3
68320,54.3
68324,49.4
68400,47.4
68404,51.3
68408,53.3
68412,46.4
68416,42.5
68420,41.5
68496,45.7
68500,47.7
68504,43.7
68508,45.7
68512,42.7
68516,40.7
68592,43.7
68596,48.7
68600,44.7
68604,45.7
68608,42.7
68612,40.7
68688,45.7
68692,51.7
68696,51.7
68700,47.7
68704,45.7
68708,43.7
68784,45.7
68788,51.7
68792,51.7
68796,47.7
68800,45.7
68804,43.7
68856,51.7
68860,56.6
68864,59.6
68868,55.6
68872,51.7
68876,49.7
68880,43.7
68884,53.7
68888,55.6
68892,59.6
68896,53.7
68900,46.7
68976,41.7
68980,47.7
68984,50.7
68988,55.6
68992,49.7
68996,47.7
69072,41.7
69076,54.6
69080,53.7
69084,52.7
69088,44.7
69092,39.7
69168,47.7
69172,53.7
69176,51.7
69180,52.7
69184,47.7
69188,45.7
69264,48.7
69268,55.6
69272,53.7
69276,52.7
69280,49.7
69284,47.7
69360,49.7
69364,54.6
69368,52.7
69372,50.7
69376,46.7
69380,44.7
69456,48.7
69460,56.6
69464,53.7
69468,54.6
69472,50.7
69476,49.7
69552,47.7
69556,51.7
69560,49.7
69564,50.7
69568,47.7
69572,45.7
69648,36.8
69652,44.7
69656,39.7
69660,37.8
69664,33.8
69668,30.8
69720,47.7
69724,53.7
69728,45.7
69732,41.7
69736,40.7
69740,42.7
69840,50.7
69844,53.7
69848,55.6
69852,48.7
69856,42.7
69860,45.7
69936,57.6
69940,61.6
69944,55.6
69948,50.7
69952,43.7
69956,47.7
70032,51.67
70036,53.66
70040,47.69
70044,41.73
70048,39.75
70052,46.7
70128,49.68
70132,51.67
70136,47.69
70140,45.71
70144,41.73
70148,43.72
70224,47.69
70228,50.68
70232,47.69
70236,44.71
70240,41.73
70244,45.71
70320,53.66
70324,51.67
70328,45.71
70332,41.73
70336,42.73
70340,44.71
70416,79.5
70420,63.42
70424,63.51
70428,51.84
70432,55.64
70436,67.39
70512,62.1
70516,65.96
70520,58.38
70524,55.81
70528,50.92
70532,58.35
70608,60.86
70612,64.69
70616,54.65
70620,53.28
70624,48.44
70628,60.89
70704,54.65
70708,63.42
70712,53.41
70716,53.28
70720,48.44
70724,58.35
70800,60.35
70804,56.5
70808,69.15
70812,65.48
70816,57.83
70820,62.92
70896,57.83
70900,61.63
70904,65.38
70908,60.35
70912,45.26
70916,64.2
70992,60.35
70996,55.21
71000,66.64
71004,52.64
71008,47.78
71012,56.5
71088,47.78
71092,52.64
71096,70.41
71100,65.48
71104,51.55
71108,59.06
71184,36.84
71188,43.89
71192,52.8
71196,48.91
71200,56.48
71204,50.16
71280,46.66
71284,57.68
71288,49.12
71292,53.92
71296,63.85
71300,58.94
71376,52.8
71380,58.94
71384,49.12
71388,48.91
71392,55.26
71396,62.7
71448,66.31
71452,61.45
71456,46.66
71460,42.64
71464,50.34
71468,48.91
71520,62.62
71524,58.94
71528,60.17
71532,63.95
71536,61.39
71540,67.72
71592,52.8
71596,46.4
71600,54.03
71604,60.19
71608,63.85
71612,55.18
71712,49.12
71716,40.13
71720,52.8
71724,58.94
71728,61.39
71732,52.67
71808,34.38
71812,37.62
71816,41.75
71820,46.4
71824,55.26
71828,52.67
71856,36.84
71860,45.14
71864,49.12
71868,55.18
71872,46.66
71876,42.64
71928,41.75
71932,38.87
71936,33.15
71940,41.38
71944,54.03
71948,57.68
72000,38.06
72004,42.64
72008,39.29
72012,35.11
72016,34.38
72020,32.6
72072,34.38
72076,31.35
72080,33.15
72084,38.87
72088,52.8
72092,58.94
72216,47.89
72220,51.41
72224,57.71
72228,53.92
72232,42.98
72236,46.4
72288,41.75
72292,45.14
72296,51.57
72300,57.68
72304,58.94
72308,52.67
72408,36.65
72412,33.81
72416,40.19
72420,43.46
72424,37.83
72428,39.84
72480,39.01
72484,33.81
72488,53.2
72492,48.29
72496,42.56
72500,39.84
72528,33.1
72532,37.43
72536,47.29
72540,44.67
72544,34.28
72548,38.64
72624,42.56
72628,38.64
72632,35.47
72636,33.81
72640,34.28
72644,36.22
72696,40.19
72700,36.22
72704,33.1
72708,31.39
72712,37.83
72716,33.81
72768,37.83
72772,41.05
72776,49.65
72780,47.09
72784,39.01
72788,36.22
72840,40.19
72844,47.09
72848,53.2
72852,50.71
72856,36.65
72860,45.88
72936,44.92
72940,50.71
72944,42.56
72948,39.84
72952,31.92
72956,36.22
73032,37.83
73036,42.26
73040,35.47
73044,32.6
73048,40.19
73052,33.81
73128,36.05
73132,32.49
73136,44.53
73140,41.15
73144,32.87
73148,25.99
73224,28.63
73228,32.49
73232,37.11
73236,34.65
73240,40.29
73244,45.48
73320,36.05
73324,32.49
73328,46.65
73332,43.32
73336,42.41
73340,45.48
73392,38.17
73396,34.65
73400,48.78
73404,43.32
73408,36.05
73412,32.49
73440,50.9
73444,44.4
73448,41.35
73452,47.65
73456,54.08
73460,45.48
73512,38.17
73516,48.73
73520,43.47
73524,40.07
73528,31.81
73532,36.82
73584,39.23
73588,42.23
73592,36.05
73596,32.49
73600,29.69
73604,23.82
73656,40.29
73660,38.98
73664,33.93
73668,22.74
73672,28.63
73676,35.74
73728,38.17
73732,36.82
73736,49.84
73740,43.32
73744,31.81
73748,29.24
73800,31.81
73804,29.24
73808,37.11
73812,44.4
73816,40.29
73820,34.65
73872,35.58
73876,40.88
73880,31.14
73884,38.61
73888,41.14
73892,34.07
73920,31.14
73924,37.48
73928,27.8
73932,42.02
73936,35.58
73940,29.53
73992,28.91
73996,34.07
74000,36.7
74004,30.66
74008,24.46
74012,26.12
74064,37.81
74068,44.29
74072,45.59
74076,42.02
74080,35.58
74084,30.66
74112,26.69
74116,35.21
74120,38.92
74124,32.93
74128,26.69
74132,22.71
74184,28.91
74188,26.12
74192,38.92
74196,36.34
74200,31.14
74204,24.98
74304,30.02
74308,34.07
74312,35.58
74316,31.8
74320,27.8
74324,23.85
74376,24.46
74380,27.26
74384,33.36
74388,30.66
74392,17.79
74396,22.71
74448,38.92
74452,44.29
74456,37.81
74460,42.02
74464,32.25
74468,28.39
74520,33.36
74524,38.61
74528,35.58
74532,31.8
74536,22.24
74540,26.12
74592,26.39
74596,32.93
74600,40.03
74604,34.07
74608,23.35
74612,22.71
74664,32.25
74668,36.34
74672,43.37
74676,38.61
74680,30.02
74684,26.12
74736,23.35
74740,28.39
74744,33.36
74748,36.34
74752,31.14
74756,24.98
74808,20.02
74812,24.98
74816,32.25
74820,36.34
74824,42.26
74828,40.88
74904,22.24
74908,18.17
74912,26.69
74916,32.93
74920,24.46
74924,20.44
74976,21.13
74980,26.12
74984,32.25
74988,30.66
74992,22.24
74996,19.31
75048,20.02
75052,24.98
75056,34.47
75060,27.26
75064,22.24
75068,18.17
75144,32.25
75148,29.18
75152,34.47
75156,31.8
75160,26.69
75164,22.71
75216,27.8
75220,35.21
75224,40.03
75228,32.93
75232,28.91
75236,23.85
75288,25.6
75292,30.69
75296,24.49
75300,32.97
75304,36.73
75308,22.74
75360,21.15
75364,23.87
75368,30.05
75372,22.74
75376,15.47
75380,18.19
75432,26.71
75436,30.69
75440,34.51
75444,31.83
75448,25.6
75452,22.74
75576,13.36
75580,15.91
75584,18.92
75588,21.6
75592,14.47
75596,11.37
75672,16.7
75676,19.33
75680,22.26
75684,26.15
75688,21.15
75692,15.91
75744,20.04
75748,15.91
75752,22.26
75756,19.33
75760,16.7
75764,13.64
75816,21.15
75820,25.1
75824,28.94
75828,27.28
75832,22.26
75836,19.33
75888,25.6
75892,22.74
75896,18.92
75900,29.56
75904,23.38
75908,17.05
75960,26.71
75964,32.97
75968,42.3
75972,38.65
75976,38.96
75980,31.83
76032,21.15
76036,27.28
76040,24.49
76044,31.83
76048,25.6
76052,20.46
76104,23.38
76108,29.56
76112,40.07
76116,35.24
76120,30.05
76124,22.74
76272,23.38
76276,18.19
76280,21.15
76284,27.28
76288,22.26
76292,15.91
76344,21.15
76348,28.42
76352,35.62
76356,32.97
76360,37.85
76364,30.69
76416,24.49
76420,29.56
76424,38.96
76428,46.61
76432,32.28
76436,36.38
76488,22.26
76492,27.28
76496,16.7
76500,23.87
76504,27.83
76508,26.15
76560,23.38
76564,29.56
76568,36.73
76572,32.97
76576,24.49
76580,18.19
76632,25.77
76636,35.1
76640,32.22
76644,24.13
76648,39.74
76652,36.19
76752,27.92
76756,41.68
76760,39.74
76764,30.71
76768,24.7
76772,31.81
76848,41.88
76852,37.29
76856,30.07
76860,34
76864,27.92
76868,24.13
76944,30.07
76948,39.48
76952,36.51
76956,43.87
76960,41.88
76964,46.06
77016,36.51
77020,49.35
77024,55.85
77028,51.55
77032,42.96
77036,47.16
77064,42.96
77068,59.23
77072,45.1
77076,41.68
77080,38.66
77084,40.58
77160,45.1
77164,40.58
77168,34.37
77172,24.13
77176,30.07
77180,23.03
77208,31.14
77212,37.29
77216,49.4
77220,46.06
77224,50.47
77228,42.77
77352,40.81
77356,46.06
77360,49.4
77364,63.61
77368,70.88
77372,68
77376,61.21
77380,70.19
77384,65.51
77388,96.52
77392,81.62
77396,60.32
77472,40.81
77476,55.94
77480,50.47
77484,63.61
77488,56.92
77492,47.16
77568,43.73
77572,52.11
77576,59.35
77580,65.93
77584,62.48
77588,57.43
77640,48.94
77644,57.43
77648,70.81
77652,64.87
77656,55.19
77660,60.62
77784,49.98
77788,56.36
77792,60.39
77796,73.38
77800,87.47
77804,64.87
77832,45.82
77836,64.87
77840,61.44
77844,81.88
77848,66.64
77852,60.62
77928,51.02
77932,59.55
77936,72.89
77940,68.06
77944,79.14
77948,64.87
78024,45.82
78028,61.68
78032,53.11
78036,73.38
78040,76.01
78044,62.74
78096,45.71
78100,55.62
78104,73.91
78108,81.45
78112,69.05
78116,61.58
78168,57.38
78172,47.68
78176,53.49
78180,66.55
78184,77.8
78188,71.51
78240,50.57
78244,65.55
78248,59.33
78252,71.51
78256,78.78
78260,76.48
78312,48.63
78316,55.62
78320,62.24
78324,84.43
78328,89.48
78332,77.47
78456,53.49
78460,50.66
78464,57.38
78468,72.51
78472,84.61
78476,69.53
78528,54.46
78532,58.6
78536,66.13
78540,78.47
78544,70.02
78548,62.57
78600,50.57
78604,62.57
78608,58.35
78612,75.49
78616,65.16
78620,53.64
78672,49.6
78676,47.68
78680,65.16
78684,88.4
78688,78.78
78692,69.53
78720,57.38
78724,46.68
78728,51.55
78732,83.43
78736,89.48
78740,77.47
78792,56.41
78796,45.69
78800,51.55
78804,87.41
78808,84.61
78812,70.52
78912,51.71
78916,46.72
78920,55.69
78924,90.39
78928,72.59
78932,69.06
78960,57.68
78964,68.04
78968,54.69
78972,82.26
78976,102.42
78980,85.31
79080,47.73
79084,56.87
79088,66.63
79092,84.29
79096,70.6
79100,66.01
79152,52.7
79156,47.73
79160,60.66
79164,87.34
79168,89.5
79172,77.18
79224,56.68
79228,44.69
79232,50.71
79236,70.07
79240,77.56
79244,71.09
79368,61.65
79372,53.83
79376,65.63
79380,83.28
79384,78.56
79388,77.18
79440,62.65
79444,58.9
79448,46.74
79452,84.29
79456,70.6
79460,78.2
79512,51.71
79516,62.97
79520,69.61
79524,86.32
79528,66.63
79532,82.26
79584,51.71
79588,65
79592,56.68
79596,75.15
79600,81.54
79604,72.11
79680,55.69
79684,47.73
79688,67.62
79692,83.28
79696,75.58
79700,74.14
79728,46.74
79732,58.9
79736,70.6
79740,81.25
79744,73.59
79748,69.06
79800,45.74
79804,58.9
79808,51.71
79812,87.34
79816,74.58
79820,62.97
79944,67.62
79948,48.44
79952,52.7
79956,95.46
79960,69.61
79964,83.28
80040,63.64
80044,52.81
80048,55.69
80052,72.11
80056,79.55
80060,66.01
80088,44.75
80092,56.87
80096,67.62
80100,73.12
80104,60.66
80108,52.81
80160,47.73
80164,62.97
80168,50.71
80172,68.04
80176,54.69
80180,43.67
80232,57.73
80236,45.75
80240,63.71
80244,73.2
80248,60.72
80252,77.26
80352,46.79
80356,43.71
80360,55.74
80364,78.28
80368,64.7
80372,59.98
80424,41.81
80428,53.88
80432,48.78
80436,73.2
80440,84.61
80444,67.1
80496,45.79
80500,52.86
80504,63.71
80508,73.2
80512,68.68
80516,57.95
80616,53.75
80620,59.98
80624,46.79
80628,83.36
80632,75.65
80636,70.15
80712,51.76
80716,69.13
80720,59.73
80724,79.3
80728,67.69
80732,54.9
80808,55.74
80812,49.81
80816,61.72
80820,80.31
80824,68.68
80828,51.85
80856,46.79
80860,56.93
80864,48.78
80868,75.23
80872,78.64
80876,67.1
80928,54.75
80932,48.8
80936,41.81
80940,76.25
80944,89.59
80948,72.18
81048,41.81
81052,56.93
81056,67.69
81060,79.3
81064,57.73
81068,62.01
81120,48.78
81124,56.93
81128,41.81
81132,74.21
81136,62.71
81140,71.16
81192,46.79
81196,62.01
81200,50.77
81204,89.46
81208,70.68
81212,67.1
81264,49.77
81268,47.78
81272,63.71
81276,81.33
81280,71.67
81284,57.95
81336,43.8
81340,57.95
81344,51.76
81348,78.28
81352,67.69
81356,63.03
81408,62.71
81412,55.91
81416,41.81
81420,70.15
81424,63.71
81428,58.96
81480,57.73
81484,50.83
81488,43.8
81492,74.21
81496,60.72
81500,81.33
81576,49.04
81580,69.17
81584,60.72
81588,85.86
81592,65.39
81596,59.63
81696,43.2
81700,50.09
81704,54.88
81708,81.09
81712,66.56
81716,72.74
81744,50.21
81748,44.12
81752,36.2
81756,66.78
81760,74.73
81764,60.82
81840,50.21
81844,44.12
81848,46.71
81852,76.32
81856,56.05
81860,66.78
81984,54.88
81988,46.51
81992,50.21
81996,81.09
82000,59.55
82004,70.36
82032,56.05
82036,45.32
82040,49.04
82044,85.86
82048,57.22
82052,79.9
82104,49.04
82108,66.78
82112,59.55
82116,90.63
82120,77.07
82124,72.74
82176,60.72
82180,56.05
82184,47.88
82188,79.9
82192,63.05
82196,70.36
82296,47.88
82300,57.24
82304,51.38
82308,77.51
82312,68.89
82316,54.86
82392,32.7
82396,40.55
82400,54.88
82404,73.94
82408,67.73
82412,50.09
82464,43.2
82468,50.09
82472,38.53
82476,63.2
82480,56.05
82484,59.63
82560,49.04
82564,45.32
82568,37.37
82572,57.24
82576,64.22
82580,63.2
82632,40.87
82636,54.86
82640,47.88
82644,64.4
82648,70.06
82652,46.51
82728,37.37
82732,47.7
82736,38.53
82740,73.94
82744,59.55
82748,44.12
82824,39.7
82828,51.28
82832,26.86
82836,35.78
82840,44.37
82844,39.35
82872,34.24
82876,27.97
82880,21.68
82884,44.29
82888,37.66
82892,33.8
82944,37.66
82948,31.47
82952,38.8
82956,53.61
82960,35.38
82964,46.62
83016,30.81
83020,43.13
83024,39.94
83028,50.12
83032,46.79
83036,34.97
83088,31.96
83092,25.64
83096,38.8
83100,48.95
83104,42.23
83108,36.13
83160,30.81
83164,39.63
83168,36.52
83172,55.95
83176,50.22
83180,33.8
83280,33.1
83284,39.63
83288,34.24
83292,52.45
83296,43.37
83300,31.47
83352,30.81
83356,41.96
83360,35.38
83364,53.61
83368,39.94
83372,30.3
83424,27.39
83428,37.3
83432,31.96
83436,45.46
83440,35.38
83444,31.47
83568,31.96
83572,41.96
83576,28.53
83580,47.79
83584,39.94
83588,26.81
83640,31.96
83644,24.48
83648,34.24
83652,43.13
83656,27.39
83660,34.97
83712,21.68
83716,27.97
83720,29.67
83724,23.31
83728,34.24
83732,39.63
83784,31.96
83788,26.81
83792,21.68
83796,44.29
83800,27.39
83804,31.47
83856,27.39
83860,32.64
83864,38.8
83868,36.13
83872,29.67
83876,33.8
83928,20.54
83932,30.3
83936,25.11
83940,37.3
83944,31.96
83948,48.95
84024,30.81
84028,24.48
84032,27.39
84036,34.97
84040,21.68
84044,32.64
84096,23.97
84100,33.8
84104,29.67
84108,39.63
84112,27.39
84116,36.13
84168,27.39
84172,34.97
84176,26.25
84180,41.96
84184,31.96
84188,39.63
84288,37.66
84292,32.64
84296,23.97
84300,48.95
84304,41.09
84308,33.8
84408,35.38
84412,51.28
84416,31.96
84420,57.11
84424,37.66
84428,40.79
84480,37.66
84484,33.8
84488,47.93
84492,61.77
84496,55.92
84500,37.3
84552,31.96
84556,36.13
84560,25.11
84564,50.12
84568,41.09
84572,39.63
84624,12.34
84628,17.18
84632,30.28
84636,38.94
84640,28.04
84644,33.21
84744,25.79
84748,29.78
84752,24.67
84756,16.03
84760,20.19
84764,30.92
84816,32.52
84820,43.52
84824,29.16
84828,54.97
84832,38.13
84836,42.38
84864,37.01
84868,48.1
84872,30.28
84876,66.43
84880,44.86
84884,49.25
84936,31.4
84940,42.38
84944,34.76
84948,64.14
84952,42.61
84956,46.96
85056,33.64
85060,40.09
85064,31.4
85068,43.52
85072,37.01
85076,25.2
85128,26.91
85132,34.36
85136,30.28
85140,54.97
85144,45.98
85148,42.38
85176,32.52
85180,41.23
85184,53.83
85188,42.38
85192,50.46
85196,45.81
85272,25.79
85276,38.94
85280,42.61
85284,53.83
85288,44.86
85292,48.1
85344,33.19
85348,44.41
85352,40.05
85356,53.76
85360,64.08
85364,57.27
85440,38.91
85444,36.23
85448,54.93
85452,68.95
85456,58.36
85460,43.24
85584,36.62
85588,54.93
85592,64.08
85596,37.4
85600,50.35
85604,45.58
85656,41.2
85660,36.23
85664,59.51
85668,67.78
85672,53.78
85676,43.24
85728,43.48
85732,37.4
85736,52.64
85740,67.78
85744,61.79
85748,52.27
85872,38.91
85876,47.92
85880,56.07
85884,88.82
85888,69.8
85892,64.28
85896,44.63
85900,40.9
85904,49.21
85908,79.47
85912,80.1
85916,74.8
85968,38.91
85972,32.72
85976,36.62
85980,56.1
85984,64.08
85988,51.42
86016,41.2
86020,47.92
86024,36.62
86028,60.77
86032,66.37
86036,63.11
86136,44.63
86140,50.25
86144,42.34
86148,104.01
86152,83.54
86156,97
86208,40.05
86212,53.76
86216,46.92
86220,88.82
86224,82.39
86228,74.8
86280,48.06
86284,39.74
86288,49.21
86292,94.66
86296,67.52
86300,84.14
86352,37.76
86356,47.92
86360,59.51
86364,101.67
86368,70.95
86372,80.64
86496,54.93
86500,39.74
86504,45.77
86508,97
86512,100.7
86516,88.82
86592,57.22
86596,49.08
86600,56.07
86604,93.49
86608,98.41
86612,86.48
86664,54.93
86668,46.75
86672,59.51
86676,101.67
86680,78.96
86684,82.98
86736,59.51
86740,54.93
86744,74.38
86748,108.69
86752,96.12
86756,87.65
86808,53.86
86812,50.22
86816,65.56
86820,98.05
86824,105.37
86828,89.68
86880,49.17
86884,59.78
86888,63.22
86892,93.26
86896,103.03
86900,86.09
86952,56.2
86956,49.02
86960,71.42
86964,81.31
86968,91.32
86972,84.89
87024,51.51
87028,46.63
87032,66.73
87036,100.44
87040,112.39
87044,104.02
87168,57.37
87172,50.22
87176,72.59
87180,95.65
87184,107.71
87188,86.09
87240,53.86
87244,47.83
87248,65.56
87252,76.52
87256,98.34
87260,84.89
87312,49.17
87316,44.24
87320,55.03
87324,98.05
87328,92.49
87332,78.92
87432,56.2
87436,50.22
87440,60.88
87444,94.46
87448,78.44
87452,66.96
87504,62.05
87508,52.61
87512,70.25
87516,94.46
87520,79.61
87524,104.02
87600,49.17
87604,69.35
87608,45.66
87612,72.94
87616,62.05
87620,56.2
87672,55.03
87676,52.61
87680,65.56
87684,100.44
87688,84.3
87692,96.85
87744,50.34
87748,60.98
87752,44.49
87756,89.68
87760,72.59
87764,82.5
87816,54.7
87820,63.84
87824,52.47
87828,77.53
87832,92.66
87836,84.37
87888,59.17
87892,54.72
87896,55.82
87900,93.49
87904,79.26
87908,90.07
87960,53.58
87964,44.46
87968,46.89
87972,86.65
87976,88.19
87980,70.69
88032,58.05
88036,47.88
88040,52.47
88044,77.53
88048,101.59
88052,91.21
88152,49.12
88156,45.6
88160,56.93
88164,84.37
88168,96
88172,78.67
88224,44.65
88228,41.04
88232,52.47
88236,76.39
88240,83.72
88244,68.4
88344,53.58
88348,45.6
88352,62.51
88356,91.21
88360,96
88364,82.09
88416,46.89
88420,42.18
88424,58.05
88428,84.37
88432,89.31
88436,69.55
88464,46.89
88468,43.32
88472,60.28
88476,98.05
88480,87.07
88484,68.4
88536,44.65
88540,39.9
88544,56.93
88548,88.93
88552,94.89
88556,67.26
88656,50.23
88660,43.32
88664,58.05
88668,72.97
88672,83.72
88676,54.72
88728,52.47
88732,44.46
88736,63.63
88740,93.49
88744,98.24
88748,76.39
88848,42.42
88852,52.44
88856,49.12
88860,70.69
88864,78.14
88868,64.98
88944,42.42
88948,38.76
88952,58.05
88956,68.4
88960,80.38
88964,61.56
89016,49.12
89020,54.72
89024,58.05
89028,68.4
89032,62.51
89036,47.88
89112,40.19
89116,36.48
89120,53.58
89124,67.26
89128,62.51
89132,58.14
89160,49.12
89164,54.72
89168,46.89
89172,72.97
89176,91.54
89180,82.09
89232,42.42
89236,38.76
89240,54.7
89244,66.12
89248,80.38
89252,69.55
89304,37.96
89308,44.46
89312,52.47
89316,63.84
89320,75.81
89324,62.7
89424,43.54
89428,47.88
89432,52.47
89436,70.69
89440,64.75
89444,55.86
89544,48
89548,45.6
89552,56.93
89556,66.12
89560,55.82
89564,52.44
89760,45.26
89764,39.77
89768,56.84
89772,63.84
89776,69.47
89780,53.75
89832,41.05
89836,36.55
89840,51.58
89844,55.9
89848,63.15
89852,50.52
89904,44.21
89908,36.35
89912,51.58
89916,66.65
89920,56.84
89924,53.75
89976,42.1
89980,36.55
89984,51.58
89988,58.05
89992,63.15
89996,42.15
90120,42.1
90124,38.7
90128,50.52
90132,65.57
90136,60
90140,46.22
90216,44.21
90220,43
90224,51.58
90228,58.05
90232,61.05
90236,48.37
90264,48.42
90268,39.77
90272,44.21
90276,62.35
90280,65.35
90284,53.75
90360,44.21
90364,37.62
90368,41.05
90372,52.67
90376,61.05
90380,47.3
90456,34.73
90460,39.77
90464,49.47
90468,60.2
90472,53.68
90476,46.22
90528,44.21
90532,39.77
90536,51.58
90540,60.2
90544,54.73
90548,48.37
90600,42.1
90604,36.55
90608,48.42
90612,62.35
90616,52.63
90620,45.15
90672,40
90676,37.62
90680,44.21
90684,64.5
90688,56.84
90692,51.6
90744,44.21
90748,49.45
90752,40
90756,55.9
90760,58.94
90764,36.55
90840,46.31
90844,36.55
90848,51.58
90852,48.37
90856,52.63
90860,43
90912,44.21
90916,40.85
90920,49.47
90924,53.75
90928,44.21
90932,43
90984,37.89
90988,36.55
90992,48.42
90996,55.9
91000,50.52
91004,39.77
91056,40
91060,43
91064,51.58
91068,60.2
91072,50.52
91076,36.55
91200,40
91204,36.55
91208,56.84
91212,65.37
91216,71.57
91220,43
91272,37.89
91276,36.55
91280,48.42
91284,62.35
91288,53.68
91292,43
91344,33.68
91348,41.92
91352,47.36
91356,55.9
91360,44.21
91364,43
91416,36.84
91420,43
91424,48.42
91428,55.9
91432,52.63
91436,40.85
91488,37.89
91492,36.55
91496,50.52
91500,66.65
91504,58.94
91508,40.85
91560,35.79
91564,40.85
91568,48.42
91572,61.27
91576,52.63
91580,44.07
91680,33.68
91684,37.62
91688,44.21
91692,53.75
91696,48.42
91700,35.47
91800,40
91804,36.55
91808,48.42
91812,55.9
91816,52.63
91820,43
91872,46.31
91876,40.85
91880,51.58
91884,55.9
91888,52.63
91892,38.7
91944,44.21
91948,39.77
91952,54.73
91956,64.5
91960,50.52
91964,43
92016,41.05
92020,38.7
92024,45.26
92028,54.82
92032,38.94
92036,36.55
92088,42.1
92092,39.77
92096,51.58
92100,68.8
92104,56.84
92108,48.37
92160,40
92164,36.55
92168,51.58
92172,66.65
92176,56.84
92180,43
92232,40
92236,36.55
92240,46.31
92244,64.5
92248,53.68
92252,39.77
92352,35.79
92356,39.77
92360,47.36
92364,60.2
92368,54.73
92372,34.4
92472,37.89
92476,41.92
92480,51.58
92484,58.05
92488,44.21
92492,35.47
92544,35.79
92548,30.1
92552,46.31
92556,55.9
92560,48.42
92564,39.77
92616,36.84
92620,30.1
92624,44.21
92628,43
92632,45.26
92636,36.55
92688,44.14
92692,41.43
92696,54.88
92700,70.67
92704,59.65
92708,48.74
92808,41.76
92812,38.99
92816,52.5
92820,65.8
92824,47.72
92828,43.86
92880,45.34
92884,38.99
92888,54.88
92892,63.36
92896,47.72
92900,41.43
92952,40.56
92956,46.3
92960,54.88
92964,70.67
92968,62.04
92972,37.77
93024,45.34
93028,38.99
93032,54.88
93036,68.23
93040,48.92
93044,41.43
93096,47.72
93100,41.43
93104,52.5
93108,63.36
93112,47.72
93116,38.99
93168,44.14
93172,38.99
93176,54.88
93180,63.36
93184,52.5
93188,42.65
93240,51.3
93244,45.08
93248,62.04
93252,54.83
93256,47.72
93260,41.43
93336,47.72
93340,45.08
93344,62.04
93348,68.23
93352,48.92
93356,41.43
93456,46.53
93460,38.99
93464,56.07
93468,68.23
93472,59.65
93476,46.3
93528,47.72
93532,41.43
93536,58.46
93540,70.67
93544,56.07
93548,45.08
93600,54.88
93604,48.74
93608,64.43
93612,75.54
93616,59.65
93620,51.18
93672,40.56
93676,46.3
93680,54.88
93684,64.58
93688,57.27
93692,48.74
93744,45.34
93748,38.99
93752,56.07
93756,65.8
93760,59.65
93764,41.43
93888,50.11
93892,54.83
93896,44.14
93900,59.7
93904,51.3
93908,41.43
93984,52.5
93988,45.08
93992,62.04
93996,81.64
94000,60.85
94004,41.43
94056,50.11
94060,58.49
94064,62.04
94068,85.29
94072,72.78
94076,52.39
94200,40.56
94204,35.34
94208,62.04
94212,73.11
94216,64.43
94220,51.18
94272,42.95
94276,36.55
94280,56.07
94284,68.23
94288,62.04
94292,48.74
94344,46.53
94348,38.99
94352,56.07
94356,75.54
94360,63.23
94364,45.08
94416,44.14
94420,40.21
94424,53.69
94428,65.8
94432,50.11
94436,41.43
94512,41.76
94516,48.74
94520,58.46
94524,71.89
94528,52.5
94532,45.08
94656,50.11
94660,45.08
94664,70.39
94668,82.85
94672,64.43
94676,48.74
94728,45.34
94732,38.99
94736,64.43
94740,82.85
94744,64.43
94748,48.74
94800,44.14
94804,41.43
94808,57.27
94812,70.67
94816,58.46
94820,43.86
94872,42.95
94876,37.77
94880,64.43
94884,75.54
94888,59.65
94892,47.52
94944,46.53
94948,41.43
94952,70.39
94956,87.73
94960,64.43
94964,48.74
95064,52.5
95068,48.74
95072,72.78
95076,87.73
95080,94.25
95084,69.45
95088,57.27
95092,51.18
95096,76.36
95100,97.48
95104,85.9
95108,65.8
95232,44.14
95236,38.99
95240,58.46
95244,73.11
95248,64.43
95252,52.39
95280,40.56
95284,36.55
95288,56.07
95292,70.67
95296,60.85
95300,51.18
95352,45.34
95356,38.99
95360,58.46
95364,75.54
95368,64.43
95372,48.74
95424,40.56
95428,43.86
95432,62.04
95436,77.98
95440,69.2
95444,52.39
95544,38.18
95548,41.43
95552,59.65
95556,75.54
95560,64.43
95564,48.74
95640,38.18
95644,43.86
95648,59.65
95652,68.23
95656,54.88
95660,48.74
95712,42.95
95716,38.99
95720,54.88
95724,70.67
95728,62.04
95732,52.39
95832,54.88
95836,48.74
95840,62.04
95844,77.98
95848,64.43
95852,59.7
95904,47.72
95908,41.43
95912,56.07
95916,65.8
95920,54.88
95924,43.86
95976,52.5
95980,48.74
95984,58.46
95988,68.23
95992,71.58
95996,58.49
96048,40.56
96052,36.55
96056,56.07
96060,70.67
96064,64.43
96068,48.74
96120,47.72
96124,42.65
96128,60.85
96132,74.33
96136,66.81
96140,60.92
96192,45.34
96196,41.43
96200,58.46
96204,70.67
96208,62.04
96212,48.74
96264,54.88
96268,48.74
96272,73.97
96276,90.17
96280,66.81
96284,60.92
96480,42.12
96484,78.22
96488,72.21
96492,66.19
96496,42.12
96500,66.19
96528,42.12
96532,54.15
96536,54.15
96540,64.18
96544,50.14
96548,40.11
96600,34.1
96604,52.15
96608,62.18
96612,78.22
96616,52.15
96620,50.14
96672,38.11
96676,42.12
96680,58.17
96684,54.15
96688,50.14
96692,48.14
96744,34.1
96748,44.13
96752,60.17
96756,52.15
96760,40.11
96764,32.09
96816,30.09
96820,30.09
96824,56.16
96828,50.14
96832,54.15
96836,38.11
96888,30.09
96892,30.09
96896,32.1
96900,50.14
96904,50.14
96908,52.15
96960,34.1
96964,44.13
96968,58.17
96972,60.17
96976,50.14
96980,42.12
97056,30.09
97060,44.13
97064,60.17
97068,52.15
97072,44.13
97076,40.11
97104,22.06
97108,48.14
97112,62.18
97116,50.14
97120,40.11
97124,38.11
97200,30.09
97204,30.09
97208,56.16
97212,50.14
97216,40.11
97220,38.11
97248,34.1
97252,36.1
97256,50.14
97260,54.15
97264,54.15
97268,36.1
97320,30.09
97324,44.13
97328,62.18
97332,52.15
97336,44.13
97340,40.11
97464,36.1
97468,42.13
97472,46.14
97476,52.15
97480,62.18
97484,40.11
97512,40.11
97516,42.12
97520,46.14
97524,54.15
97528,54.15
97532,40.11
97584,40.11
97588,44.13
97592,44.13
97596,50.14
97600,52.15
97604,40.11
97656,36.1
97660,42.12
97664,50.14
97668,52.15
97672,50.14
97676,42.12
97776,34.1
97780,44.13
97784,58.17
97788,58.17
97792,44.13
97796,42.12
97872,30.09
97876,34.1
97880,46.14
97884,52.15
97888,58.17
97892,40.11
97968,34.1
97972,38.11
97976,52.15
97980,48.14
97984,38.11
97988,54.16
98016,38.11
98020,42.12
98024,50.14
98028,58.17
98032,54.14
98036,40.11
98160,34.1
98164,44.13
98168,54.16
98172,56.16
98176,62.18
98180,42.12
98232,38.11
98236,42.12
98240,50.14
98244,56.16
98248,60.17
98252,40.11
98376,40.11
98380,44.13
98384,46.13
98388,52.15
98392,56.16
98396,40.11
98424,36.1
98428,46.14
98432,48.14
98436,50.14
98440,58.17
98444,42.12
98520,38.11
98524,40.11
98528,46.13
98532,52.15
98536,48.14
98540,40.11
98616,40.11
98620,42.12
98624,44.13
98628,54.15
98632,50.14
98636,38.11
98832,35.32
98836,37.18
98840,39.04
98844,44.62
98848,42.76
98852,33.46
98880,33.46
98884,37.18
98888,37.18
98892,42.76
98896,40.9
98900,35.32
98928,37.18
98932,39.04
98936,40.9
98940,46.47
98944,44.62
98948,37.18
98976,35.32
98980,40.9
98984,42.76
98988,50.19
98992,46.47
98996,39.04
99072,39.04
99076,42.76
99080,44.62
99084,52.05
99088,48.33
99092,40.9
99168,33.46
99172,37.18
99176,40.9
99180,53.91
99184,50.19
99188,35.32
99216,35.32
99220,39.04
99224,42.76
99228,52.05
99232,46.47
99236,37.18
99312,37.18
99316,40.9
99320,44.62
99324,50.19
99328,48.33
99332,40.9
99408,39.04
99412,42.76
99416,46.47
99420,55.77
99424,48.33
99428,37.18
99456,35.32
99460,37.18
99464,42.76
99468,50.19
99472,50.19
99476,39.04
99600,37.18
99604,39.04
99608,40.9
99612,48.33
99616,46.47
99620,39.04
99672,39.04
99676,40.9
99680,44.62
99684,52.05
99688,48.33
99692,42.76
99720,35.32
99724,39.04
99728,42.76
99732,55.77
99736,50.19
99740,40.9
99792,37.18
99796,40.9
99800,46.47
99804,53.91
99808,48.33
99812,39.04
99864,40.9
99868,42.76
99872,42.76
99876,52.05
99880,46.47
99884,39.04
99912,39.04
99916,40.9
99920,46.47
99924,55.77
99928,48.33
99932,40.9
99984,35.32
99988,39.04
99992,44.62
99996,53.91
1e+05,50.19
100004,40.9
100032,37.18
100036,40.9
100040,42.76
100044,55.77
100048,48.33
100052,39.04
100128,39.04
100132,39.04
100136,40.9
100140,42.76
100144,44.62
100148,37.18
100176,35.32
100180,37.18
100184,37.18
100188,35.32
100192,44.62
100196,39.04
100272,37.18
100276,40.9
100280,44.61
100284,35.32
100288,37.18
100292,40.9
100320,35.32
100324,39.04
100328,46.47
100332,50.19
100336,39.04
100340,37.18
100416,39.04
100420,40.9
100424,40.9
100428,39.04
100432,42.76
100436,35.32
100512,40.9
100516,40.9
100520,44.62
100524,50.19
100528,48.33
100532,39.04
100560,35.32
100564,39.04
100568,39.04
100572,37.18
100576,37.18
100580,35.32
100704,35.32
100708,37.18
100712,35.32
100716,39.04
100720,33.46
100724,40.9
100776,37.18
100780,39.04
100784,33.46
100788,42.76
100792,40.9
100796,35.32
100848,39.04
100852,42.76
100856,42.76
100860,46.47
100864,44.62
100868,40.9
100920,35.32
100924,37.18
100928,40.9
100932,39.04
100936,37.18
100940,35.32
100992,37.18
100996,40.9
101000,40.9
101004,37.18
101008,39.04
101012,37.18
101136,35.32
101140,37.18
101144,39.04
101148,40.9
101152,42.76
101156,39.04
101232,37.18
101236,39.04
101240,40.9
101244,42.76
101248,39.04
101252,37.18
101280,35.32
101284,37.18
101288,40.9
101292,39.04
101296,40.9
101300,35.32
101352,37.18
101356,40.9
101360,40.9
101364,42.76
101368,39.04
101372,37.18
101472,34.13
101476,39.82
101480,39.82
101484,41.71
101488,37.92
101492,36.02
101568,32.23
101572,36.02
101576,36.02
101580,39.82
101584,37.92
101588,34.13
101616,30.34
101620,32.23
101624,34.13
101628,36.02
101632,36.02
101636,32.23
101712,34.13
101716,36.02
101720,37.92
101724,41.71
101728,37.92
101732,32.23
101832,32.23
101836,34.13
101840,37.92
101844,39.82
101848,36.02
101852,34.13
101904,30.34
101908,34.13
101912,36.02
101916,37.92
101920,36.02
101924,32.23
101952,32.23
101956,36.02
101960,37.92
101964,41.71
101968,37.92
101972,34.13
102024,34.13
102028,36.02
102032,39.82
102036,41.71
102040,39.82
102044,37.92
102096,31.13
102100,37.92
102104,41.71
102108,43.61
102112,37.92
102116,34.13
102192,37.92
102196,41.71
102200,71.71
102204,43.61
102208,41.71
102212,37.92
102288,32.23
102292,30.34
102296,28.44
102300,30.34
102304,24.65
102308,22.75
102384,30.34
102388,34.13
102392,36.02
102396,39.82
102400,37.92
102404,32.23
102432,32.23
102436,36.02
102440,37.92
102444,41.71
102448,39.82
102452,34.13
102480,34.13
102484,37.92
102488,37.92
102492,43.61
102496,41.71
102500,36.02
102576,32.23
102580,36.02
102584,39.82
102588,41.71
102592,37.92
102596,34.13
102672,36.02
102676,36.02
102680,37.92
102684,43.61
102688,41.71
102692,37.92
102720,34.13
102724,39.82
102728,39.82
102732,41.71
102736,37.92
102740,36.02
102816,32.23
102820,37.92
102824,37.92
102828,43.61
102832,41.71
102836,34.13
102984,34.13
102988,39.82
102992,39.82
102996,41.71
103000,37.92
103004,36.02
103032,36.02
103036,37.92
103040,39.82
103044,45.5
103048,41.71
103052,39.82
103248,34.13
103252,37.92
103256,41.71
103260,43.61
103264,39.82
103268,36.02
103296,37.92
103300,37.92
103304,39.82
103308,45.5
103312,43.61
103316,39.82
103344,39.82
103348,41.71
103352,43.61
103356,43.61
103360,45.5
103364,41.71
103440,34.13
103444,39.82
103448,39.82
103452,45.5
103456,41.71
103460,37.92
103560,34.13
103564,34.13
103568,53.09
103572,62.37
103576,56.88
103580,53.09
103584,36.02
103588,34.13
103592,45.5
103596,54.98
103600,51.19
103604,47.4
103704,32.23
103708,37.92
103712,37.92
103716,43.61
103720,41.71
103724,36.02
103848,37.92
103852,39.82
103856,41.71
103860,43.61
103864,39.82
103868,37.92
103920,36.02
103924,37.92
103928,41.71
103932,41.71
103936,39.82
103940,36.02
103968,34.13
103972,36.02
103976,39.82
103980,43.61
103984,41.71
103988,37.92
104064,36.02
104068,37.92
104072,41.71
104076,45.5
104080,43.61
104084,41.71
104160,37.92
104164,37.92
104168,41.71
104172,43.61
104176,43.61
104180,39.82
104208,39.82
104212,39.82
104216,43.61
104220,47.4
104224,45.5
104228,41.71
104280,34.13
104284,37.92
104288,41.71
104292,43.61
104296,43.61
104300,39.82
104376,36.02
104380,41.71
104384,43.61
104388,47.4
104392,45.5
104396,37.92
104472,37.92
104476,39.82
104480,43.61
104484,45.5
104488,43.61
104492,41.71
104592,35.95
104596,41.35
104600,43.14
104604,45.74
104608,43.14
104612,37.75
104688,37.75
104692,39.55
104696,41.35
104700,43.14
104704,41.35
104708,35.95
104736,34.16
104740,39.55
104744,39.55
104748,41.35
104752,37.75
104756,34.16
104832,35.95
104836,41.35
104840,41.35
104844,44.94
104848,43.14
104852,37.75
104880,34.16
104884,37.75
104888,43.14
104892,46.74
104896,43.14
104900,35.95
104952,37.75
104956,41.35
104960,43.14
104964,44.94
104968,44.94
104972,39.55
105024,39.55
105028,44.94
105032,46.74
105036,46.74
105040,43.14
105044,41.35
105120,37.75
105124,43.14
105128,43.14
105132,46.74
105136,44.94
105140,39.55
105216,34.16
105220,39.55
105224,44.94
105228,44.94
105232,41.35
105236,37.75
105336,30.56
105340,32.36
105344,41.35
105348,46.74
105352,44.94
105356,41.35
105432,34.16
105436,39.55
105440,43.14
105444,44.94
105448,39.55
105452,34.14
105480,37.75
105484,44.94
105488,48.54
105492,52.13
105496,50.33
105500,43.14
105576,39.55
105580,43.14
105584,44.94
105588,50.33
105592,44.94
105596,39.55
105624,35.95
105628,37.75
105632,39.55
105636,44.94
105640,41.35
105644,35.95
105696,37.75
105700,43.14
105704,43.14
105708,46.74
105712,44.94
105716,39.55
105816,41.35
105820,41.35
105824,44.94
105828,48.54
105832,46.74
105836,43.14
