"DateTime","SPM.Values"
0,151
8,266
16,221
72,179
80,196
88,209
144,156
152,223
160,141
192,186
200,250
208,282
264,193
272,408
280,355
384,213
392,311
400,232
456,117
464,246
472,183
528,223
536,414
544,372
648,100
656,123
664,112
720,222
728,524
736,281
768,396
776,275
784,267
840,89
848,159
856,171
984,168
992,246
1000,147
1080,182
1088,222
1096,120
1128,124
1136,97
1144,83
1200,82
1208,122
1216,123
1320,120
1328,115
1336,176
1392,180
1400,286
1408,264
1464,86
1472,106
1480,75
1536,127
1544,249
1552,114
1608,107
1616,205
1624,172
1752,68
1760,76
1768,37
1800,169
1808,164
1816,244
1848,191
1856,106
1864,37
1968,90
1976,124
1984,63
2088,140
2096,101
2104,119
2160,64
2168,83
2176,33
2232,115
2240,45
2248,21
2304,63
2312,80
2320,97
2352,169
2360,247
2368,136
2448,113
2456,131
2464,51
2520,120
2528,126
2536,83
2616,84
2624,118
2632,98
2712,145
2720,130
2728,63
2832,75
2840,94
2848,63
2904,153
2912,82
2920,57
3048,103
3056,173
3064,123
3096,139
3104,104
3112,54
3144,139
3152,116
3160,57
3240,69
3248,54
3256,47
3360,112
3368,61
3376,29
3408,73
3416,74
3424,28
3456,92
3464,69
3472,18
3576,124
3584,168
3592,38
3648,75
3656,75
3664,49
3720,83
3728,65
3736,62
3840,94
3848,86
3856,32
3936,141
3944,164
3952,39
4008,43
4016,53
4024,18
4056,59
4064,108
4072,30
4128,70
4136,38
4144,38
4200,23
4208,19
4216,19
4368,80
4376,68
4384,78
4440,70
4448,44
4456,26
4512,41
4520,63
4528,24
4584,31
4592,45
4600,11
4656,59
4664,61
4672,34
4728,66
4736,38
4744,30
4800,39
4808,43
4816,21
4896,17
4904,33
4912,15
5040,29
5048,24
5056,19
5112,38
5120,33
5128,22
5184,59
5192,85
5200,53
5256,65
5264,73
5272,85
5376,55
5384,69
5392,23
5424,74
5432,50
5440,38
5496,42
5504,48
5512,19
5568,105
5576,66
5584,35
5640,65
5648,96
5656,34
5784,45
5792,40
5800,11
5856,57
5864,49
5872,34
5928,44
5936,52
5944,40
6000,17
6008,19
6016,11
6072,72
6080,158
6088,148
6168,59
6176,99
6184,57
6216,84
6224,57
6232,25
6312,43
6320,112
6328,41
6360,78
6368,74
6376,66
6528,28
6536,42
6544,25
6576,86
6584,87
6592,64
6648,130
6656,161
6664,162
6768,110
6776,134
6784,107
6888,54
6896,20
6904,18
6960,15
6968,33
6976,12
7008,39
7016,54
7024,72
7056,78
7064,148
7072,177
7248,58
7256,220
7264,139
7296,86
7304,182
7312,138
7368,73
7376,229
7384,136
7440,133
7448,355
7456,289
7560,193
7568,432
7576,294
7608,165
7616,397
7624,278
7680,220
7688,344
7696,343
7752,327
7760,409
7768,243
7824,170
7832,354
7840,233
7968,138
7976,201
7984,225
8040,193
8048,318
8056,273
8112,197
8120,380
8128,283
8184,150
8192,170
8200,144
8280,158
8288,254
8296,210
8328,150
8336,355
8344,297
8400,139
8408,144
8416,94
8544,203
8552,541
8560,372
8592,253
8600,387
8608,523
8688,211
8696,509
8704,329
8760,189
8768,161
8776,118
8880,231
8888,519
8896,477
8976,351
8984,388
8992,386
9072,544
9080,406
9088,294
9144,131
9152,171
9160,96
9192,198
9200,319
9208,195
9288,159
9296,196
9304,137
9336,235
9344,435
9352,323
9432,302
9440,393
9448,352
9552,299
9560,378
9568,372
9624,297
9632,242
9640,241
9672,317
9680,530
9688,259
9744,263
9752,400
9760,301
9912,201
9920,185
9928,219
9984,234
9992,147
10000,125
10032,165
10040,337
10048,119
10080,113
10088,207
10096,165
10272,100
10280,189
10288,274
10320,73
10328,92
10336,66
10416,199
10424,167
10432,105
10464,271
10472,139
10480,146
10536,181
10544,225
10552,311
10632,202
10640,361
10648,308
10680,171
10688,279
10696,161
10728,155
10736,159
10744,197
10944,109
10952,227
10960,70
10992,74
11000,160
11008,74
11040,98
11048,83
11056,78
11088,163
11096,172
11104,86
11232,75
11240,75
11248,22
11304,60
11312,123
11320,70
11352,55
11360,65
11368,56
11424,171
11432,110
11440,71
11616,91
11624,85
11632,59
11664,71
11672,84
11680,80
11712,77
11720,83
11728,45
11808,68
11816,51
11824,36
11928,96
11936,132
11944,52
12000,106
12008,89
12016,78
12072,59
12080,67
12088,53
12120,88
12128,79
12136,120
12192,58
12200,44
12208,31
12312,76
12320,76
12328,28
12408,49
12416,56
12424,34
12504,87
12512,109
12520,59
12552,73
12560,78
12568,48
12648,81
12656,59
12664,32
12720,123
12728,74
12736,61
12792,44
12800,68
12808,59
12864,51
12872,34
12880,29
12936,53
12944,59
12952,62
13128,55
13136,45
13144,26
13176,89
13184,69
13192,15
13248,53
13256,52
13264,42
13296,58
13304,59
13312,34
13392,65
13400,67
13408,36
13488,34
13496,50
13504,52
13536,52
13544,40
13552,18
13608,65
13616,65
13624,55
13800,31
13808,26
13816,12
13848,41
13856,38
13864,23
13896,58
13904,52
13912,46
13968,47
13976,86
13984,68
14112,33
14120,25
14128,15
14160,52
14168,66
14176,34
14256,22
14264,27
14272,25
14328,37
14336,61
14344,39
14376,24
14384,55
14392,27
14520,33
14528,59
14536,42
14592,36
14600,48
14608,17
14664,60
14672,47
14680,22
14736,94
14744,70
14752,41
14808,53
14816,76
14824,55
14928,42
14936,56
14944,18
15000,34
15008,17
15016,15
15048,36
15056,34
15064,29
15120,28
15128,87
15136,47
15312,65
15320,93
15328,61
15360,86
15368,118
15376,189
15432,73
15440,118
15448,126
15504,90
15512,122
15520,105
15552,91
15560,129
15568,133
15624,107
15632,147
15640,132
15768,48
15776,62
15784,68
15840,43
15848,124
15856,130
15912,72
15920,105
15928,208
16032,60
16040,105
16048,112
16080,98
16088,237
16096,209
16152,127
16160,206
16168,157
16248,59
16256,215
16264,57
16344,108
16352,234
16360,249
16392,160
16400,201
16408,267
16464,114
16472,216
16480,264
16560,129
16568,204
16576,115
16608,126
16616,329
16624,215
16776,143
16784,309
16792,334
16824,210
16832,335
16840,310
16896,170
16904,317
16912,166
17016,151
17024,232
17032,222
17088,120
17096,208
17104,206
17208,99
17216,244
17224,145
17304,138
17312,153
17320,283
17352,141
17360,164
17368,169
17496,104
17504,214
17512,181
17544,133
17552,209
17560,203
17616,158
17624,217
17632,234
17688,153
17696,385
17704,210
17760,202
17768,444
17776,294
17832,251
17840,191
17848,195
17904,144
17912,378
17920,301
17976,202
17984,259
17992,220
18096,293
18104,505
18112,261
18216,216
18224,240
18232,200
18288,181
18296,249
18304,140
18360,111
18368,145
18376,204
18432,43
18440,90
18448,39
18504,108
18512,144
18520,59
18576,93
18584,188
18592,116
18648,79
18656,139
18664,163
18744,73
18752,57
18760,81
18840,53
18848,23
18856,48
18984,72
18992,164
19000,71
19056,85
19064,93
19072,73
19128,100
19136,66
19144,45
19200,45
19208,43
19216,108
19272,108
19280,135
19288,155
19344,55
19352,224
19360,108
19416,157
19424,151
19432,154
19464,95
19472,75
19480,176
19680,150
19688,202
19696,63
19728,135
19736,123
19744,65
19800,83
19808,126
19816,70
19872,64
19880,50
19888,43
19944,38
19952,50
19960,33
20016,80
20024,61
20032,27
20088,99
20096,121
20104,80
20160,102
20168,81
20176,90
20352,76
20360,64
20368,60
20400,77
20408,82
20416,47
20496,61
20504,94
20512,101
20568,65
20576,76
20584,57
20640,71
20648,85
20656,53
20712,116
20720,114
20728,98
20784,89
20792,71
20800,56
20856,73
20864,93
20872,96
20928,74
20936,62
20944,84
21072,89
21080,87
21088,38
21144,85
21152,88
21160,72
21216,87
21224,65
21232,33
21288,72
21296,130
21304,53
21360,45
21368,32
21376,20
21432,58
21440,43
21448,36
21552,41
21560,62
21568,18
21624,33
21632,38
21640,32
21672,40
21680,48
21688,29
21792,42
21800,49
21808,31
21840,37
21848,24
21856,41
21960,123
21968,41
21976,42
22080,66
22088,64
22096,25
22152,40
22160,68
22168,64
22224,48
22232,30
22240,96
22272,60
22280,38
22288,43
22368,43
22376,23
22384,18
22440,73
22448,52
22456,82
22584,57
22592,52
22600,36
22632,24
22640,26
22648,24
22728,56
22736,48
22744,34
22800,26
22808,31
22816,33
22920,27
22928,37
22936,30
22992,58
23000,83
23008,53
23040,41
23048,43
23056,22
23112,109
23120,69
23128,52
23184,47
23192,45
23200,44
23376,37
23384,49
23392,53
23424,42
23432,41
23440,43
23496,44
23504,94
23512,113
23568,39
23576,35
23584,40
23616,65
23624,40
23632,63
23736,30
23744,66
23752,32
23808,36
23816,32
23824,26
23856,35
23864,24
23872,37
24024,75
24032,63
24040,43
24072,191
24080,84
24088,97
24216,154
24224,230
24232,104
24264,147
24272,163
24280,96
24312,33
24320,95
24328,72
24360,50
24368,93
24376,40
24528,90
24536,150
24544,114
24576,85
24584,105
24592,182
24624,114
24632,112
24640,179
24672,92
24680,158
24688,171
24840,134
24848,310
24856,196
24888,149
24896,235
24904,141
25032,81
25040,123
25048,99
25080,76
25088,205
25096,57
25128,137
25136,147
25144,148
25272,96
25280,194
25288,165
25320,129
25328,291
25336,186
25368,160
25376,164
25384,195
25536,96
25544,216
25552,130
25584,205
25592,164
25600,134
25656,132
25664,345
25672,469
25776,175
25784,214
25792,225
25848,177
25856,253
25864,259
25896,146
25904,335
25912,364
25968,128
25976,333
25984,331
26064,252
26072,279
26080,243
26136,180
26144,335
26152,311
26280,315
26288,426
26296,553
26328,302
26336,530
26344,530
26424,239
26432,260
26440,241
26472,224
26480,365
26488,391
26520,218
26528,370
26536,388
26736,73
26744,164
26752,73
26784,137
26792,214
26800,193
26832,153
26840,291
26848,271
26880,160
26888,200
26896,219
27072,222
27080,224
27088,275
27120,148
27128,224
27136,185
27216,143
27224,216
27232,184
27264,163
27272,185
27280,262
27312,225
27320,372
27328,327
27360,178
27368,262
27376,187
27504,113
27512,141
27520,188
27552,155
27560,196
27568,179
27744,105
27752,111
27760,115
27792,163
27800,210
27808,251
27864,183
27872,230
27880,213
27936,180
27944,214
27952,245
27984,136
27992,203
28000,173
28056,121
28064,202
28072,130
28176,98
28184,127
28192,112
28296,122
28304,143
28312,122
28344,113
28352,136
28360,94
28464,78
28472,92
28480,106
28512,114
28520,150
28528,146
28560,138
28568,198
28576,164
28704,68
28712,75
28720,98
28752,75
28760,109
28768,77
28824,126
28832,124
28840,138
28944,83
28952,87
28960,68
29088,95
29096,62
29104,51
29136,96
29144,121
29152,82
29232,68
29240,81
29248,69
29280,50
29288,77
29296,59
29352,67
29360,107
29368,81
29400,87
29408,92
29416,81
29544,76
29552,82
29560,83
29592,71
29600,81
29608,121
29664,69
29672,80
29680,132
29712,72
29720,80
29728,89
29928,35
29936,33
29944,43
29976,68
29984,54
29992,53
30048,35
30056,48
30064,50
30120,77
30128,43
30136,44
30168,56
30176,45
30184,51
30312,47
30320,46
30328,60
30360,65
30368,60
30376,63
30408,40
30416,94
30424,66
30600,44
30608,58
30616,40
30648,54
30656,34
30664,41
30696,57
30704,52
30712,50
30744,50
30752,54
30760,60
30840,58
30848,41
30856,37
30888,36
30896,50
30904,47
31080,41
31088,46
31096,44
31128,44
31136,73
31144,67
31176,20
31184,25
31192,28
31224,39
31232,45
31240,36
31440,26
31448,56
31456,28
31488,26
31496,40
31504,24
31560,41
31568,76
31576,55
31608,35
31616,51
31624,21
31704,43
31712,64
31720,33
31800,40
31808,58
31816,65
31848,46
31856,50
31864,55
31920,45
31928,80
31936,77
32112,53
32120,81
32128,99
32160,68
32168,85
32176,71
32232,50
32240,58
32248,59
32280,37
32288,59
32296,55
32352,67
32360,56
32368,48
32424,26
32432,74
32440,33
32544,52
32552,66
32560,68
32640,54
32648,87
32656,92
32688,57
32696,45
32704,49
32808,59
32816,87
32824,81
32856,66
32864,99
32872,109
33000,67
33008,104
33016,123
33048,95
33056,158
33064,181
33120,88
33128,111
33136,128
33240,113
33248,230
33256,160
33312,88
33320,134
33328,167
33384,87
33392,155
33400,118
33432,106
33440,109
33448,171
33600,137
33608,208
33616,206
33672,101
33680,120
33688,134
33744,142
33752,179
33760,192
33816,160
33824,172
33832,189
33888,181
33896,221
33904,213
33984,198
33992,289
34000,264
34032,186
34040,241
34048,230
34128,172
34136,247
34144,225
34272,251
34280,320
34288,284
34320,254
34328,393
34336,404
34416,213
34424,334
34432,278
34512,240
34520,266
34528,296
34560,294
34568,335
34576,352
34632,181
34640,266
34648,250
34704,189
34712,219
34720,203
34776,200
34784,267
34792,254
34872,231
34880,322
34888,334
35016,224
35024,301
35032,278
35064,247
35072,287
35080,280
35136,206
35144,272
35152,259
35208,230
35216,274
35224,264
35304,217
35312,275
35320,249
35424,227
35432,265
35440,233
35496,257
35504,386
35512,358
35568,250
35576,322
35584,281
35616,243
35624,294
35632,265
35760,230
35768,336
35776,299
35856,262
35864,341
35872,310
35904,188
35912,267
35920,239
36000,243
36008,330
36016,286
36048,287
36056,318
36064,306
36144,184
36152,237
36160,205
36288,220
36296,291
36304,280
36336,247
36344,293
36352,273
36432,222
36440,274
36448,252
36528,235
36536,283
36544,253
36576,232
36584,284
36592,257
36672,208
36680,243
36688,224
36720,222
36728,288
36736,238
36792,239
36800,279
36808,265
36912,239
36920,285
36928,266
36984,209
36992,249
37000,233
37056,243
37064,285
37072,255
37176,186
37184,249
37192,221
37320,179
37328,216
37336,192
37368,224
37376,259
37384,248
37440,216
37448,270
37456,260
37584,247
37592,318
37600,300
37728,234
37736,316
37744,255
37800,123
37808,167
37816,170
37896,117
37904,109
37912,90
38016,74
38024,119
38032,225
38088,75
38096,97
38104,107
38160,87
38168,172
38176,187
38280,59
38288,97
38296,47
38376,62.23
38384,54.55
38392,45.61
38472,93.6
38480,123.38
38488,53.52
38544,83
38552,117
38560,101
38616,61
38624,105
38632,120
38712,51
38720,62
38728,100
38760,92
38768,122
38776,63
38832,53
38840,69
38848,35
38976,71
38984,84
38992,48
39024,105
39032,132
39040,66
39072,112
39080,89
39088,73
39144,65
39152,82
39160,47
39264,86
39272,53
39280,56
39384,74
39392,65
39400,27
39432,64
39440,50
39448,43
39504,50
39512,44
39520,21
39648,19
39656,23
39664,32
39720,32
39728,38
39736,45
39792,37
39800,83
39808,73
39864,48
39872,72
39880,54
39912,34
39920,45
39928,66
40008,58
40016,56
40024,61
40104,57
40112,41
40120,52
40200,62
40208,53
40216,34
40248,81
40256,122
40264,101
40320,45
40328,40
40336,25
40464,33
40472,29
40480,19
40560,70
40568,52
40576,31
40608,61
40616,47
40624,33
40680,43
40688,65
40696,41
40752,65
40760,54
40768,47
40896,27
40904,19
40912,14
40944,23
40952,32
40960,15
41016,59
41024,71
41032,42
41112,86
41120,108
41128,134
41208,95
41216,99
41224,50
41256,72
41264,91
41272,49
41304,113
41312,160
41320,96
41496,50
41504,51
41512,64
41568,77
41576,67
41584,47
41640,54
41648,50
41656,35
41712,89
41720,133
41728,117
41784,103
41792,153
41800,94
41856,114
41864,178
41872,164
42000,102
42008,115
42016,160
42048,149
42056,227
42064,194
42096,147
42104,209
42112,215
42192,136
42200,279
42208,241
42312,144
42320,275
42328,255
42384,115
42392,193
42400,185
42504,188
42512,253
42520,276
42576,139
42584,132
42592,139
42624,119
42632,83
42640,107
42696,105
42704,141
42712,128
42768,152
42776,199
42784,209
42816,191
42824,267
42832,221
42960,178
42968,211
42976,192
43080,226
43088,361
43096,435
43128,211
43136,360
43144,368
43200,251
43208,334
43216,329
43272,361
43280,363
43288,419
43320,275
43328,386
43336,501
43512,171
43520,200
43528,234
43560,147
43568,218
43576,257
43656,216
43664,293
43672,280
43728,186
43736,329
43744,241
43776,225
43784,287
43792,232
43896,192
43904,248
43912,321
43992,174
44000,289
44008,303
44040,309
44048,210
44056,206
44136,186
44144,218
44152,194
44256,231
44264,261
44272,302
44352,134
44360,290
44368,267
44424,159
44432,154
44440,292
44496,212
44504,232
44512,296
44544,149
44552,178
44560,210
44688,263
44696,302
44704,378
44736,119
44744,276
44752,169
44784,110
44792,124
44800,212
44928,168
44936,221
44944,306
44976,173
44984,334
44992,260
45024,219
45032,217
45040,206
45216,109
45224,181
45232,216
45264,162
45272,130
45280,124
45336,112
45344,129
45352,131
45384,180
45392,215
45400,251
45528,179
45536,146
45544,125
45576,178
45584,266
45592,300
45648,225
45656,187
45664,211
45744,139
45752,149
45760,102
45792,112
45800,159
45808,149
45912,172
45920,163
45928,232
46056,166
46064,159
46072,196
46104,210
46112,187
46120,241
46152,113
46160,112
46168,74
46272,104
46280,130
46288,79
46344,144
46352,162
46360,189
46416,112
46424,103
46432,57
46464,134
46472,142
46480,82
46536,78
46544,80
46552,72
46704,93
46712,81
46720,50
46752,65
46760,81
46768,126
46848,109
46856,98
46864,63
46896,86
46904,88
46912,74
46968,90
46976,102
46984,49
47088,65
47096,72
47104,57
47160,55
47168,47
47176,48
47280,73
47288,76
47296,59
47328,90
47336,92
47344,65
47376,64
47384,67
47392,45
47568,75
47576,62
47584,24
47616,42
47624,69
47632,46
47664,49
47672,44
47680,30
47760,46
47768,43
47776,46
47856,46
47864,35
47872,35
47928,35
47936,28
47944,36
47976,86
47984,31
47992,46
48072,80
48080,79
48088,66
48216,59
48224,42
48232,25
48264,51
48272,54
48280,40
48360,61
48368,59
48376,68
48408,40
48416,70
48424,38
48480,56
48488,62
48496,37
48624,86
48632,34
48640,19
48672,45
48680,53
48688,36
48768,82
48776,38
48784,32
48840,57
48848,40
48856,50
48936,37
48944,50
48952,39
48984,55
48992,72
49000,52
49104,40
49112,80
49120,50
49248,57
49256,37
49264,33
49296,47
49304,55
49312,30
49392,66
49400,77
49408,31
49464,33
49472,60
49480,42
49536,55
49544,45
49552,38
49632,46
49640,64
49648,43
49680,44
49688,55
49696,45
49776,64
49784,73
49792,48
49824,54
49832,66
49840,115
49968,38
49976,30
49984,16
50040,82
50048,89
50056,44
50088,61
50096,81
50104,81
50184,62
50192,114
50200,111
50232,85
50240,126
50248,109
50328,168
50336,127
50344,129
50448,41
50456,45
50464,47
50520,60
50528,63
50536,60
50568,90
50576,136
50584,108
50760,79
50768,60
50776,107
50808,62
50816,110
50824,86
50880,109
50888,214
50896,129
50952,112
50960,249
50968,274
51024,64
51032,54
51040,62
51120,106
51128,191
51136,223
51216,99
51224,161
51232,171
51264,156
51272,178
51280,230
51408,245
51416,240
51424,336
51480,102
51488,64
51496,107
51528,140
51536,275
51544,259
51624,144
51632,143
51640,176
51672,121
51680,213
51688,201
51744,126
51752,190
51760,154
51840,89
51848,170
51856,97
51936,106
51944,200
51952,224
52032,175
52040,283
52048,286
52152,180
52160,299
52168,321
52224,184
52232,267
52240,291
52296,299
52304,394
52312,494
52368,205
52376,363
52384,361
52416,187
52424,361
52432,439
52584,139
52592,180
52600,176
52632,172
52640,289
52648,235
52680,156
52688,192
52696,203
52728,202
52736,255
52744,260
52872,134
52880,262
52888,247
52944,161
52952,171
52960,211
53112,112
53120,146
53128,255
53160,247
53168,378
53176,339
53256,153
53264,265
53272,265
53304,173
53312,294
53320,303
53448,136
53456,122
53464,202
53496,172
53504,152
53512,184
53568,236
53576,205
53584,207
53616,139
53624,120
53632,131
53712,135
53720,126
53728,178
53808,110
53816,160
53824,191
53856,99
53864,106
53872,135
54000,154
54008,145
54016,139
54096,100
54104,117
54112,153
54144,97
54152,119
54160,78
54192,100
54200,172
54208,196
54288,145
54296,103
54304,68
54384,100
54392,135
54400,177
54480,140
54488,93
54496,84
54576,93
54584,96
54592,95
54624,72
54632,95
54640,141
54720,94
54728,65
54736,75
54792,100
54800,128
54808,99
54864,144
54872,140
54880,146
54912,140
54920,138
54928,93
55104,83
55112,80
55120,104
55152,87
55160,111
55168,96
55224,60
55232,71
55240,54
55344,63
55352,72
55360,49
55416,56
55424,68
55432,34
55464,55
55472,84
55480,100
55560,62
55568,72
55576,70
55608,89
55616,77
55624,97
55704,107
55712,70
55720,61
55848,66
55856,94
55864,61
55920,90
55928,69
55936,62
55992,77
56000,98
56008,92
56064,57
56072,77
56080,58
56160,55
56168,65
56176,45
56256,61
56264,96
56272,53
56304,91
56312,99
56320,95
56376,85
56384,46
56392,40
56448,30
56456,39
56464,40
56568,78
56576,52
56584,51
56688,51
56696,61
56704,74
56760,83
56768,62
56776,52
56808,51
56816,46
56824,36
57648,95
57656,55
57664,30
57696,100
57704,46
57712,66
57744,65
57752,34
57760,42
57840,62
57848,54
57856,22
57936,44
57944,38
57952,15
57984,21
57992,26
58000,28
58128,44
58136,45
58144,30
58176,27
58184,25
58192,45
58224,34
58232,34
58240,53
58344,37
58352,26
58360,30
58392,47
58400,32
58408,33
58488,32
58496,17
58504,35
58584,55
58592,100
58600,64
58632,76
58640,47
58648,49
58752,73
58760,46
58768,52
58872,70
58880,52
58888,49
58944,34
58952,51
58960,61
58992,78
59000,66
59008,67
59064,64
59072,76
59080,84
59208,62
59216,52
59224,80
59280,74
59288,89
59296,72
59328,63
59336,45
59344,78
59424,130
59432,130
59440,137
59520,85
59528,81
59536,65
59640,115
59648,245
59656,245
59712,109
59720,206
59728,241
59808,182
59816,151
59824,142
59880,269
59888,190
59896,179
59952,156
59960,130
59968,125
60024,230
60032,226
60040,197
60168,269
60176,209
60184,210
60216,213
60224,210
60232,161
60264,132
60272,165
60280,157
60360,196
60368,175
60376,143
60408,171
60416,169
60424,165
60552,143
60560,275
60568,287
60648,245
60656,267
60664,266
60696,203
60704,342
60712,280
60792,196
60800,228
60808,223
60840,117
60848,229
60856,234
60936,215
60944,241
60952,226
60984,180
60992,244
61000,238
61080,150
61088,296
61096,266
61128,215
61136,442
61144,321
67824,38
67832,55
67840,24
67920,46
67928,61
67936,34
68016,46
68024,68
68032,39
68112,61
68120,79
68128,53
68208,89
68216,96
68224,64
68304,64.5
68312,114.6
68320,87.9
68400,75.9
68408,135.97
68416,120.25
68496,86.39
68504,109.7
68512,93.7
68592,69.4
68600,103.4
68608,87.9
68688,76.4
68696,100.9
68704,98.11
68784,161.48
68792,174.77
68800,116.21
68856,102.27
68864,228.53
68872,182.2
68880,174.15
68888,147.3
68896,109.3
68976,114.59
68984,167.51
68992,125.21
69072,111.12
69080,159.8
69088,147.6
69168,126.15
69176,124.36
69184,144.26
69264,105.2
69272,129.6
69280,113.5
69360,131.03
69368,157.4
69376,109.61
69456,105.6
69464,127.9
69472,98.6
69552,110.6
69560,132.5
69568,124.6
69648,139.45
69656,159.93
69664,186.1
69720,142.94
69728,155.95
69736,126.06
69840,178.12
69848,239.17
69856,166.23
69936,166.24
69944,213.29
69952,199.36
70032,164.88
70040,240.94
70048,257.32
70128,180.4
70136,247.5
70144,269.2
70224,152.64
70232,209.25
70240,241.6
70320,168.42
70328,198.23
70336,239.63
70416,154.28
70424,182.86
70432,203.35
70512,150.44
70520,182.44
70528,159.61
70608,140.92
70616,150.21
70624,180.94
70704,174.71
70712,201.56
70720,217.44
70800,215.93
70808,258.87
70816,188.02
70896,236.09
70904,245.94
70912,199.32
70992,181.18
71000,175.91
71008,145.64
71088,124.37
71096,201.61
71104,191.08
71184,116.46
71192,129.38
71200,141.63
71280,121.96
71288,102.28
71296,115.46
71376,124.92
71384,105.38
71392,113.23
71448,183.47
71456,107.48
71464,117.92
71520,94.46
71528,163.4
71536,171.65
71592,132.71
71600,159.17
71608,121.37
71712,135.83
71720,141.25
71728,148.86
71808,104.78
71816,110.58
71824,145.85
71856,105.58
71864,123.48
71872,107.73
71928,119.5
71936,101.2
71944,143.2
72000,112.42
72008,122.72
72016,96.87
72072,88.75
72080,90.07
72088,166.18
72216,121.92
72224,174.38
72232,96.26
72288,106.58
72296,156.27
72304,198.51
72408,92.98
72416,126.52
72424,101.9
72480,105.07
72488,160.19
72496,119.3
72528,82.42
72536,112.01
72544,69.26
72624,71.65
72632,56.79
72640,61.53
72696,70.06
72704,95.18
72712,96.7
72768,97.59
72776,111.83
72784,75.31
72840,114.66
72848,129.97
72856,86.4
72936,104.26
72944,92.56
72952,84.78
73032,78.79
73040,81.76
73048,84.61
73128,70.5
73136,92.06
73144,47.82
73224,67.43
73232,73.68
73240,83.87
73320,77.8
73328,86.3
73336,75.02
73392,78.46
73400,85.86
73408,70.12
73440,85.41
73448,63.75
73456,90.13
73512,89.23
73520,66.79
73528,46.89
73584,68.85
73592,50.1
73600,37.43
73656,61.82
73664,45.61
73672,42.43
73728,59.94
73736,64.88
73744,40.77
73800,36.79
73808,47.58
73816,64.25
73872,65.17
73880,56.97
73888,54.66
73920,44.52
73928,59.93
73936,36.22
73992,44.07
74000,32.24
74008,39.06
74064,72.9
74072,74.4
74080,65.73
74112,54.54
74120,37.84
74128,31.58
74184,37.75
74192,62.83
74200,43.49
74304,44.07
74312,37.39
74320,36.19
74376,40.21
74384,46.89
74392,29.79
74448,66.93
74456,53.17
74464,27.33
74520,36.21
74528,32.19
74536,24.23
74592,46.99
74600,56.93
74608,24.91
74664,76.67
74672,95.76
74680,27.75
74736,27.59
74744,35.24
74752,50.68
74808,26.63
74816,33.9
74824,41.67
74904,31.38
74912,44.25
74920,25.84
74976,22.69
74984,33.47
74992,26.59
75048,24.22
75056,32.57
75064,23.88
75144,56.39
75152,47.9
75160,45.61
75216,45.23
75224,53.43
75232,38.39
75288,44.06
75296,53.07
75304,70.54
75360,45.8
75368,48.99
75376,17.24
75432,40.07
75440,49.4
75448,44.08
75576,25.21
75584,27.9
75592,16.42
75672,39.06
75680,49.57
75688,41.19
75744,37.88
75752,56.12
75760,43.61
75816,46.14
75824,44.65
75832,40.55
75888,65.92
75896,43.85
75904,35.18
75960,88.33
75968,155.15
75976,137.78
76032,56.05
76040,43.39
76048,45.96
76104,59.21
76112,71.83
76120,36.49
76272,52.98
76280,56.23
76288,25.25
76344,32.01
76352,68.37
76360,41.93
76416,52.24
76424,59.37
76432,39.98
76488,36.22
76496,52.15
76504,45.86
76560,25.33
76568,28.32
76576,22.86
76632,68.15
76640,74.24
76648,86.4
76752,48.86
76760,55.93
76768,38.97
76848,60.46
76856,32.84
76864,24.68
76944,48.17
76952,42.92
76960,51.39
77016,67.23
77024,104.03
77032,77.16
77064,66.17
77072,58.43
77080,50.6
77160,47.34
77168,38.95
77176,21.29
77208,33.44
77216,53.75
77224,62.97
77352,72.06
77360,153.48
77368,163.44
77376,88.2
77384,249.51
77392,255.69
77472,146.4
77480,149.41
77488,101.72
77568,62.43
77576,80.83
77584,97.73
77640,93.58
77648,169.39
77656,148.88
77784,93.37
77792,213.22
77800,290.98
77832,112.97
77840,181.03
77848,203.91
77928,137.89
77936,251.88
77944,246.14
78024,109.35
78032,135.17
78040,200.76
78096,95.69
78104,161.54
78112,153.34
78168,89.23
78176,160.35
78184,194.64
78240,107.12
78248,189.91
78256,210.87
78312,139.27
78320,217.43
78328,244.84
78456,146.4
78464,224.93
78472,211.84
78528,147.28
78536,220.15
78544,135.28
78600,141.01
78608,161.5
78616,155.71
78672,126.29
78680,228.81
78688,283.06
78720,124.64
78728,196.34
78736,213.52
78792,80.5
78800,106.08
78808,150.86
78912,132.1
78920,146.86
78928,141.41
78960,158.49
78968,266.08
78976,304.68
79080,85.23
79088,73
79096,90.39
79152,79.67
79160,157.16
79168,148.42
79224,88.59
79232,70.37
79240,41.72
79368,79.53
79376,104.45
79384,119.33
79440,102.71
79448,203.61
79456,151.1
79512,82.24
79520,107.58
79528,134.26
79584,121.25
79592,147.63
79600,157.74
79680,149.7
79688,196.38
79696,213.9
79728,126.24
79736,96.3
79744,151.57
79800,88.77
79808,122.3
79816,149.63
79944,66.59
79952,135.64
79960,163.25
80040,155.57
80048,96.12
80056,136.56
80088,57.64
80096,97.89
80104,139.99
80160,133.21
80168,55.05
80176,53.23
80232,92.96
80240,104.56
80248,136.56
80352,88.89
80360,76.52
80368,149.93
80424,127.8
80432,138.98
80440,196.42
80496,77.69
80504,74.69
80512,121.05
80616,131.29
80624,209.38
80632,216.17
80712,132.82
80720,97.68
80728,77.09
80808,91.64
80816,158.63
80824,122.94
80856,93.4
80864,95.22
80872,124.07
80928,91.8
80936,82.82
80944,149.78
81048,127.97
81056,83.02
81064,101.91
81120,91.39
81128,107.3
81136,126.89
81192,110.55
81200,142.81
81208,160.76
81264,97.92
81272,79.11
81280,110.74
81336,95.71
81344,106.72
81352,67.32
81408,72.3
81416,73.45
81424,82.84
81480,82.88
81488,106.62
81496,140.25
81576,113.22
81584,90.45
81592,170.17
81696,76.59
81704,71.92
81712,58.07
81744,72.51
81752,78.58
81760,51.92
81840,77.22
81848,79.49
81856,64.05
81984,67.92
81992,82.82
82000,71.48
82032,91.53
82040,87.9
82048,73.56
82104,92.34
82112,103.84
82120,139.05
82176,77.96
82184,93.16
82192,72.41
82296,65.07
82304,61.21
82312,53.04
82392,37.34
82400,55.03
82408,49.6
82464,72.06
82472,84.78
82480,52.86
82560,75.13
82568,60.75
82576,63.97
82632,87.27
82640,61.39
82648,58.85
82728,80.88
82736,77.33
82744,95.02
82824,66.4
82832,51.16
82840,73.78
82872,50.43
82880,53.13
82888,41.71
82944,73.67
82952,86.92
82960,51.79
83016,95.82
83024,82.63
83032,76.15
83088,68.03
83096,63.51
83104,55.09
83160,67.22
83168,63.05
83176,42.85
83280,66.41
83288,69.5
83296,53.92
83352,84.06
83360,62.03
83368,54.32
83424,48.65
83432,60.47
83440,51.74
83568,82.08
83576,64.62
83584,57.88
83640,49.65
83648,72.22
83656,58.71
83712,40.55
83720,69.5
83728,49.95
83784,43.31
83792,40.33
83800,36.8
83856,32.97
83864,63.72
83872,44.36
83928,44.28
83936,43.12
83944,35.5
84024,53.75
84032,52.47
84040,44.5
84096,50.26
84104,43.65
84112,47.17
84168,45.56
84176,37.14
84184,30.76
84288,42.67
84296,53.54
84304,47.61
84408,46.68
84416,51.36
84424,39.23
84480,64.88
84488,79.75
84496,84.19
84552,46.19
84560,54.52
84568,66.12
84624,33.04
84632,38.56
84640,33.15
84744,35.71
84752,42.75
84760,37.12
84816,47.17
84824,70.35
84832,42.09
84864,42.42
84872,52.98
84880,38.88
84936,42.88
84944,59.31
84952,87.89
85056,58.23
85064,49.65
85072,31.84
85128,38.01
85136,48.94
85144,65.04
85176,63.74
85184,108.76
85192,127.05
85272,57.79
85280,64.15
85288,70.92
85344,67.83
85352,110.75
85360,137.16
85440,58.7
85448,79.33
85456,94.13
85584,83.6
85592,47.54
85600,28.67
85656,46.78
85664,43.02
85672,39.14
85728,58.4
85736,75.95
85744,79.64
85872,62.95
85880,200.81
85888,164.72
85896,71.92
85904,163.74
85912,147.48
85968,59.67
85976,64.25
85984,82.07
86016,55.6
86024,91.05
86032,148.53
86136,95.95
86144,151.13
86152,178.32
86208,113.39
86216,157.34
86224,163.88
86280,63.72
86288,122.03
86296,167.2
86352,117.05
86360,158.93
86368,149.51
86496,88.79
86504,189.76
86512,196.79
86592,156.43
86600,215.31
86608,223.67
86664,98.5
86672,136.98
86680,187.24
86736,133.86
86744,255.2
86752,231.53
86808,146.65
86816,182.63
86824,211.32
86880,144.46
86888,110.4
86896,286.07
86952,87.01
86960,159.61
86968,181.13
87024,132.77
87032,257.2
87040,185.9
87168,102.61
87176,126.33
87184,83.26
87240,258.26
87248,201.67
87256,177.04
87312,114.84
87320,189.25
87328,178.52
87432,143.37
87440,146.76
87448,158.15
87504,132.43
87512,195.8
87520,164.48
87600,113.23
87608,110.81
87616,97.05
87672,127.18
87680,224.7
87688,184.83
87744,83.53
87752,86.12
87760,129.43
87816,114.65
87824,148.82
87832,135.9
87888,163.44
87896,176.17
87904,121.69
87960,77.15
87968,99.09
87976,83.65
88032,126.59
88040,147.01
88048,170.17
88152,99.64
88160,133.31
88168,158.48
88224,84.03
88232,98.66
88240,92.48
88344,153.68
88352,238.4
88360,216.64
88416,118.6
88424,131.87
88432,164.81
88464,172.67
88472,175.4
88480,168.43
88536,91.21
88544,135.91
88552,160.79
88656,108.65
88664,125.57
88672,147.27
88728,122.34
88736,135.53
88744,160.15
88848,113.58
88856,108.36
88864,162.32
88944,85.92
88952,90.52
88960,120.72
89016,100.93
89024,54.1
89032,77.3
89112,80.83
89120,100.84
89128,158.73
89160,115.67
89168,134.98
89176,160.14
89232,65.48
89240,103.87
89248,138.66
89304,90.76
89312,101.57
89320,113.32
89424,124.15
89432,130.08
89440,122.71
89544,103.45
89552,95.75
89560,74.78
89616,141.61
89624,87.39
89632,60.33
89688,70.24
89696,112.17
89704,110.15
89760,111.3
89768,115.85
89776,125.73
89832,76.13
89840,91.04
89848,105.38
89904,95.46
89912,157.61
89920,119.46
89976,85.18
89984,92.03
89992,83.37
90120,71.41
90128,114.58
90136,74.79
90216,102.63
90224,111.53
90232,79.46
90264,78.69
90272,52.4
90280,91.84
90360,78.74
90368,77.89
90376,65.3
90456,64.95
90464,60.77
90472,100.47
90528,80.24
90536,66.2
90544,61.76
90600,63.17
90608,58.25
90616,75.93
90672,97.25
90680,126.71
90688,110.75
90744,119.92
90752,100.74
90760,68.68
90840,70.83
90848,77.21
90856,82.95
90912,73.48
90920,83.23
90928,55.7
90984,75.5
90992,84.35
91000,65.39
91056,76.76
91064,74.45
91072,86.28
91200,79.38
91208,89.26
91216,69.34
91272,63.49
91280,63.28
91288,51.45
91344,65.4
91352,63.77
91360,31.86
91416,52.35
91424,57.3
91432,61.74
91488,73.04
91496,56.01
91504,62.98
91560,59.07
91568,72.35
91576,50.47
91680,66.1
91688,61.35
91696,40.32
91800,68.06
91808,69.5
91816,45.19
91872,50.62
91880,50.91
91888,48.72
91944,74.19
91952,69.89
91960,41.07
92016,41.02
92024,46.45
92032,31.02
92088,60.21
92096,55.03
92104,50.04
92160,63.39
92168,66.52
92176,58.95
92232,54.76
92240,48.6
92248,37.74
92352,56.41
92360,52.39
92368,62.75
92472,39.35
92480,37.78
92488,50.64
92544,30.19
92552,72.23
92560,74.96
92616,28.96
92624,23.51
92632,21.95
92688,40.5
92696,41.34
92704,43.31
92808,44.68
92816,89.1
92824,36.9
92880,27.78
92888,59.53
92896,48.6
92952,60.86
92960,81.27
92968,37.35
93024,96.59
93032,94.24
93040,33.92
93096,51.19
93104,56.82
93112,45.94
93168,71.65
93176,46.35
93184,42.45
93240,80.66
93248,54.01
93256,36.62
93336,45.07
93344,54.01
93352,33.52
93456,70.11
93464,88.29
93472,63.84
93528,72.91
93536,123.24
93544,117.83
93600,97.48
93608,87.87
93616,72.46
93672,52.79
93680,76.63
93688,70.48
93744,38.27
93752,39.94
93760,38.8
93888,64.35
93896,41.09
93904,45.69
93984,72.71
93992,90.56
94000,84.18
94056,74.07
94064,80.08
94072,91.02
94200,87.7
94208,107.63
94216,105.77
94272,67.42
94280,62.21
94288,116.94
94344,84.74
94352,92.22
94360,90.44
94416,81.86
94424,87.59
94432,96.34
94512,87.47
94520,99.55
94528,123.04
94656,87.01
94664,110.53
94672,115.8
94728,82.52
94736,91.27
94744,111.55
94800,68.38
94808,66.12
94816,68.5
94872,75.63
94880,86.2
94888,93.79
94944,64.37
94952,179.82
94960,112.53
95064,83.77
95072,163.52
95080,105.19
95088,122.39
95096,179.08
95104,182.59
95232,98.6
95240,89.11
95248,131.25
95280,116.66
95288,127.47
95296,114.32
95352,117.71
95360,165.44
95368,137.94
95424,96.09
95432,181.02
95440,170.33
95544,102.64
95552,182.92
95560,134.32
95640,68.38
95648,129.15
95656,106.66
95712,78.26
95720,65.56
95728,111.3
95832,94.17
95840,172.11
95848,141.14
95904,84.03
95912,166.46
95920,159.24
95976,121.9
95984,140.02
95992,172.78
96048,106.15
96056,123.21
96064,165.68
96120,112.96
96128,138.4
96136,145.33
96192,107.08
96200,117.34
96208,111.98
96264,177.37
96272,230.79
96280,180.22
96480,189.41
96488,224.45
96496,262.32
96528,190.23
96536,285.27
96544,123.48
96600,184.29
96608,241.78
96616,245.22
96672,189.38
96680,224.44
96688,262.25
96744,175.3
96752,285.07
96760,227.11
96816,190.52
96824,250.34
96832,235.41
96888,195.12
96896,245.35
96904,220.23
96960,174.86
96968,250.17
96976,278.42
97056,266.97
97064,290.12
97072,250.52
97104,190.55
97112,250.51
97120,235.24
97200,193.99
97208,260.07
97216,244.92
97248,179.75
97256,252.47
97264,281.07
97320,206.62
97328,257.7
97336,249.47
97464,195.09
97472,241.32
97480,225.6
97512,190.97
97520,250.88
97528,235.63
97584,197.92
97592,257.77
97600,231.79
97656,208.33
97664,266.63
97672,243.99
97776,227.21
97784,249.4
97792,232.47
97872,209.02
97880,259.72
97888,236.57
97968,231.87
97976,261.99
97984,240.74
98016,221.84
98024,265.05
98032,249.32
98160,227.54
98168,256.48
98176,249.11
98232,237.7
98240,262.34
98248,257.34
98376,226.48
98384,262
98392,246.63
98424,229.27
98432,265.95
98440,262.96
98520,228.08
98528,266.19
98536,260.86
98616,219.59
98624,278.49
98632,269.34
98832,220.96
98840,237.59
98848,229.88
98880,215.85
98888,236.33
98896,228.97
98928,208.85
98936,241.95
98944,230.57
98976,221.5
98984,240.66
98992,228.84
99072,212.9
99080,243.2
99088,228.08
99168,215.73
99176,239.22
99184,228.99
99216,219.14
99224,244.47
99232,231.02
99312,215.43
99320,241.53
99328,233.84
99408,216.23
99416,240.6
99424,228.64
99456,218.09
99464,239.85
99472,231.58
99600,211.39
99608,236.58
99616,227.78
99672,217.97
99680,240.32
99688,228.52
99720,218.22
99728,237.43
99736,223.26
99792,227.05
99800,238.79
99808,232.17
99864,228.41
99872,246.21
99880,235.2
99912,230.49
99920,251.68
99928,240.35
99984,232.13
99992,249.96
1e+05,237.32
100032,229.08
100040,250.11
100048,240.19
100128,223.87
100136,239.83
100144,228.87
100176,231.21
100184,211.68
100192,235.65
100272,238.64
100280,214.53
100288,213.66
100320,216.74
100328,213.57
100336,207.8
100416,228.74
100424,219.44
100432,224.96
100512,236.26
100520,202.52
100528,215.26
100560,212.24
100568,168.23
100576,183.94
100704,184.4
100712,166.39
100720,165.5
100776,209.51
100784,161.37
100792,174.93
100848,202.62
100856,192.45
100864,189.57
100920,183.47
100928,189.93
100936,175
100992,169.65
101000,166.77
101008,195.46
101136,163.43
101144,172.68
101152,172.13
101232,166.8
101240,157.09
101248,167.68
101280,156.04
101288,166.32
101296,158.72
101352,170.56
101360,173.11
101368,166.87
101472,166.67
101480,175.94
101488,173.61
101568,151.11
101576,169.13
101584,165.13
101616,153.03
101624,165.01
101632,157.17
101712,147.58
101720,156.41
101728,160.74
101832,148.76
101840,146.15
101848,145.59
101904,152.1
101912,150.17
101920,150.47
101952,153.46
101960,152.11
101968,148.25
102024,163.77
102032,173.16
102040,166.94
102096,167.98
102104,181.56
102112,170.62
102192,167.09
102200,172.82
102208,173.3
102288,111.11
102296,97.93
102304,90.52
102384,145.79
102392,152.36
102400,149.86
102432,150.08
102440,167.76
102448,159.39
102480,154.25
102488,174.25
102496,166.87
102576,164.89
102584,180.04
102592,173.89
102672,170.16
102680,188.78
102688,180.34
102720,154.74
102728,169.64
102736,162.87
102816,169.45
102824,186.7
102832,175.61
102984,169.01
102992,189.65
103000,198.48
103032,179.59
103040,187.84
103048,185.83
103248,181.99
103256,189.83
103264,187.96
103296,183.48
103304,193.52
103312,191.69
103344,185.54
103352,196.65
103360,192.31
103440,188.7
103448,198.9
103456,194.79
103560,218.37
103568,285.63
103576,241.65
103584,174.13
103592,277.16
103600,254.31
103704,186.1
103712,201.25
103720,196.31
103848,179.15
103856,197.87
103864,184.09
103920,184.54
103928,191.74
103936,188.23
103968,188.69
103976,193.8
103984,191.78
104064,186.21
104072,194.79
104080,189.84
104160,188.55
104168,199.16
104176,194.03
104208,191.04
104216,202.78
104224,199.92
104280,185.45
104288,193.43
104296,192.53
104376,184.77
104384,196.88
104392,192.12
104472,188.03
104480,197.53
104488,194.36
104592,172.14
104600,206.1
104608,191.79
104688,185.39
104696,195.81
104704,180.17
104736,180.37
104744,189.82
104752,186.68
104832,184.77
104840,194.53
104848,192.12
104880,186.46
104888,198.16
104896,194.32
104952,190.74
104960,200.47
104968,195.3
105024,194.33
105032,204.67
105040,201.09
105120,193.67
105128,205.39
105136,202.69
105216,176.71
105224,195.34
105232,190.81
105336,184.16
105344,200.47
105352,190.96
105432,198.72
105440,226.4
105448,207.85
105480,202.22
105488,226.62
105496,220.45
105576,229.2
105584,256.65
105592,243.52
105624,229.81
105632,243.54
105640,233.33
105696,227.53
105704,241.65
105712,232.74
105816,228.02
105824,240.78
105832,231.54
