"DateTime","so2.Values"
0,4
4,5.9
8,4.9
12,4
16,2
20,2
72,4.9
76,4
80,6.9
84,7.9
88,4.9
92,4
144,4
148,4.9
152,5.9
156,6.9
160,2
164,4.9
192,4.9
196,6.9
200,8.9
204,5.9
208,4
212,2
264,4.9
268,6.9
272,7.9
276,4.9
280,2
284,4
384,5.9
388,4.9
392,6.9
396,4
400,2
404,2
456,4
460,4.9
464,5.9
468,4
472,2
476,2
528,4.9
532,6.9
536,9.9
540,5.9
544,4
548,4.9
648,2
652,4.8
656,6
660,4
664,2
668,2
720,5.5
724,4.4
728,9.6
732,8
736,4
740,6
768,7
772,11.2
776,8
780,12
784,4
788,5
840,4
844,6
848,5
852,8
856,5
860,4
984,5
988,7
992,13.1
996,6
1000,4
1004,2
1080,4
1084,6
1088,5
1092,7
1096,4
1100,2
1128,5
1132,7
1136,6
1140,9
1144,4
1148,2
1200,4
1204,10
1208,8
1212,5
1216,4.5
1220,2
1320,4.8
1324,7.7
1328,6.8
1332,5.5
1336,5.8
1340,4.6
1392,5.8
1396,8
1400,14.5
1404,7.4
1408,5.8
1412,4.8
1464,4.8
1468,4.9
1472,9.6
1476,6.8
1480,4.8
1484,2
1536,6.7
1540,4.8
1544,7.7
1548,5.8
1552,4.8
1556,2
1608,4.1
1612,5.8
1616,4.8
1620,7.7
1624,5
1628,2
1752,5.8
1756,7.7
1760,5.8
1764,4.8
1768,2
1772,2
1800,5.8
1804,4.4
1808,7.7
1812,6.7
1816,4.8
1820,2
1848,8.7
1852,6.7
1856,4.8
1860,5.8
1864,2
1868,2
1968,5.8
1972,7.7
1976,4.8
1980,5.8
1984,2
1988,4.8
2088,6
2092,6.9
2096,4.3
2100,5.2
2104,2
2108,2
2160,4.3
2164,5.2
2168,6
2172,4.3
2176,5.2
2180,2
2232,6
2236,5.2
2240,4.3
2244,4.3
2248,2
2252,2
2304,4.3
2308,6
2312,5.9
2316,4.3
2320,2
2324,4.3
2352,4.3
2356,8.6
2360,9.5
2364,5.2
2368,6
2372,4.4
2448,5.2
2452,4.3
2456,6.9
2460,5.2
2464,4.3
2468,2
2520,5.2
2524,6.9
2528,6
2532,4.3
2536,5.2
2540,5.5
2616,6
2620,5.2
2624,7.8
2628,4.3
2632,2
2636,5.2
2712,5.2
2716,6.9
2720,7.8
2724,6
2728,4.3
2732,4.1
2832,6
2836,4.3
2840,5.2
2844,5.2
2848,2
2852,2
2904,4.3
2908,6
2912,2
2916,2
2920,4.3
2924,2
3048,5.2
3052,4.3
3056,6
3060,6.9
3064,2
3068,4.3
3096,4.3
3100,6.9
3104,5.2
3108,4.3
3112,2
3116,2
3144,6
3148,4.3
3152,5.2
3156,4.3
3160,2
3164,2
3240,6
3244,5.2
3248,6.9
3252,4.3
3256,2
3260,4.6
3360,5.2
3364,7.7
3368,4.3
3372,2
3376,2
3380,4.3
3408,5.2
3412,4.3
3416,6
3420,2
3424,2
3428,4.3
3456,2
3460,5.2
3464,4.3
3468,6
3472,4.3
3476,2
3576,5.2
3580,6.1
3584,4.4
3588,5.2
3592,4.4
3596,2
3648,4.4
3652,5.2
3656,4.4
3660,4.4
3664,2
3668,2
3720,9.6
3724,4.4
3728,6.1
3732,5.2
3736,4.4
3740,2
3840,5.2
3844,7
3848,4.4
3852,6.1
3856,2
3860,2
3936,6.1
3940,4.4
3944,5.2
3948,4.4
3952,2
3956,2
4008,4.4
4012,5.2
4016,5.2
4020,4.4
4024,2
4028,2
4056,6.1
4060,4.4
4064,4.4
4068,5.2
4072,2
4076,2
4128,5
4132,5.2
4136,4.4
4140,4.4
4144,2
4148,2
4200,4.4
4204,4.2
4208,4.4
4212,4
4216,2
4220,2
4368,4.8
4372,6.2
4376,5.3
4380,4.4
4384,2
4388,2
4440,5.3
4444,7.1
4448,6.2
4452,4.4
4456,2
4460,2
4512,4.4
4516,2
4520,5.3
4524,4.4
4528,2
4532,2
4584,4.7
4588,5.7
4592,8
4596,6.2
4600,2
4604,2
4656,2
4660,5.9
4664,5.3
4668,6.2
4672,4.4
4676,2
4728,2
4732,5.3
4736,4.4
4740,6.2
4744,4.4
4748,2
4800,4.4
4804,5.3
4808,6.1
4812,4.4
4816,2
4820,2
4896,4.4
4900,4.2
4904,5.3
4908,4.4
4912,2
4916,2
5040,2
5044,4.6
5048,5.6
5052,4.6
5056,2
5060,2
5112,4.6
5116,5.6
5120,6.5
5124,4.6
5128,2
5132,2
5184,5.6
5188,6.5
5192,8.3
5196,4.6
5200,4.6
5204,2
5256,2
5260,5.6
5264,4.6
5268,6.5
5272,4.6
5276,2
5376,4.6
5380,5.3
5384,6.5
5388,5.6
5392,4.6
5396,2
5424,2
5428,4.6
5432,5.6
5436,4.6
5440,2
5444,2
5496,6.5
5500,5.6
5504,7.4
5508,4.6
5512,2
5516,4.6
5568,4.6
5572,6.3
5576,4.6
5580,4.6
5584,2
5588,2
5640,4.6
5644,4.6
5648,5.6
5652,2
5656,2
5660,2
5784,4.7
5788,5.6
5792,4.7
5796,2
5800,2
5804,4.7
5856,4.7
5860,6.6
5864,4.7
5868,5.6
5872,2
5876,2
5928,4.7
5932,6.6
5936,4.7
5940,2
5944,2
5948,4.7
6000,4.3
6004,4.7
6008,4.7
6012,2
6016,2
6020,2
6072,4.7
6076,4.8
6080,5.6
6084,6.6
6088,4.7
6092,2
6168,4.7
6172,5.6
6176,4.7
6180,2
6184,2
6188,4.7
6216,5.6
6220,4.7
6224,7.5
6228,4.5
6232,2
6236,2
6312,4.7
6316,5.6
6320,4.7
6324,2
6328,2
6332,4.9
6360,4.7
6364,6.6
6368,5.6
6372,4.6
6376,2
6380,2
6528,5.5
6532,5.1
6536,6.4
6540,4.6
6544,2
6548,2
6576,4.6
6580,5.2
6584,5.9
6588,4.6
6592,2
6596,2
6648,5.5
6652,6.4
6656,4.6
6660,4.8
6664,2
6668,2
6768,5.5
6772,4.6
6776,6.4
6780,4.9
6784,2
6788,2
6888,4.3
6892,4.6
6896,4.8
6900,2
6904,2
6908,2
6960,2
6964,5.2
6968,4.6
6972,2
6976,2
6980,2
7008,4.6
7012,4.2
7016,5.5
7020,4.6
7024,2
7028,2
7056,4.6
7060,5.5
7064,6.4
7068,5.3
7072,2
7076,2
7248,4
7252,5
7256,5.9
7260,4.9
7264,4
7268,2
7296,5.9
7300,6.9
7304,7.9
7308,4.9
7312,4
7316,2
7368,4.9
7372,10.4
7376,7.9
7380,6.9
7384,4.9
7388,5.9
7440,4.9
7444,6.9
7448,5.9
7452,4.9
7456,4.9
7460,2
7560,5
7564,6.3
7568,8.9
7572,6.9
7576,4
7580,2
7608,5.9
7612,4.9
7616,7.9
7620,6.9
7624,4.9
7628,2
7680,4.9
7684,4
7688,5.9
7692,4.9
7696,2
7700,4
7752,4
7756,9.2
7760,4.9
7764,4
7768,2
7772,2
7824,6.9
7828,6.8
7832,4.9
7836,5.8
7840,2
7844,2
7968,4.8
7972,6.6
7976,7.7
7980,5.7
7984,2
7988,2
8040,5.7
8044,6.7
8048,7.7
8052,5.7
8056,4.8
8060,2
8112,6.6
8116,5.7
8120,7.7
8124,4.8
8128,5.7
8132,2
8184,6.7
8188,7.7
8192,6.7
8196,4.8
8200,2
8204,2
8280,7.7
8284,5.5
8288,6.7
8292,5.7
8296,2
8300,2
8328,5.7
8332,8.6
8336,9.6
8340,6.7
8344,4.8
8348,2
8400,7.7
8404,5.7
8408,8.6
8412,4.8
8416,2
8420,2
8544,6.7
8548,5.7
8552,11.5
8556,7.7
8560,4.8
8564,2
8592,5.5
8596,6.7
8600,9.6
8604,8.6
8608,6.7
8612,4.8
8688,6.3
8692,5.4
8696,8.2
8700,4.8
8704,2
8708,2
8760,5.4
8764,4.5
8768,7.2
8772,5.4
8776,2
8780,2
8880,4.5
8884,6.3
8888,5.4
8892,4.5
8896,2
8900,2
8976,4.5
8980,6.3
8984,5.4
8988,4.5
8992,2
8996,4
9072,5.4
9076,8.2
9080,6.3
9084,4.5
9088,2
9092,2
9144,5.9
9148,6.7
9152,5.4
9156,4.6
9160,2
9164,2
9192,5.4
9196,6.3
9200,4.5
9204,4.5
9208,2
9212,2
9288,2
9292,6.3
9296,5.4
9300,4.5
9304,2
9308,4.5
9336,4.5
9340,7.2
9344,5.4
9348,6.3
9352,4.5
9356,2
9432,4
9436,7.9
9440,6
9444,5
9448,2
9452,2
9552,4
9556,11.9
9560,5
9564,6
9568,2
9572,2
9624,5
9628,11.9
9632,6.9
9636,6
9640,2
9644,2
9672,6
9676,6.9
9680,5
9684,8.9
9688,4
9692,2
9744,6
9748,9.9
9752,6.9
9756,5
9760,4
9764,2
9912,6
9916,8.3
9920,5
9924,7.9
9928,4
9932,2
9984,8.9
9988,4
9992,6
9996,6
10000,2
10004,4
10032,6.9
10036,5.7
10040,9.9
10044,6
10048,4
10052,2
10080,5.8
10084,9.7
10088,5.8
10092,4.8
10096,2
10100,2
10272,4.8
10276,7.8
10280,5.8
10284,6.8
10288,2
10292,2
10320,4.4
10324,6.8
10328,5.8
10332,4.8
10336,2
10340,2
10416,4.8
10420,6.8
10424,5.8
10428,2
10432,2
10436,4.8
10464,5.8
10468,7.8
10472,4.8
10476,6.8
10480,2
10484,2
10536,6.8
10540,4.8
10544,7.8
10548,5.7
10552,2
10556,2
10632,7.8
10636,4.8
10640,6.8
10644,5.8
10648,4.8
10652,2
10680,5.8
10684,9.8
10688,7.8
10692,6.8
10696,4.8
10700,2
10728,5.8
10732,9.7
10736,6.8
10740,5.8
10744,2
10748,2
10944,4.5
10948,4.8
10952,7.8
10956,4.8
10960,2
10964,2
10992,4.7
10996,7.1
11000,5.9
11004,4.2
11008,4.2
11012,2
11040,4.7
11044,5.5
11048,8.2
11052,2
11056,4.7
11060,2
11088,5.1
11092,5.9
11096,9.4
11100,11.8
11104,2
11108,4.7
11232,4.7
11236,8.2
11240,5.9
11244,4.7
11248,2
11252,2
11304,2
11308,7.1
11312,5.9
11316,4.7
11320,4.7
11324,2
11352,7.1
11356,4.7
11360,8.2
11364,5.9
11368,2
11372,2
11424,4.7
11428,7.1
11432,4
11436,4.7
11440,2
11444,2
11616,6.3
11620,5.2
11624,8.8
11628,6.4
11632,5.1
11636,2
11664,5.2
11668,2
11672,5.3
11676,7.7
11680,6.7
11684,2
11712,2
11716,5.2
11720,7.7
11724,6.4
11728,2
11732,2
11808,5.1
11812,6.4
11816,6.7
11820,2
11824,2
11828,2
11928,2
11932,7.7
11936,6.4
11940,5.2
11944,2
11948,2
12000,6.3
12004,5.2
12008,9
12012,7.7
12016,5.2
12020,2
12072,2
12076,6.4
12080,5.2
12084,2
12088,2
12092,2
12120,5.1
12124,7.7
12128,6.4
12132,5.2
12136,2
12140,2
12192,5.1
12196,6.4
12200,7.7
12204,5.2
12208,2
12212,2
12312,2
12316,8.7
12320,6.7
12324,4.8
12328,2
12332,2
12408,5.6
12412,2
12416,4.8
12420,4.8
12424,2
12428,2
12504,2
12508,4.9
12512,6.7
12516,5.7
12520,2
12524,2
12552,5.7
12556,4.8
12560,6.7
12564,4.8
12568,2
12572,2
12648,4.7
12652,5.7
12656,2
12660,4.9
12664,2
12668,2
12720,6.7
12724,4.8
12728,8.6
12732,5.7
12736,2
12740,2
12792,4.8
12796,5.7
12800,6.7
12804,4.8
12808,2
12812,2
12864,5.6
12868,4.8
12872,6.7
12876,2
12880,2
12884,2
12936,6.7
12940,7.7
12944,5.7
12948,8.6
12952,2
12956,4.8
13128,5.7
13132,4.9
13136,7.8
13140,8.2
13144,2
13148,2
13176,4.8
13180,5.8
13184,6.8
13188,2
13192,2
13196,2
13248,4.8
13252,6.8
13256,2
13260,4.9
13264,2
13268,2
13296,5.7
13300,7.8
13304,4.9
13308,2
13312,2
13316,2
13392,6.7
13396,4.9
13400,5.8
13404,2
13408,2
13412,2
13488,5.7
13492,4.9
13496,2
13500,5.8
13504,2
13508,2
13536,4.8
13540,5.8
13544,4.9
13548,2
13552,2
13556,2
13608,4.9
13612,6.8
13616,5.8
13620,2
13624,2
13628,4.9
13800,5.1
13804,4.1
13808,6.1
13812,2
13816,4.1
13820,2
13848,8.1
13852,6.1
13856,5.1
13860,4.1
13864,2
13868,2
13896,6.1
13900,5.2
13904,4.1
13908,4.1
13912,5.2
13916,2
13968,4.1
13972,6.2
13976,4.1
13980,5.2
13984,2
13988,2
14112,4.1
14116,2
14120,4.1
14124,2
14128,2
14132,2
14160,6.1
14164,5.2
14168,6.2
14172,4.1
14176,2
14180,2
14256,5.1
14260,6.2
14264,4.1
14268,2
14272,2
14276,2
14328,2
14332,6.2
14336,5.2
14340,4.1
14344,2
14348,2
14376,4.1
14380,5.2
14384,4.1
14388,2
14392,4.1
14396,2
14520,4.1
14524,2
14528,5.3
14532,4.3
14536,2
14540,2
14592,4.1
14596,5.3
14600,5.3
14604,4.3
14608,2
14612,2
14664,2
14668,6.4
14672,5.3
14676,4.1
14680,2
14684,2
14736,4.1
14740,5.3
14744,4.3
14748,2
14752,2
14756,2
14808,6.1
14812,5.3
14816,4.3
14820,6.4
14824,2
14828,2
14928,5.1
14932,2
14936,6.4
14940,4.3
14944,4.3
14948,2
15000,2
15004,4.3
15008,4.3
15012,2
15016,2
15020,2
15048,5.3
15052,5.5
15056,4.3
15060,2
15064,2
15068,4.3
15120,6.1
15124,4.6
15128,4.3
15132,7.5
15136,2
15140,4.3
15312,2
15316,6.3
15320,6.5
15324,5.4
15328,4.3
15332,2
15360,4.2
15364,6.5
15368,5.4
15372,2
15376,2
15380,4.3
15432,6.5
15436,8.7
15440,7.6
15444,5.4
15448,2
15452,4.3
15504,4.2
15508,5
15512,6.5
15516,5.4
15520,4.3
15524,2
15552,5.2
15556,9.8
15560,4.3
15564,4.7
15568,2
15572,2
15624,6.2
15628,7.6
15632,5.4
15636,4.3
15640,2
15644,2
15768,4.3
15772,6.7
15776,6.5
15780,5.4
15784,2
15788,2
15840,5.2
15844,4.3
15848,6.5
15852,6.9
15856,2
15860,2
15912,5.4
15916,2
15920,4.3
15924,5.4
15928,2
15932,2
16032,4.8
16036,7.1
16040,5.1
16044,2
16048,2
16052,2
16080,5.1
16084,9
16088,5.1
16092,6.1
16096,2
16100,2
16152,4.8
16156,6.1
16160,2
16164,5.1
16168,2
16172,2
16248,6.1
16252,5.2
16256,5.1
16260,2
16264,2
16268,2
16344,5.1
16348,6.2
16352,7.1
16356,5.1
16360,2
16364,2
16392,7.1
16396,7.3
16400,12.1
16404,6.1
16408,5.1
16412,2
16464,6.6
16468,6.1
16472,12.1
16476,5.1
16480,2
16484,2
16560,5.8
16564,5.2
16568,2
16572,5.8
16576,2
16580,2
16608,5.1
16612,6.1
16616,10.1
16620,13.1
16624,4.4
16628,2
16776,4.2
16780,10.9
16784,5.4
16788,6.5
16792,4.3
16796,2
16824,5.2
16828,6.3
16832,8.7
16836,6.5
16840,4.3
16844,2
16896,6.2
16900,9.8
16904,12
16908,4.3
16912,5.4
16916,2
17016,6.2
17020,5.4
17024,4.3
17028,7.6
17032,2
17036,2
17088,7.3
17092,5.3
17096,5.4
17100,6.5
17104,2
17108,4.3
17208,6.5
17212,5.4
17216,4.3
17220,2
17224,4.3
17228,2
17304,4.2
17308,5.4
17312,7.6
17316,6.5
17320,4.3
17324,2
17352,4.2
17356,9.4
17360,5.4
17364,5.4
17368,2
17372,2
17496,5.3
17500,2
17504,4.6
17508,2
17512,2
17516,2
17544,5.6
17548,6.5
17552,7.4
17556,4.6
17560,4.6
17564,2
17616,6.2
17620,5.6
17624,8.3
17628,10.2
17632,4.6
17636,2
17688,8.3
17692,11.1
17696,9.3
17700,7.4
17704,4.6
17708,2
17760,8
17764,5.7
17768,13
17772,9.3
17776,4.6
17780,2
17832,4.4
17836,5.5
17840,6.5
17844,4.6
17848,2
17852,2
17904,6.5
17908,4.6
17912,5.6
17916,2
17920,4.6
17924,2
17976,5.6
17980,12
17984,4.6
17988,5.6
17992,6.5
17996,6.1
18096,9.7
18100,6.5
18104,13
18108,5.6
18112,2
18116,4.6
18216,6.6
18220,12
18224,2
18228,9.7
18232,7.5
18236,2
18288,6.3
18292,8.6
18296,8.5
18300,5.6
18304,4.7
18308,2
18360,5.4
18364,7.5
18368,11.3
18372,5.6
18376,4.7
18380,2
18432,7.5
18436,5.6
18440,9.4
18444,11.3
18448,6
18452,5.6
18504,5.6
18508,8.6
18512,8.5
18516,5.6
18520,4.7
18524,5.8
18576,7.5
18580,5.6
18584,8.5
18588,6.6
18592,2
18596,2
18648,9.4
18652,8.5
18656,6.6
18660,7.5
18664,4.7
18668,2
18744,5.4
18748,4.7
18752,6.6
18756,2
18760,2
18764,2
18840,6.4
18844,4.6
18848,5.5
18852,2
18856,4.5
18860,2
18984,7.8
18988,9.1
18992,6.4
18996,4.6
19000,5.5
19004,2
19056,8.7
19060,7.3
19064,8.2
19068,5.5
19072,4.6
19076,4.6
19128,7.3
19132,7.3
19136,5.5
19140,6.4
19144,4.6
19148,2
19200,6.1
19204,5.5
19208,5.5
19212,4.6
19216,2
19220,2
19272,5.2
19276,7.3
19280,4.6
19284,6.4
19288,5.5
19292,2
19344,4.6
19348,6.4
19352,5.5
19356,4.6
19360,2
19364,2
19416,6.1
19420,5.5
19424,4.6
19428,4.6
19432,2
19436,2
19464,7.8
19468,7.3
19472,5.5
19476,4.6
19480,4.6
19484,2
19680,7
19684,8.2
19688,6.4
19692,6.4
19696,5.5
19700,4.6
19728,8.7
19732,5.5
19736,6.4
19740,4.6
19744,5.5
19748,4.6
19800,6.9
19804,5.9
19808,8.2
19812,6.3
19816,5.4
19820,4.5
19872,7.8
19876,5.4
19880,6.3
19884,2
19888,4.5
19892,2
19944,7.2
19948,6.3
19952,5.4
19956,8.1
19960,5.4
19964,4.5
20016,6.1
20020,7.2
20024,6.3
20028,5.4
20032,4.5
20036,4.5
20088,7.8
20092,6.3
20096,7.2
20100,5.4
20104,4.5
20108,2
20160,8.7
20164,6.3
20168,7.2
20172,6.3
20176,5.4
20180,5.4
20352,6.4
20356,7.8
20360,10
20364,5.6
20368,5.6
20372,4.5
20400,7.5
20404,5.6
20408,6.7
20412,4.5
20416,2
20420,2
20496,6.4
20500,4.5
20504,5.6
20508,7.8
20512,4.5
20516,2
20568,4.3
20572,7.8
20576,5.6
20580,5.6
20584,4.5
20588,2
20640,6.4
20644,4.5
20648,7.8
20652,5.6
20656,2
20660,2
20712,6.4
20716,11.1
20720,6.7
20724,5.6
20728,4.5
20732,2
20784,8.5
20788,5.6
20792,6.7
20796,10
20800,12.2
20804,4.5
20856,10.7
20860,6.7
20864,4.5
20868,5.6
20872,2
20876,8.9
20928,6.4
20932,5.6
20936,7.8
20940,4.5
20944,2
20948,4.5
21072,5.2
21076,6.6
21080,5.5
21084,4.4
21088,4.4
21092,2
21144,4.2
21148,6.6
21152,4.4
21156,2
21160,2
21164,4.4
21216,6.3
21220,5.5
21224,4.4
21228,4.4
21232,2
21236,4.4
21288,4.2
21292,6.6
21296,5.5
21300,4.4
21304,2
21308,4.4
21360,5.2
21364,6.6
21368,8.8
21372,7.7
21376,5.5
21380,4.4
21432,6.6
21436,4.4
21440,5.5
21444,2
21448,4.4
21452,2
21552,4.2
21556,4.4
21560,5.5
21564,6.6
21568,5.5
21572,4.4
21624,6.3
21628,4.4
21632,4.4
21636,5.5
21640,6.6
21644,5.5
21672,4.2
21676,5.5
21680,6.6
21684,4.4
21688,5.5
21692,6.6
21792,4.2
21796,5.5
21800,8.8
21804,6.6
21808,5.5
21812,4.4
21840,2
21844,6.6
21848,7.6
21852,5.5
21856,4.4
21860,8.4
21960,6.9
21964,6.2
21968,4.1
21972,5.2
21976,6.2
21980,4.7
22080,6.9
22084,6.2
22088,5.1
22092,5.1
22096,4.1
22100,5.1
22152,4.9
22156,4.1
22160,6.2
22164,5.1
22168,2
22172,4.1
22224,5.9
22228,4.1
22232,5.1
22236,2
22240,4.1
22244,2
22272,4.9
22276,4.1
22280,2
22284,2
22288,5.1
22292,4.1
22368,2
22372,6.2
22376,4.1
22380,2
22384,2
22388,4.1
22440,4.9
22444,7.2
22448,6.2
22452,5.1
22456,4.1
22460,2
22584,4.8
22588,6
22592,2
22596,7
22600,8
22604,5
22632,4.8
22636,9.8
22640,7
22644,6
22648,8
22652,5
22728,5.7
22732,7
22736,6
22740,5
22744,2
22748,2
22800,6.7
22804,5
22808,2
22812,2
22816,6
22820,2
22920,5.7
22924,2
22928,5
22932,2
22936,2
22940,2
22992,7.6
22996,6
23000,6
23004,5
23008,2
23012,2
23040,7.6
23044,6
23048,7
23052,5
23056,5
23060,2
23112,7.6
23116,7
23120,6
23124,6
23128,5
23132,2
23184,5.7
23188,7
23192,5
23196,6
23200,6
23204,2
23376,6.7
23380,6
23384,5
23388,2
23392,5
23396,2
23424,8.3
23428,6.5
23432,7.4
23436,4.6
23440,5.6
23444,2
23496,7.9
23500,5.6
23504,5.6
23508,4.6
23512,2
23516,2
23568,7.1
23572,8.3
23576,6.5
23580,5.6
23584,2
23588,2
23616,7.1
23620,6.5
23624,8.3
23628,7.4
23632,5.6
23636,4.6
23736,6.2
23740,5.6
23744,7.4
23748,4.6
23752,6.5
23756,4.6
23808,5.6
23812,2
23816,4.6
23820,2
23824,2
23828,2
23856,6.5
23860,5.6
23864,4.6
23868,2
23872,4.6
23876,2
24024,7.1
24028,8.3
24032,7.4
24036,6.5
24040,4.6
24044,5.6
24072,8.3
24076,7.4
24080,9.3
24084,8.3
24088,7.4
24092,6.5
24216,8.9
24220,8.3
24224,8.3
24228,7.4
24232,6.5
24236,7.4
24264,9
24268,10.1
24272,8
24276,7
24280,8
24284,5
24312,8
24316,9
24320,7
24324,8
24328,6
24332,5
24360,8.7
24364,8
24368,10.1
24372,9
24376,7
24380,2
24528,7.7
24532,9
24536,11.1
24540,12.1
24544,6
24548,5
24576,9.6
24580,8
24584,12.1
24588,10.1
24592,9
24596,7
24624,8.7
24628,10.1
24632,11.1
24636,12.1
24640,8
24644,7
24672,9.6
24676,9
24680,12.1
24684,10.1
24688,9
24692,8
24840,10.1
24844,8
24848,9
24852,7
24856,6
24860,7
24888,12.3
24892,10.1
24896,9
24900,11.2
24904,7.9
24908,6.7
25032,13.5
25036,9
25040,11.2
25044,10.1
25048,6.7
25052,5.6
25080,11.8
25084,10.1
25088,9
25092,11.2
25096,7.9
25100,6.7
25128,11.2
25132,9
25136,13.5
25140,10.1
25144,9
25148,6.7
25272,14
25276,14.7
25280,11.2
25284,5.6
25288,10.1
25292,7.9
25320,11.8
25324,13.5
25328,11.2
25332,10.1
25336,9
25340,7.9
25368,14
25372,12.3
25376,11.2
25380,6.9
25384,10.1
25388,8.6
25536,10.8
25540,11.2
25544,13.5
25548,10.1
25552,11.3
25556,10.9
25584,13.2
25588,12.5
25592,11.3
25596,13.8
25600,10
25604,8.8
25656,10.8
25660,13.8
25664,12.5
25668,10
25672,8.8
25676,7.5
25776,13.2
25780,12.5
25784,13.8
25788,11.3
25792,10
25796,8.8
25848,12
25852,10.8
25856,11.3
25860,12.5
25864,8.8
25868,9.1
25896,13.2
25900,10
25904,8.8
25908,11.3
25912,7.5
25916,6.3
25968,10.8
25972,10
25976,12.5
25980,11.3
25984,8.8
25988,7.5
26064,11.3
26068,12.5
26072,10
26076,8.8
26080,7.5
26084,6.4
26136,6.8
26140,11.3
26144,12.5
26148,10
26152,7.5
26156,6.3
26280,11.5
26284,10.9
26288,9.8
26292,8.7
26296,6.5
26300,7.6
26328,13.5
26332,15.2
26336,12
26340,9.8
26344,7.6
26348,6.7
26424,15.6
26428,14.1
26432,10.9
26436,12
26440,9.8
26444,6.5
26472,11.5
26476,15.2
26480,13
26484,9.8
26488,8.7
26492,7.6
26520,11.8
26524,15.2
26528,18.5
26532,8.7
26536,9.8
26540,6.7
26736,9.4
26740,10.9
26744,12
26748,14.1
26752,7.6
26756,6.5
26784,12.5
26788,8.3
26792,10.9
26796,15.2
26800,6.5
26804,5.4
26832,13.5
26836,12
26840,16.3
26844,10.9
26848,7.6
26852,6.5
26880,15.6
26884,10.9
26888,14.1
26892,15.2
26896,8.7
26900,7.6
27072,11.7
27076,13.3
27080,15.5
27084,10
27088,8.9
27092,5.5
27120,9.6
27124,12.2
27128,14.4
27132,8.9
27136,11.1
27140,6.6
27216,8.5
27220,14.4
27224,12.2
27228,11.1
27232,8.9
27236,7.8
27264,10.6
27268,13.3
27272,15.5
27276,11.5
27280,10.2
27284,5.5
27312,10
27316,12.2
27320,14.4
27324,10
27328,8.9
27332,7.8
27360,8.9
27364,13.3
27368,11.1
27372,10
27376,6.6
27380,5.5
27504,10.6
27508,10
27512,13.3
27516,12.2
27520,7.8
27524,6.6
27552,9.6
27556,11.1
27560,13.3
27564,8
27568,6.6
27572,5.5
27744,7.5
27748,8.8
27752,7.8
27756,6.8
27760,5.9
27764,2
27792,8.4
27796,6.8
27800,9.8
27804,5.9
27808,6.8
27812,5.9
27864,9.4
27868,7.8
27872,8.8
27876,9.8
27880,7.8
27884,6.8
27936,9.8
27940,8.8
27944,10.7
27948,7.8
27952,5.9
27956,6.8
27984,10.7
27988,6.8
27992,9.8
27996,8.8
28000,7.8
28004,5.9
28056,9.4
28060,8.8
28064,7.8
28068,9.8
28072,4.8
28076,6.8
28176,8.4
28180,9.8
28184,8.8
28188,10.7
28192,10.5
28196,5.9
28296,10.3
28300,8.8
28304,7.8
28308,6.8
28312,6
28316,4.9
28344,9.4
28348,7.8
28352,9.8
28356,10.7
28360,6.8
28364,5.9
28464,9.8
28468,8.7
28472,7.6
28476,8.7
28480,5.4
28484,4.3
28512,9.4
28516,8.7
28520,9.8
28524,8.7
28528,6.5
28532,5.4
28560,7.6
28564,6.5
28568,8.7
28572,9.8
28576,5.4
28580,6.5
28704,9.4
28708,8.7
28712,6.5
28716,9.8
28720,4.3
28724,5.4
28752,6.3
28756,8.7
28760,7.6
28764,6.5
28768,5.4
28772,4.3
28824,8.7
28828,9.8
28832,10.9
28836,8.7
28840,7.6
28844,6.5
28944,7.3
28948,8.7
28952,4.3
28956,7.6
28960,6.5
28964,5.4
29088,8.1
29092,9.2
29096,10.4
29100,8.1
29104,6.9
29108,5.8
29136,6.9
29140,8.1
29144,10.4
29148,9.2
29152,5.8
29156,4.6
29232,9.2
29236,6.9
29240,9.2
29244,8.1
29248,6.9
29252,5.8
29280,8.1
29284,5.8
29288,8.1
29292,9.2
29296,10.4
29300,4.6
29352,6.6
29356,8.1
29360,10.4
29364,9.2
29368,6.9
29372,5.8
29400,8.8
29404,6.9
29408,8.1
29412,10.4
29416,11.5
29420,4.6
29544,9.9
29548,9.2
29552,8.1
29556,10.4
29560,6.9
29564,5.8
29592,8.1
29596,10.4
29600,9.2
29604,10.4
29608,5.8
29612,4.6
29664,9.2
29668,8.1
29672,6.9
29676,8.1
29680,5.8
29684,4.6
29712,8.1
29716,9.2
29720,10.4
29724,6.9
29728,4.6
29732,2
29928,6.3
29932,7.4
29936,9.5
29940,8.4
29944,6.3
29948,4.2
29976,7.4
29980,8.4
29984,6.3
29988,4.2
29992,5.3
29996,2
30048,6.1
30052,7.4
30056,8.4
30060,5.3
30064,4.2
30068,2
30120,7.4
30124,5.3
30128,6.3
30132,5.2
30136,4.2
30140,2
30168,8.4
30172,7.4
30176,9.5
30180,5.3
30184,4.2
30188,2
30312,7.4
30316,6.3
30320,7.4
30324,8.4
30328,5.3
30332,4.2
30360,8.1
30364,7.4
30368,8.4
30372,6.3
30376,4.2
30380,5.3
30408,7.4
30412,8.4
30416,10.5
30420,9.5
30424,5.3
30428,4.2
30600,6.5
30604,8.7
30608,7.6
30612,9.8
30616,6.5
30620,5.4
30648,7.6
30652,9.8
30656,8.7
30660,10.9
30664,7.6
30668,4.3
30696,6.3
30700,7.6
30704,9.8
30708,10.9
30712,6.5
30716,5.4
30744,7.6
30748,8.7
30752,7.6
30756,5.4
30760,4.3
30764,2
30840,6.5
30844,7.6
30848,8.7
30852,6.5
30856,4.3
30860,5.4
30888,7.6
30892,8.7
30896,6.5
30900,5.4
30904,4.3
30908,2
31080,8.7
31084,9.8
31088,7.6
31092,5.4
31096,6.5
31100,4.3
31128,7.6
31132,8.7
31136,7.6
31140,9.8
31144,5.4
31148,2
31176,6.5
31180,7.6
31184,9.8
31188,8.7
31192,6.5
31196,4.3
31224,7.6
31228,8.7
31232,9.8
31236,8.6
31240,5.4
31244,4.3
31440,7.6
31444,8.7
31448,6.5
31452,7.6
31456,4.3
31460,5.4
31488,6.5
31492,7.6
31496,8.7
31500,9.8
31504,6.5
31508,4.3
31560,7.6
31564,8.7
31568,9.8
31572,6.5
31576,5.4
31580,4.3
31608,6.5
31612,7.6
31616,9.8
31620,8.7
31624,6.5
31628,5.4
31704,7.6
31708,8.7
31712,9.8
31716,7.6
31720,5.4
31724,4.3
31800,6.5
31804,7.6
31808,8.7
31812,9.8
31816,6.5
31820,5.4
31848,7.6
31852,8.7
31856,9.8
31860,10.9
31864,6.5
31868,5.4
31920,6.5
31924,7.6
31928,8.7
31932,10.9
31936,4.3
31940,2
32112,7.5
32116,9.7
32120,8.6
32124,6.4
32128,5.4
32132,4.3
32160,6.4
32164,7.5
32168,9.7
32172,8.6
32176,6.4
32180,5.4
32232,7.5
32236,8.6
32240,9.7
32244,6.4
32248,5.4
32252,4.3
32280,6.4
32284,7.5
32288,8.6
32292,10.7
32296,6.4
32300,5.4
32352,7.5
32356,8.6
32360,9.7
32364,6.4
32368,5.4
32372,4.3
32424,6.4
32428,7.5
32432,8.6
32436,5.4
32440,6.4
32444,5.3
32544,7.5
32548,8.6
32552,9.7
32556,6.4
32560,5.4
32564,4.3
32640,6.4
32644,7.5
32648,8.6
32652,5.4
32656,4.3
32660,2
32688,7.5
32692,8.6
32696,9.7
32700,6.4
32704,4.3
32708,2
32808,7.5
32812,9.7
32816,10.7
32820,8.6
32824,5.4
32828,4.3
32856,10.4
32860,11.7
32864,14.3
32868,9.1
32872,5.2
32876,2
33000,9.1
33004,10.4
33008,11.7
33012,7.8
33016,6.5
33020,2
33048,7.8
33052,9.1
33056,11.7
33060,13
33064,7.7
33068,6.5
33120,9.1
33124,10.4
33128,13
33132,11.7
33136,6.5
33140,5.2
33240,7.8
33244,9.1
33248,11.7
33252,14.3
33256,7.8
33260,6.5
33312,9.1
33316,10.4
33320,13
33324,14.3
33328,6.5
33332,5.2
33384,10.4
33388,8.3
33392,15.6
33396,16.9
33400,7.8
33404,6.5
33432,9.1
33436,10.4
33440,14.3
33444,15.6
33448,6.5
33452,5.2
33600,8.6
33604,9.7
33608,11.8
33612,17.2
33616,6.4
33620,5.4
33672,7.5
33676,8.6
33680,14
33684,18.3
33688,7.5
33692,6.4
33744,6.4
33748,7.5
33752,9.7
33756,16.1
33760,5.4
33764,4.3
33816,7.5
33820,8.6
33824,10.7
33828,12.9
33832,6.4
33836,5.4
33888,8.6
33892,9.7
33896,14
33900,12.9
33904,7.5
33908,6.4
33984,9.7
33988,12.9
33992,11.8
33996,10.7
34000,6.4
34004,5.4
34032,8.6
34036,11.8
34040,16.1
34044,9.7
34048,7.5
34052,6.4
34128,9.7
34132,12.9
34136,15
34140,8.6
34144,6.4
34148,5.4
34272,9.2
34276,13.7
34280,16
34284,18.3
34288,5.7
34292,4.6
34320,10.3
34324,12.6
34328,14.9
34332,11.4
34336,6.9
34340,5.7
34416,9.2
34420,10.3
34424,12.6
34428,9.2
34432,8
34436,6.9
34512,9.2
34516,11.4
34520,14.9
34524,19.5
34528,9.2
34532,8
34560,8
34564,11.4
34568,13.7
34572,9.2
34576,8
34580,6.9
34632,10.3
34636,10.3
34640,12.6
34644,14.9
34648,11.4
34652,10.3
34704,11.4
34708,12.6
34712,13.7
34716,10.3
34720,9.2
34724,8
34776,10.3
34780,11.4
34784,14.9
34788,12.6
34792,10.3
34796,9.2
34872,9.2
34876,12.6
34880,17.2
34884,9.2
34888,8
34892,6.9
35016,8.6
35020,9.7
35024,8.6
35028,10.7
35032,10.7
35036,7.5
35064,8.6
35068,7.5
35072,9.7
35076,10.7
35080,12.9
35084,7.5
35136,7.5
35140,9.7
35144,10.7
35148,14
35152,9.7
35156,7.5
35208,12.9
35212,15
35216,17.2
35220,14
35224,9.7
35228,9.7
35304,9.7
35308,14
35312,20.4
35316,19.3
35320,12.9
35324,10.7
35424,10.7
35428,11.8
35432,12.9
35436,15
35440,14
35444,9.7
35496,9.7
35500,10.7
35504,12.9
35508,17.2
35512,14
35516,11.8
35568,9.7
35572,11.8
35576,14
35580,18.3
35584,15
35588,10.7
35616,7.5
35620,9.7
35624,12.9
35628,14
35632,17.2
35636,11.8
35760,9.7
35764,12.9
35768,16.1
35772,19.3
35776,15
35780,11.8
35856,10.1
35860,13.1
35864,16.2
35868,19.2
35872,22.2
35876,12.1
35904,9.1
35908,11.1
35912,14.2
35916,16.2
35920,18.2
35924,13.1
36000,9.1
36004,11.1
36008,14.2
36012,16.2
36016,19.2
36020,15.2
36048,12.1
36052,14.2
36056,18.2
36060,21.2
36064,22.2
36068,15.2
36144,11.1
36148,13.1
36152,17.2
36156,19.2
36160,20.2
36164,15.2
36288,12.1
36292,14.2
36296,15.2
36300,17.2
36304,19.2
36308,15.2
36336,11.1
36340,12.1
36344,14.2
36348,16.2
36352,17.2
36356,13.1
36432,10.1
36436,10.1
36440,12.1
36444,13.1
36448,12.1
36452,11.1
36528,12
36532,14.1
36536,14.1
36540,15.2
36544,16.3
36548,13
36576,13
36580,14.1
36584,16.3
36588,18.5
36592,15.2
36596,13
36672,10.9
36676,13
36680,13
36684,16.3
36688,14.1
36692,13
36720,10.9
36724,13
36728,14.1
36732,15.2
36736,15.2
36740,13
36792,10.9
36796,12
36800,13
36804,15.2
36808,14.1
36812,13
36912,12
36916,13
36920,16.3
36924,16.3
36928,14.1
36932,12
36984,10.9
36988,12
36992,13
36996,15.2
37000,14.1
37004,12
37056,10.9
37060,12
37064,13
37068,14.1
37072,13
37076,12
37176,9.8
37180,10.9
37184,13
37188,14.1
37192,14.1
37196,12
37320,8.9
37324,10
37328,12.3
37332,14.5
37336,13.4
37340,12.3
37368,8.9
37372,10
37376,11.1
37380,14.5
37384,13.4
37388,10.9
37440,10.9
37444,11.1
37448,12.3
37452,14.5
37456,13.4
37460,12.3
37584,10.9
37588,12.3
37592,14.5
37596,16.3
37600,13.4
37604,12.3
37728,8.9
37732,10
37736,12.3
37740,15.6
37744,14.5
37748,13.4
37800,10
37804,11.1
37808,11.1
37812,14.5
37816,14.5
37820,12.3
37896,6.41
37900,9.62
37904,11.4
37908,14.96
37912,7.48
37916,7.48
38016,5.24
38020,6.41
38024,8.03
38028,7.03
38032,10.04
38036,8.03
38088,6.41
38092,7.8
38096,8.38
38100,6.29
38104,5.24
38108,5.24
38160,7.48
38164,8.92
38168,9.43
38172,8.38
38176,6.29
38180,6.29
38280,5.34
38284,6.69
38288,7.33
38292,8.38
38296,6.29
38300,4.19
38376,6.41
38380,7.8
38384,8.38
38388,9.43
38392,7.33
38396,5.24
38472,5.34
38476,6.69
38480,8.38
38484,9.43
38488,6.34
38492,5.24
38544,6.7
38548,8.9
38552,9.4
38556,10.5
38560,7.3
38564,6.3
38616,5.2
38620,7.3
38624,8.4
38628,9.4
38632,7.3
38636,6.3
38712,5.5
38716,6.7
38720,8.9
38724,7.8
38728,10
38732,7.8
38760,5.5
38764,6.7
38768,7.8
38772,10
38776,7.8
38780,5.5
38832,4.4
38836,5.5
38840,8.9
38844,7.8
38848,6.7
38852,5.5
38976,5.5
38980,7.8
38984,10
38988,10
38992,7.8
38996,6.7
39024,6.4
39028,8.9
39032,10
39036,10
39040,8.9
39044,7.8
39072,5.5
39076,7.8
39080,10
39084,12.2
39088,10
39092,7.8
39144,5.5
39148,8.9
39152,8.9
39156,10
39160,7.8
39164,6.7
39264,5.5
39268,7.8
39272,6.7
39276,8.9
39280,7.8
39284,5.5
39384,4.4
39388,6.7
39392,7.8
39396,7.8
39400,5.5
39404,5.5
39432,2
39436,5.7
39440,6.9
39444,8
39448,5.7
39452,4.6
39504,4.6
39508,5.7
39512,8
39516,6.7
39520,5.7
39524,4.6
39648,2
39652,4.6
39656,5.7
39660,5.7
39664,4.6
39668,4.6
39720,4.6
39724,5.7
39728,6.9
39732,6.9
39736,4.6
39740,4.6
39792,5.7
39796,6.9
39800,6.9
39804,8
39808,5.7
39812,4.6
39864,4.6
39868,5.7
39872,10.3
39876,9.2
39880,6.9
39884,4.6
39912,5.7
39916,6.9
39920,9.2
39924,10.3
39928,8
39932,5.7
40008,4.6
40012,5.7
40016,6.9
40020,5.7
40024,4.6
40028,2
40104,5.6
40108,5.7
40112,6.4
40116,7.8
40120,4.6
40124,4.6
40200,4.6
40204,6.9
40208,6.9
40212,8
40216,5.7
40220,4.6
40248,4.3
40252,5.4
40256,7.5
40260,6.4
40264,6.4
40268,5.4
40320,4.3
40324,6.4
40328,7.5
40332,7.5
40336,6.4
40340,5.7
40464,4.3
40468,6.4
40472,6.4
40476,5.4
40480,5.4
40484,4.3
40560,4.3
40564,6.4
40568,6.4
40572,5.4
40576,4.3
40580,4.3
40608,4.3
40612,5.4
40616,6.4
40620,6.4
40624,4.3
40628,4.3
40680,5.1
40684,5.4
40688,7.4
40692,6.4
40696,5.4
40700,4.3
40752,5.4
40756,6.4
40760,7.5
40764,6.4
40768,5.4
40772,5.4
40896,4.3
40900,5.4
40904,6.4
40908,5.4
40912,4.3
40916,2
40944,2
40948,4.4
40952,6.5
40956,5.4
40960,4.4
40964,2
41016,4.4
41020,5.4
41024,7.6
41028,6.5
41032,5.4
41036,4.4
41112,5.4
41116,6.5
41120,7.6
41124,8.7
41128,6.5
41132,5.4
41208,6.5
41212,7.6
41216,8.7
41220,7.6
41224,7.6
41228,5.4
41256,5.4
41260,6.5
41264,7.6
41268,7.6
41272,6.5
41276,5.4
41304,6.5
41308,7.6
41312,8.7
41316,9.8
41320,7.6
41324,5.4
41496,6.5
41500,8.7
41504,7.6
41508,8.7
41512,6.5
41516,5.4
41568,5.4
41572,6.5
41576,7.6
41580,8.7
41584,7.6
41588,6.5
41640,4.4
41644,6.5
41648,8.7
41652,7.6
41656,6.5
41660,5.4
41712,5.4
41716,7.6
41720,7.6
41724,8.6
41728,6.5
41732,5.4
41784,6.5
41788,7.6
41792,9.7
41796,8.6
41800,7.6
41804,6.5
41856,7.6
41860,8
41864,10.8
41868,10.8
41872,7.6
41876,6.5
42000,6.5
42004,8.6
42008,9.7
42012,10.8
42016,8.6
42020,6.5
42048,7.6
42052,8.6
42056,11.9
42060,15.1
42064,10.8
42068,8.6
42096,7.6
42100,9.7
42104,11.9
42108,13
42112,9.7
42116,7.6
42192,6.5
42196,8.6
42200,10.8
42204,11.9
42208,9.7
42212,7.6
42312,6.5
42316,8.6
42320,10.8
42324,11.9
42328,9.7
42332,7.6
42384,6.5
42388,7.6
42392,8.6
42396,10.8
42400,8.6
42404,7.6
42504,7.3
42508,9.4
42512,10.5
42516,12.6
42520,9.4
42524,8.4
42576,6.3
42580,8.4
42584,9.4
42588,10.5
42592,9.4
42596,8.4
42624,7.3
42628,8.4
42632,8.4
42636,11.5
42640,9.4
42644,8.4
42696,6.3
42700,7.3
42704,9.4
42708,10.5
42712,8.4
42716,8.4
42768,7.3
42772,8.4
42776,10.5
42780,11.5
42784,9.4
42788,7.3
42816,7.3
42820,9.4
42824,10.5
42828,11.5
42832,8.4
42836,7.3
42960,7.3
42964,9.4
42968,10.5
42972,12.6
42976,10.5
42980,8.4
43080,9.3
43084,9.4
43088,10.5
43092,12.6
43096,9.4
43100,8.4
43128,7
43132,10.5
43136,11.5
43140,12.6
43144,10.5
43148,8.4
43200,8.8
43204,9.8
43208,15.3
43212,14.2
43216,12
43220,9.8
43272,8.8
43276,10.9
43280,14.2
43284,15.3
43288,13.1
43292,9.8
43320,8.8
43324,12
43328,14.2
43332,14.2
43336,13.1
43340,10.9
43512,6.6
43516,10.8
43520,12
43524,13.1
43528,12
43532,8.8
43560,8.6
43564,8.8
43568,10.9
43572,12
43576,9.8
43580,8.8
43656,8.8
43660,12.2
43664,13.1
43668,13.1
43672,10.9
43676,8.8
43728,6.6
43732,7.7
43736,12
43740,14.2
43744,10.9
43748,8.8
43776,7.7
43780,9.8
43784,12
43788,13.1
43792,10.9
43796,9.8
43896,6.4
43900,8.5
43904,12.7
43908,12.7
43912,11
43916,7.3
43992,6.1
43996,7.4
44000,11.7
44004,11.7
44008,10.6
44012,7.4
44040,6.4
44044,8.5
44048,10.6
44052,12.7
44056,11.7
44060,8.5
44136,6.4
44140,7.4
44144,9.5
44148,11.7
44152,10.6
44156,9.5
44256,7.4
44260,10
44264,10.5
44268,10.6
44272,10.6
44276,9.5
44352,6.4
44356,8.5
44360,9.5
44364,10.6
44368,10.6
44372,8.5
44424,7.4
44428,8.5
44432,10.6
44436,11.7
44440,10.6
44444,9.5
44496,7.4
44500,9.5
44504,10.6
44508,12.7
44512,10.6
44516,9.5
44544,8.5
44548,8.5
44552,11.7
44556,10.6
44560,8.5
44564,7.4
44688,8.6
44692,10.8
44696,11.9
44700,13
44704,8.6
44708,7.6
44736,7.6
44740,8.6
44744,10.8
44748,10.8
44752,9.7
44756,7.6
44784,6.5
44788,7.6
44792,9.7
44796,10.8
44800,8.6
44804,7.6
44928,7.6
44932,8.6
44936,10.8
44940,10.8
44944,9.7
44948,7.6
44976,8.6
44980,9.7
44984,10.8
44988,10.8
44992,9.7
44996,8.6
45024,7.6
45028,8.6
45032,10.8
45036,9.7
45040,9.7
45044,7.6
45216,7.6
45220,8.6
45224,10.8
45228,9.7
45232,8.6
45236,7.6
45264,6.5
45268,9.7
45272,9.7
45276,8.6
45280,7.6
45284,7.6
45336,6.1
45340,11.7
45344,10.2
45348,9.2
45352,8.1
45356,7.1
45384,7.1
45388,10.2
45392,10.2
45396,9.2
45400,8.1
45404,7.1
45528,6.1
45532,8.1
45536,11.2
45540,9.2
45544,8.1
45548,6.1
45576,7.1
45580,10.2
45584,13.2
45588,11.2
45592,10.2
45596,8.1
45648,6.1
45652,8.1
45656,10.2
45660,10.2
45664,9.2
45668,8.1
45744,6.1
45748,8.1
45752,10.2
45756,9.2
45760,9.2
45764,7.2
45792,7.1
45796,9.2
45800,12.2
45804,10.2
45808,9.2
45812,7.1
45912,7.1
45916,8.1
45920,11.2
45924,12.2
45928,10.2
45932,9.2
46056,7.2
46060,9.2
46064,10.2
46068,11.3
46072,9.2
46076,8.2
46104,7.2
46108,10.2
46112,11.3
46116,11.3
46120,10.2
46124,8.2
46152,6.1
46156,8.2
46160,10.2
46164,10.2
46168,8.2
46172,7.2
46272,7.2
46276,9.2
46280,9.2
46284,11.3
46288,8.2
46292,8.2
46344,7.2
46348,8.2
46352,11.3
46356,12.3
46360,10.2
46364,9.2
46416,6.5
46420,9.7
46424,9.2
46428,9.2
46432,8.2
46436,7.2
46464,6.1
46468,8.2
46472,9.2
46476,11.3
46480,9.2
46484,7.2
46536,7.2
46540,7.2
46544,8.2
46548,10.2
46552,9.2
46556,7.2
46704,5.1
46708,6.1
46712,7.2
46716,9.2
46720,8.2
46724,6.1
46752,5.4
46756,6.5
46760,7.6
46764,8.6
46768,7.6
46772,6.5
46848,6.5
46852,7.6
46856,9.7
46860,8.6
46864,7.6
46868,6.5
46896,7.6
46900,7.6
46904,10.8
46908,9.7
46912,7.6
46916,6.5
46968,6.5
46972,9.7
46976,9.7
46980,10.8
46984,8.6
46988,7.6
47088,5.4
47092,8.6
47096,10.8
47100,8.6
47104,7.6
47108,6.5
47160,6.5
47164,9
47168,10.3
47172,8.6
47176,8.6
47180,6.5
47280,6.5
47284,8.6
47288,9.7
47292,11.9
47296,9.7
47300,7.6
47328,7.6
47332,10.8
47336,9.7
47340,13
47344,9.7
47348,7.6
47376,6.5
47380,7.6
47384,8.6
47388,10.8
47392,8.6
47396,7.6
47568,5.4
47572,7.1
47576,8.7
47580,9.8
47584,8.7
47588,6.5
47616,5.4
47620,7.6
47624,9.8
47628,8.7
47632,7.6
47636,5.4
47664,5.4
47668,6.9
47672,8.7
47676,9
47680,6.5
47684,6.1
47760,5.4
47764,7.6
47768,9.8
47772,8.7
47776,7.6
47780,6.5
47856,4.3
47860,5.4
47864,8.7
47868,7.6
47872,6.5
47876,5.4
47928,4.3
47932,6.5
47936,10.9
47940,7.6
47944,6.5
47948,5.4
47976,5.4
47980,6.5
47984,7.6
47988,9.4
47992,7.6
47996,5.4
48072,6.5
48076,7.6
48080,8.7
48084,9.8
48088,8.7
48092,6.5
48216,5.3
48220,6.4
48224,7.4
48228,7.4
48232,6.4
48236,5.3
48264,6.4
48268,7.4
48272,9.5
48276,6.4
48280,6.4
48284,5.3
48360,5.3
48364,6.4
48368,7.4
48372,6.4
48376,6.4
48380,4.2
48408,6.4
48412,8.5
48416,7.4
48420,7.4
48424,5.3
48428,5.3
48480,5.3
48484,6.4
48488,9.5
48492,8.5
48496,6.4
48500,5.3
48624,6.4
48628,8.5
48632,6.4
48636,5.3
48640,5.3
48644,4.2
48672,4.2
48676,6.4
48680,7.4
48684,6.4
48688,5.3
48692,4.2
48768,8.1
48772,5.3
48776,6.4
48780,6.4
48784,5.3
48788,4.2
48840,4.2
48844,6.4
48848,8.5
48852,9.5
48856,6.4
48860,5.3
48936,5.3
48940,6.4
48944,7.4
48948,8.5
48952,6.4
48956,5.3
48984,6.4
48988,8.5
48992,8.5
48996,11.7
49000,8.5
49004,6.4
49104,5.3
49108,8.5
49112,7.4
49116,9.5
49120,7.4
49124,6.4
49248,4.2
49252,5.3
49256,7
49260,6.4
49264,5.3
49268,4.2
49296,5.3
49300,6.4
49304,6.4
49308,7.4
49312,6.4
49316,5.3
49392,5.3
49396,7.4
49400,7.4
49404,7.4
49408,5.3
49412,5.3
49464,4.2
49468,6.4
49472,6.4
49476,8.5
49480,6.4
49484,4.2
49536,5.3
49540,6.4
49544,7.4
49548,7.4
49552,6.4
49556,5.3
49632,5.3
49636,6.4
49640,6.4
49644,6.4
49648,6.4
49652,5.3
49680,4.2
49684,6.4
49688,7.4
49692,6.4
49696,5.3
49700,5.3
49776,4.1
49780,6.2
49784,7.2
49788,7.2
49792,6.2
49796,5.2
49824,5.2
49828,6.2
49832,8.3
49836,8.3
49840,7.2
49844,5.2
49968,4.1
49972,5.2
49976,6.2
49980,5.2
49984,5.2
49988,4.1
50040,5.2
50044,5.2
50048,6.2
50052,6.2
50056,6.2
50060,6
50088,5.2
50092,7.2
50096,7.2
50100,7.2
50104,6.2
50108,5.2
50184,5.2
50188,8.3
50192,9.3
50196,7.2
50200,7.2
50204,6.2
50232,6.2
50236,7.2
50240,8.3
50244,8.7
50248,8.3
50252,6.2
50328,6.1
50332,7.1
50336,8.1
50340,8.5
50344,8.1
50348,6.1
50448,5.1
50452,6.1
50456,8.1
50460,8.1
50464,7.1
50468,5.1
50520,6.1
50524,7.1
50528,9.2
50532,10.2
50536,8.1
50540,6.1
50568,7.1
50572,9.2
50576,10.2
50580,10.2
50584,8.1
50588,7.1
50760,5.1
50764,9.2
50768,8.1
50772,10.2
50776,7.1
50780,6.1
50808,6.1
50812,9.2
50816,8.1
50820,9.2
50824,8.1
50828,6.1
50880,7.1
50884,10.2
50888,9.2
50892,10.2
50896,9.2
50900,6.1
50952,6.1
50956,8.1
50960,8.1
50964,10.2
50968,9.2
50972,7.1
51024,6.1
51028,8.1
51032,9.2
51036,9.2
51040,8.1
51044,5.1
51120,7.1
51124,9.2
51128,12.2
51132,18.3
51136,19.3
51140,12.2
51216,6.1
51220,8.1
51224,9.2
51228,9.2
51232,7.1
51236,6.1
51264,6.1
51268,9.2
51272,8.1
51276,9.2
51280,8.1
51284,6.1
51408,7.1
51412,9.2
51416,10.2
51420,9.2
51424,9.2
51428,7.1
51480,6.1
51484,8.1
51488,9.2
51492,10.2
51496,9.2
51500,6.1
51528,7.1
51532,9.2
51536,10.2
51540,10.2
51544,8.1
51548,6.1
51624,6.1
51628,7.1
51632,10.2
51636,9.2
51640,8.1
51644,7.1
51672,7.1
51676,9.2
51680,10.2
51684,12.2
51688,8.1
51692,6.1
51744,5.1
51748,8.1
51752,9.2
51756,10.2
51760,9.2
51764,6.1
51840,6.1
51844,8.1
51848,8.1
51852,8.1
51856,7.1
51860,6.1
51936,5.4
51940,9.7
51944,8.6
51948,8.6
51952,7.6
51956,6.5
52032,7.6
52036,8.6
52040,9.7
52044,13
52048,8.6
52052,7.6
52152,6.5
52156,9.7
52160,10.8
52164,11.9
52168,9.7
52172,7.6
52224,7.6
52228,8.6
52232,11.9
52236,10.8
52240,8.6
52244,7.6
52296,7.6
52300,11.9
52304,13
52308,10.8
52312,9.7
52316,8.6
52368,8.6
52372,9.7
52376,13
52380,11.9
52384,9.7
52388,8.6
52416,7.6
52420,8.6
52424,10.8
52428,11.9
52432,9.78
52436,7.6
52584,7.6
52588,8.6
52592,10.8
52596,10.8
52600,8.6
52604,7.6
52632,8.3
52636,9.7
52640,11.9
52644,10.8
52648,8.6
52652,6.5
52680,6.6
52684,8
52688,11.5
52692,12
52696,9
52700,6
52728,6.6
52732,12
52736,12
52740,11
52744,9
52748,7
52872,8
52876,9
52880,10
52884,10
52888,8
52892,7
52944,7
52948,8
52952,9
52956,10
52960,7
52964,7
53112,6
53116,7
53120,10
53124,9
53128,8
53132,6
53160,7
53164,9
53168,10
53172,10
53176,9
53180,6
53256,6.3
53260,8
53264,9
53268,9
53272,7
53276,6
53304,6.3
53308,9
53312,10
53316,10
53320,9
53324,6
53448,5.4
53452,9.3
53456,10.3
53460,10.3
53464,8.2
53468,6.2
53496,6.2
53500,8.2
53504,10.3
53508,10.3
53512,8.2
53516,7.2
53568,5.2
53572,7.2
53576,8.2
53580,9.3
53584,7.2
53588,6.2
53616,5.2
53620,7.2
53624,8.2
53628,7.2
53632,6.2
53636,5.2
53712,6.2
53716,6.2
53720,7.2
53724,8.2
53728,5.2
53732,4.1
53808,5.2
53812,9.3
53816,8.2
53820,10.3
53824,7.2
53828,5.2
53856,4.1
53860,5.2
53864,6.2
53868,6.2
53872,6.2
53876,4.1
54000,6.2
54004,10.3
54008,9.3
54012,9.3
54016,8.2
54020,6.2
54096,5.1
54100,7.2
54104,8.2
54108,8.2
54112,6.1
54116,5.1
54144,5.1
54148,8.2
54152,8.6
54156,5.1
54160,5.1
54164,4.1
54192,6.1
54196,7.2
54200,7.2
54204,6.1
54208,5.1
54212,5.1
54288,5.1
54292,6.1
54296,7.2
54300,6.1
54304,5.1
54308,5.1
54384,6.1
54388,7.2
54392,8.2
54396,9.2
54400,6.1
54404,5.1
54480,5.1
54484,8.2
54488,8.2
54492,7.2
54496,7.2
54500,5.1
54576,4.1
54580,6.1
54584,7.2
54588,7.2
54592,5.1
54596,5.1
54624,6.1
54628,9.2
54632,7.2
54636,8.2
54640,6.1
54644,5.1
54720,5.1
54724,7.2
54728,7.2
54732,8.2
54736,7.2
54740,6.1
54792,6.1
54796,8.2
54800,9.2
54804,8.2
54808,7.2
54812,6.1
54864,6.5
54868,8.6
54872,8.6
54876,9.7
54880,6.5
54884,5.4
54912,5.4
54916,7.6
54920,8.6
54924,8.6
54928,6.5
54932,6.5
55104,4.3
55108,7.6
55112,7.6
55116,10.8
55120,5.4
55124,4.3
55152,4.3
55156,6.5
55160,8.6
55164,7.6
55168,6.5
55172,4.3
55224,4.3
55228,5.4
55232,5.4
55236,4.3
55240,5.4
55244,2
55344,5.4
55348,8.6
55352,7.6
55356,8.6
55360,5.4
55364,4.3
55416,2
55420,5.4
55424,5.4
55428,6.5
55432,5.4
55436,2
55464,5.4
55468,7.6
55472,9.7
55476,9.7
55480,8.6
55484,5.4
55560,2
55564,5.1
55568,5.1
55572,7.1
55576,6.1
55580,4.1
55608,4.1
55612,7.1
55616,5.8
55620,5.1
55624,7.1
55628,5.1
55704,5.1
55708,7.1
55712,6.1
55716,7.1
55720,7.1
55724,4.1
55848,5.1
55852,6.1
55856,6.3
55860,5.1
55864,5.1
55868,4.1
55920,4.1
55924,6.1
55928,8.1
55932,8.1
55936,7.1
55940,5.1
55992,4.1
55996,5.1
56000,6.1
56004,8.1
56008,4.1
56012,4.1
56064,5.1
56068,7.1
56072,5.1
56076,7.1
56080,6.1
56084,4.1
56160,2
56164,6.1
56168,7.1
56172,5.1
56176,5.1
56180,4.1
56256,5.1
56260,5.1
56264,7.1
56268,6.1
56272,4.1
56276,4.1
56304,2
56308,6.1
56312,5.1
56316,6.1
56320,4.1
56324,4.1
56376,5.3
56380,5.3
56384,7.4
56388,6.4
56392,4.2
56396,4.2
56448,2
56452,6.4
56456,7.4
56460,6.4
56464,4.2
56468,2
56568,5.3
56572,6.4
56576,6.4
56580,5.3
56584,5.3
56588,4.2
56688,2
56692,4.2
56696,7.4
56700,8.5
56704,5.3
56708,4.2
56760,5.3
56764,5.3
56768,7.4
56772,6.4
56776,4.2
56780,4.2
56808,2
56812,5.3
56816,5.3
56820,6.4
56824,5.3
56828,4.2
57648,6.2
57652,7.2
57656,7.2
57660,6.2
57664,7.2
57668,5.2
57696,4.1
57700,6.2
57704,6.2
57708,5.2
57712,4.1
57716,4.1
57744,4.2
57748,5.3
57752,5.3
57756,5.3
57760,4.2
57764,4.2
57840,4.2
57844,6.4
57848,6.4
57852,4.2
57856,2
57860,2
57936,5.3
57940,8.5
57944,6.4
57948,4.2
57952,4.2
57956,2
57984,5.3
57988,6.4
57992,6.4
57996,7.4
58000,6.4
58004,5.3
58128,6.4
58132,6.4
58136,7.4
58140,7.4
58144,5.3
58148,5
58176,4.2
58180,5.3
58184,5.3
58188,5.3
58192,6.4
58196,4.2
58224,4.4
58228,7.1
58232,6.4
58236,5.8
58240,5.7
58244,4.2
58344,4.3
58348,6.4
58352,5.3
58356,6.4
58360,5.3
58364,4.2
58392,4.2
58396,5.3
58400,5.3
58404,6.4
58408,4.2
58412,4.2
58488,4.3
58492,6.4
58496,5.3
58500,4.2
58504,4.2
58508,4.2
58584,4
58588,5
58592,5
58596,5
58600,4
58604,4
58632,5
58636,5
58640,6
58644,6
58648,4
58652,7
58752,5
58756,6
58760,6
58764,7
58768,6
58772,5
58872,6
58876,9
58880,7
58884,6
58888,5
58892,5
58944,6.1
58948,7
58952,8
58956,10
58960,7
58964,6
58992,5
58996,8
59000,10
59004,9
59008,8
59012,6
59064,7
59068,8
59072,10
59076,11
59080,8
59084,6
59208,7
59212,11
59216,13
59220,14
59224,10
59228,7
59280,6.6
59284,8.6
59288,7.6
59292,8.6
59296,6.5
59300,6.5
59328,6.5
59332,8.6
59336,9.7
59340,8.6
59344,7.6
59348,6.5
59424,7.6
59428,8.6
59432,8.6
59436,10.8
59440,7.6
59444,6.5
59520,7.6
59524,8.6
59528,10.8
59532,8.6
59536,7.6
59540,6.5
59640,11
59644,13
59648,22.7
59652,35.6
59656,18.4
59660,16.2
59712,6.6
59716,7.6
59720,8.6
59724,11.9
59728,7.6
59732,6.5
59808,4.4
59812,6.5
59816,7.6
59820,8.6
59824,6.5
59828,5.4
59880,4.4
59884,7.6
59888,6.5
59892,8.6
59896,5.4
59900,4.3
59952,4.3
59956,8.6
59960,7.6
59964,6.5
59968,6.5
59972,4.3
60024,6.2
60028,9.3
60032,8.2
60036,9.3
60040,8.2
60044,4.1
60168,6.3
60172,7.2
60176,9.3
60180,10.3
60184,8.2
60188,7.2
60216,7.2
60220,8.2
60224,10.3
60228,9.3
60232,6.2
60236,5.2
60264,6.2
60268,7.2
60272,7.2
60276,8.2
60280,7.2
60284,6.2
60360,7.4
60364,11.3
60368,9.3
60372,8.2
60376,8.2
60380,6.2
60408,6.3
60412,9.3
60416,8.2
60420,9.3
60424,7.2
60428,6.2
60552,6.3
60556,7.2
60560,11.3
60564,10.3
60568,9.3
60572,8.2
60648,8.4
60652,10.3
60656,11.3
60660,9.3
60664,8.2
60668,6.2
60696,6.3
60700,7.2
60704,8.2
60708,9.3
60712,8.2
60716,7.2
60792,6.3
60796,8.2
60800,9.2
60804,12.3
60808,7.2
60812,7.2
60840,8.4
60844,9.2
60848,10.2
60852,9.2
60856,8.2
60860,8.2
60936,7.7
60940,9.2
60944,8.2
60948,10.2
60952,9.2
60956,7.2
60984,8.6
60988,9.2
60992,10.2
60996,10.2
61000,9.2
61004,8.2
61080,9.6
61084,8.2
61088,9.2
61092,10.2
61096,9.2
61100,8.2
61128,9
61132,12.3
61136,13.3
61140,12.3
61144,9.2
61148,8.2
67824,26
67828,28
67832,20
67836,18
67840,11
67844,13
67920,16
67924,15
67928,14
67932,16
67936,12
67940,10
68016,13
68020,15
68024,16
68028,12
68032,13
68036,10
68112,15
68116,16
68120,17
68124,14
68128,15
68132,10
68208,16.2
68212,13.9
68216,15
68220,17.3
68224,16.2
68228,11.6
68304,10.4
68308,12.7
68312,13.9
68316,16.2
68320,12.7
68324,9.2
68400,9.2
68404,11.6
68408,13.9
68412,15
68416,12.7
68420,11.6
68496,8.1
68500,10.4
68504,11.6
68508,13.9
68512,12.7
68516,11.6
68592,8.1
68596,9.2
68600,10.4
68604,12.7
68608,11.6
68612,10.4
68688,9.2
68692,10.4
68696,11.6
68700,13.9
68704,12.7
68708,10.4
68784,11.6
68788,13.9
68792,16.2
68796,15
68800,13.9
68804,11.6
68856,16.2
68860,13.9
68864,20.8
68868,23.1
68872,25.4
68876,19.6
68880,12.7
68884,15
68888,13.9
68892,15
68896,13.9
68900,10.4
68976,10.4
68980,13.9
68984,15
68988,13.9
68992,12.7
68996,9.2
69072,10.4
69076,12.7
69080,13.9
69084,16.2
69088,13.9
69092,10.4
69168,11.6
69172,13.9
69176,17.3
69180,16.2
69184,11.6
69188,10.4
69264,13.9
69268,15
69272,17.3
69276,15
69280,13.9
69284,11.6
69360,12.7
69364,17.3
69368,16.2
69372,15
69376,13.9
69380,12.7
69456,13.9
69460,16.2
69464,13.9
69468,15
69472,13.9
69476,12.7
69552,10.4
69556,13.9
69560,16.2
69564,12.7
69568,11.6
69572,10.4
69648,8.1
69652,10.4
69656,13.9
69660,12.7
69664,10.4
69668,6.9
69720,9.2
69724,11.6
69728,13.9
69732,13.9
69736,12.7
69740,11.6
69840,9.2
69844,11.6
69848,11.6
69852,10.4
69856,9.2
69860,9.2
69936,13.9
69940,16.2
69944,15
69948,10.4
69952,8.1
69956,6.9
70032,13.87
70036,15.02
70040,11.55
70044,9.24
70048,8.09
70052,6.93
70128,12.71
70132,13.87
70136,10.4
70140,9.24
70144,8.09
70148,9.24
70224,11.55
70228,12.71
70232,9.24
70236,8.09
70240,8.09
70244,10.4
70320,13.87
70324,15.02
70328,11.55
70332,9.24
70336,8.09
70340,10.4
70416,13.2
70420,14.16
70424,13.26
70428,10.85
70432,8.63
70436,9.65
70512,10.4
70516,12.98
70520,11.55
70524,9.44
70528,6.93
70532,8.26
70608,11.55
70612,12.98
70616,13.87
70620,10.62
70624,6.93
70628,9.44
70704,9.24
70708,10.62
70712,12.71
70716,8.26
70720,6.93
70724,7.08
70800,11.55
70804,12.98
70808,15.02
70812,14.16
70816,9.24
70820,11.8
70896,9.19
70900,12.07
70904,10.5
70908,14.75
70912,7.88
70916,10.73
70992,11.82
70996,13.41
71000,10.5
71004,12.07
71008,9.19
71012,9.39
71088,10.5
71092,12.07
71096,14.44
71100,13.41
71104,11.82
71108,10.73
71184,7.88
71188,9.39
71192,10.5
71196,12.07
71200,11.82
71204,8.04
71280,10.5
71284,12.07
71288,7.88
71292,10.73
71296,11.82
71300,9.39
71376,10.5
71380,12.07
71384,9.19
71388,8.04
71392,7.88
71396,9.39
71448,13.13
71452,14.75
71456,10.5
71460,9.39
71464,11.82
71468,10.73
71520,10.5
71524,9.39
71528,11.82
71532,13.41
71536,9.19
71540,12.07
71592,9.19
71596,9.39
71600,10.5
71604,12.07
71608,9.19
71612,8.04
71712,7.88
71716,8.05
71720,10.51
71724,12.07
71728,9.91
71732,10.73
71808,6.57
71812,9.39
71816,7.88
71820,10.73
71824,11.82
71828,9.39
71856,7.88
71860,6.71
71864,10.51
71868,9.39
71872,9.19
71876,8.05
71928,9.19
71932,8.05
71936,7.88
71940,6.71
71944,10.51
71948,9.39
72000,9.19
72004,6.71
72008,7.88
72012,9.39
72016,6.57
72020,8.05
72072,6.57
72076,5.37
72080,7.88
72084,6.71
72088,10.51
72092,9.39
72216,7.88
72220,9.39
72224,11.82
72228,13.41
72232,10.51
72236,8.05
72288,9.19
72292,10.73
72296,11.82
72300,9.39
72304,13.14
72308,12.07
72408,7.88
72412,6.71
72416,10.51
72420,9.39
72424,9.19
72428,8.05
72480,6.57
72484,8.05
72488,11.82
72492,10.73
72496,9.19
72500,9.39
72528,7.88
72532,6.71
72536,9.19
72540,8.05
72544,6.57
72548,5.37
72624,9.19
72628,8.05
72632,6.57
72636,6.71
72640,7.88
72644,5.37
72696,6.57
72700,8.05
72704,7.88
72708,9.39
72712,9.19
72716,6.71
72768,7.88
72772,6.71
72776,9.19
72780,8.05
72784,6.57
72788,5.37
72840,9.19
72844,8.05
72848,10.51
72852,9.39
72856,7.88
72860,6.71
72936,10.51
72940,9.39
72944,7.88
72948,8.05
72952,6.57
72956,5.37
73032,9.19
73036,8.05
73040,6.57
73044,5.37
73048,7.88
73052,6.71
73128,7.88
73132,6.71
73136,9.19
73140,8.05
73144,6.57
73148,4.02
73224,6.42
73228,5.24
73232,7.7
73236,7.87
73240,8.98
73244,6.55
73320,7.7
73324,6.55
73328,8.98
73332,9.18
73336,6.42
73340,5.24
73392,6.42
73396,7.87
73400,10.27
73404,6.55
73408,7.7
73412,5.24
73440,8.98
73444,9.18
73448,7.7
73452,6.55
73456,10.27
73460,7.87
73512,6.42
73516,7.87
73520,7.7
73524,5.24
73528,5.13
73532,6.55
73584,7.7
73588,6.55
73592,5.13
73596,5.24
73600,2
73604,2
73656,8.98
73660,7.87
73664,7.7
73668,2
73672,5.13
73676,6.55
73728,7.7
73732,9.18
73736,8.98
73740,7.87
73744,6.42
73748,5.24
73800,5.13
73804,5.24
73808,6.42
73812,7.87
73816,7.7
73820,6.55
73872,6.57
73876,8.05
73880,5.26
73884,6.71
73888,7.89
73892,5.37
73920,5.26
73924,6.71
73928,5.26
73932,8.05
73936,6.57
73940,5.37
73992,6.57
73996,6.71
74000,7.89
74004,5.37
74008,6.57
74012,5.37
74064,7.89
74068,6.71
74072,9.2
74076,8.05
74080,5.26
74084,5.37
74112,6.57
74116,6.71
74120,7.89
74124,5.37
74128,5.26
74132,4.03
74184,5.26
74188,5.37
74192,9.2
74196,6.71
74200,7.89
74204,5.37
74304,6.57
74308,8.05
74312,7.89
74316,5.37
74320,5.26
74324,6.71
74376,5.26
74380,6.71
74384,6.57
74388,5.37
74392,2
74396,5.37
74448,7.89
74452,9.4
74456,6.57
74460,6.71
74464,5.26
74468,5.37
74520,5.26
74524,8.05
74528,6.57
74532,6.71
74536,2
74540,5.37
74592,6.57
74596,5.37
74600,7.89
74604,6.71
74608,5.26
74612,2
74664,7.89
74668,6.71
74672,9.2
74676,8.05
74680,6.57
74684,5.37
74736,5.26
74740,5.37
74744,7.89
74748,8.05
74752,6.57
74756,6.71
74808,2
74812,5.37
74816,6.57
74820,6.71
74824,7.89
74828,5.37
74904,5.26
74908,4.03
74912,6.57
74916,5.37
74920,5.26
74924,2
74976,5.26
74980,6.71
74984,6.57
74988,5.37
74992,2
74996,4.03
75048,2
75052,5.37
75056,7.89
75060,6.71
75064,5.26
75068,4.03
75144,6.57
75148,5.73
75152,7.89
75156,5.37
75160,5.26
75164,4.03
75216,5.26
75220,8.05
75224,7.89
75228,6.71
75232,6.57
75236,5.37
75288,5.96
75292,7.3
75296,4.77
75300,6.09
75304,7.15
75308,4.87
75360,5.96
75364,2
75368,4.77
75372,6.09
75376,4.52
75380,2
75432,4.77
75436,6.09
75440,7.15
75444,4.87
75448,5.96
75452,2
75576,2
75580,2
75584,4.77
75588,4.87
75592,2
75596,2
75672,2
75676,4.87
75680,5.96
75684,6.09
75688,4.77
75692,2
75744,4.77
75748,2
75752,5.96
75756,4.87
75760,2
75764,4.87
75816,4.77
75820,6.09
75824,7.15
75828,4.87
75832,5.96
75836,4.87
75888,5.96
75892,4.87
75896,4.77
75900,6.09
75904,4.77
75908,2
75960,5.96
75964,4.87
75968,8.34
75972,7.3
75976,7.15
75980,6.09
76032,4.77
76036,7.3
76040,5.96
76044,6.09
76048,4.77
76052,4.87
76104,4.77
76108,6.09
76112,7.15
76116,7.3
76120,5.96
76124,4.87
76272,5.96
76276,2
76280,2
76284,4.87
76288,4.77
76292,2
76344,4.77
76348,6.09
76352,7.15
76356,6.09
76360,5.96
76364,4.87
76416,5.96
76420,7.3
76424,8.34
76428,6.09
76432,4.77
76436,4.87
76488,5.96
76492,4.87
76496,2
76500,6.09
76504,4.77
76508,4.87
76560,4.77
76564,6.09
76568,5.96
76572,4.87
76576,2
76580,2
76632,6.18
76636,7.57
76640,4.94
76644,5.05
76648,7.41
76652,6.31
76752,7.41
76756,6.31
76760,8.65
76764,5.05
76768,4.94
76772,6.31
76848,6.18
76852,7.57
76856,7.41
76860,6.31
76864,4.94
76868,5.05
76944,7.41
76948,7.57
76952,6.18
76956,5.05
76960,6.18
76964,6.31
77016,6.18
77020,8.83
77024,8.65
77028,7.57
77032,7.41
77036,6.31
77064,7.41
77068,8.83
77072,6.18
77076,6.31
77080,4.94
77084,5.05
77160,7.41
77164,6.31
77168,6.18
77172,5.05
77176,4.94
77180,2
77208,4.94
77212,6.31
77216,8.65
77220,7.57
77224,7.41
77228,6.31
77352,8.65
77356,10.09
77360,11.12
77364,15.14
77368,13.59
77372,12.61
77376,11.12
77380,12.61
77384,12.35
77388,20.18
77392,16.06
77396,11.35
77472,7.41
77476,10.09
77480,8.65
77484,7.57
77488,6.18
77492,6.31
77568,6.06
77572,7.42
77576,8.48
77580,8.66
77584,7.27
77588,6.19
77640,7.27
77644,8.66
77648,9.69
77652,9.9
77656,8.48
77660,7.42
77784,7.27
77788,8.66
77792,8.48
77796,11.14
77800,13.33
77804,9.9
77832,7.27
77836,9.9
77840,9.69
77844,12.37
77848,8.48
77852,8.66
77928,8.48
77932,8.66
77936,9.69
77940,11.14
77944,12.11
77948,9.9
78024,7.27
78028,9.9
78032,8.48
78036,8.66
78040,10.9
78044,7.42
78096,7.92
78100,9.24
78104,12.45
78108,11.56
78112,10.18
78116,8.09
78168,6.79
78172,10.4
78176,11.32
78180,13.87
78184,12.45
78188,9.24
78240,7.92
78244,9.24
78248,9.05
78252,11.56
78256,13.58
78260,10.4
78312,9.05
78316,10.4
78320,11.32
78324,12.71
78328,13.58
78332,11.56
78456,7.92
78460,9.24
78464,10.18
78468,11.56
78472,12.45
78476,9.24
78528,9.05
78532,9.24
78536,11.32
78540,12.71
78544,10.18
78548,6.93
78600,7.92
78604,8.09
78608,12.45
78612,10.4
78616,11.32
78620,9.24
78672,6.79
78676,9.24
78680,10.18
78684,10.4
78688,13.58
78692,11.56
78720,7.92
78724,9.24
78728,10.18
78732,12.71
78736,11.32
78740,10.4
78792,6.79
78796,8.09
78800,7.92
78804,9.24
78808,10.18
78812,6.93
78912,8.12
78916,9.48
78920,9.28
78924,11.85
78928,10.44
78932,8.3
78960,9.28
78964,10.67
78968,10.44
78972,13.04
78976,13.93
78980,9.48
79080,6.96
79084,5.93
79088,8.12
79092,8.3
79096,9.28
79100,7.11
79152,8.12
79156,10.67
79160,9.28
79164,9.48
79168,11.61
79172,8.3
79224,5.8
79228,8.3
79232,8.12
79236,10.67
79240,9.28
79244,7.11
79368,6.96
79372,9.48
79376,10.44
79380,10.67
79384,9.28
79388,8.3
79440,5.8
79444,8.3
79448,8.12
79452,14.22
79456,11.61
79460,9.48
79512,6.96
79516,9.48
79520,10.44
79524,11.85
79528,9.28
79532,8.3
79584,9.28
79588,9.48
79592,11.61
79596,13.04
79600,10.44
79604,8.3
79680,8.12
79684,10.67
79688,10.44
79692,11.85
79696,12.77
79700,9.48
79728,6.96
79732,8.3
79736,8.12
79740,9.48
79744,10.44
79748,7.11
79800,8.12
79804,7.11
79808,9.28
79812,11.85
79816,10.44
79820,9.48
79944,6.96
79948,8.3
79952,10.44
79956,13.04
79960,11.61
79964,8.3
80040,8.12
80044,9.48
80048,9.28
80052,10.67
80056,8.12
80060,7.11
80088,5.8
80092,7.11
80096,8.12
80100,9.48
80104,9.28
80108,8.3
80160,8.12
80164,9.48
80168,9.28
80172,8.3
80176,5.8
80180,5.93
80232,8.16
80236,7.14
80240,9.32
80244,10.71
80248,10.49
80252,8.33
80352,6.99
80356,8.33
80360,8.16
80364,9.52
80368,10.49
80372,7.14
80424,5.83
80428,7.14
80432,9.32
80436,10.71
80440,10.49
80444,8.33
80496,6.99
80500,8.33
80504,8.16
80508,9.52
80512,10.49
80516,7.14
80616,8.16
80620,9.52
80624,9.32
80628,10.71
80632,10.49
80636,8.33
80712,8.16
80716,10.71
80720,9.32
80724,9.52
80728,8.16
80732,5.95
80808,6.99
80812,9.52
80816,10.49
80820,10.71
80824,8.16
80828,7.14
80856,6.99
80860,8.33
80864,8.16
80868,10.71
80872,9.32
80876,7.14
80928,5.83
80932,8.33
80936,6.99
80940,9.52
80944,9.32
80948,7.14
81048,8.16
81052,9.52
81056,6.99
81060,8.33
81064,9.32
81068,7.14
81120,6.99
81124,8.33
81128,8.16
81132,9.52
81136,6.99
81140,5.95
81192,8.16
81196,10.71
81200,9.32
81204,9.52
81208,10.49
81212,8.33
81264,6.99
81268,9.52
81272,8.16
81276,10.71
81280,8.16
81284,7.14
81336,5.83
81340,8.33
81344,6.99
81348,9.52
81352,8.16
81356,5.95
81408,6.99
81412,9.52
81416,8.16
81420,10.71
81424,9.32
81428,7.14
81480,6.99
81484,8.33
81488,8.16
81492,9.52
81496,11.65
81500,7.14
81576,7.22
81580,8.6
81584,9.63
81588,9.83
81592,10.83
81596,7.37
81696,6.02
81700,8.6
81704,7.22
81708,9.83
81712,8.42
81716,6.15
81744,7.22
81748,6.15
81752,8.42
81756,8.6
81760,6.02
81764,4.92
81840,7.22
81844,7.37
81848,8.42
81852,9.83
81856,6.02
81860,6.15
81984,6.02
81988,8.6
81992,7.22
81996,9.83
82000,8.42
82004,6.15
82032,7.22
82036,6.15
82040,8.42
82044,8.6
82048,9.63
82052,7.37
82104,7.22
82108,8.6
82112,6.02
82116,9.83
82120,9.63
82124,8.6
82176,7.22
82180,7.37
82184,6.02
82188,8.6
82192,9.63
82196,6.15
82296,6.02
82300,6.15
82304,8.42
82308,7.37
82312,7.22
82316,4.92
82392,4.81
82396,4.92
82400,6.02
82404,7.37
82408,8.42
82412,6.15
82464,6.02
82468,6.15
82472,7.22
82476,8.6
82480,7.22
82484,4.92
82560,7.22
82564,7.37
82568,4.81
82572,6.15
82576,8.42
82580,4.92
82632,6.02
82636,8.6
82640,7.22
82644,7.37
82648,6.02
82652,6.15
82728,7.22
82732,7.37
82736,6.02
82740,8.6
82744,8.42
82748,6.15
82824,6.02
82828,7.37
82832,7.22
82836,6.15
82840,6.02
82844,4.92
82872,5.38
82876,6.86
82880,6.72
82884,8.23
82888,8.06
82892,5.49
82944,6.72
82948,8.23
82952,8.06
82956,9.61
82960,5.38
82964,6.86
83016,6.72
83020,8.23
83024,6.72
83028,5.49
83032,5.38
83036,6.86
83088,5.38
83092,6.86
83096,8.06
83100,6.86
83104,5.38
83108,5.49
83160,6.72
83164,6.86
83168,5.38
83172,8.23
83176,5.38
83180,6.86
83280,8.06
83284,6.86
83288,6.72
83292,9.61
83296,8.06
83300,5.49
83352,9.41
83356,8.23
83360,8.06
83364,6.86
83368,6.72
83372,5.49
83424,6.72
83428,8.23
83432,5.38
83436,8.23
83440,6.72
83444,5.49
83568,8.06
83572,9.61
83576,6.72
83580,8.23
83584,5.38
83588,6.86
83640,5.38
83644,2
83648,6.72
83652,8.23
83656,6.72
83660,6.86
83712,6.72
83716,2
83720,5.38
83724,2
83728,6.72
83732,6.86
83784,6.72
83788,8.23
83792,2
83796,6.86
83800,8.06
83804,5.49
83856,5.38
83860,6.86
83864,6.72
83868,8.23
83872,6.72
83876,5.49
83928,6.72
83932,8.23
83936,8.06
83940,5.49
83944,5.38
83948,2
84024,8.06
84028,6.86
84032,6.72
84036,2
84040,5.38
84044,5.49
84096,6.72
84100,8.23
84104,8.06
84108,2
84112,5.38
84116,6.86
84168,8.06
84172,6.86
84176,6.72
84180,5.49
84184,6.72
84188,5.49
84288,8.06
84292,8.23
84296,5.38
84300,6.86
84304,6.72
84308,5.49
84408,8.06
84412,9.61
84416,6.72
84420,8.23
84424,5.38
84428,6.86
84480,8.06
84484,6.86
84488,9.41
84492,10.98
84496,12.09
84500,9.61
84552,6.72
84556,8.23
84560,8.06
84564,9.61
84568,6.72
84572,5.49
84624,2
84628,2
84632,4.84
84636,6.18
84640,6.05
84644,4.94
84744,6.05
84748,7.42
84752,4.84
84756,2
84760,2
84764,4.94
84816,4.84
84820,7.42
84824,8.47
84828,8.65
84832,6.05
84836,6.18
84864,8.47
84868,9.89
84872,7.26
84876,8.65
84880,6.05
84884,4.94
84936,7.26
84940,8.65
84944,6.05
84948,11.12
84952,8.47
84956,7.42
85056,7.26
85060,4.94
85064,8.47
85068,6.18
85072,6.05
85076,2
85128,4.84
85132,6.18
85136,7.26
85140,8.65
85144,8.47
85148,6.18
85176,6.05
85180,7.42
85184,8.47
85188,8.65
85192,7.26
85196,6.18
85272,4.84
85276,7.42
85280,6.05
85284,6.18
85288,8.47
85292,7.42
85344,6.18
85348,6.31
85352,7.41
85356,8.83
85360,8.65
85364,7.57
85440,7.41
85444,7.57
85448,8.65
85452,10.09
85456,8.65
85460,7.57
85584,6.18
85588,8.83
85592,8.65
85596,6.31
85600,7.41
85604,5.05
85656,7.41
85660,8.83
85664,8.65
85668,7.57
85672,6.18
85676,6.31
85728,6.18
85732,7.57
85736,9.88
85740,8.83
85744,8.65
85748,7.57
85872,7.41
85876,10.09
85880,12.35
85884,13.87
85888,14.82
85892,8.83
85896,8.65
85900,15.14
85904,12.35
85908,17.66
85912,13.59
85916,7.57
85968,7.41
85972,10.09
85976,9.88
85980,11.35
85984,8.65
85988,8.83
86016,6.18
86020,8.83
86024,11.12
86028,12.61
86032,12.35
86036,7.57
86136,8.65
86140,10.09
86144,14.82
86148,17.66
86152,12.35
86156,8.83
86208,9.88
86212,8.83
86216,13.59
86220,15.14
86224,12.35
86228,10.09
86280,8.65
86284,10.09
86288,12.35
86292,16.4
86296,13.59
86300,11.35
86352,8.65
86356,11.35
86360,9.88
86364,17.66
86368,12.35
86372,10.09
86496,9.88
86500,10.09
86504,8.65
86508,18.92
86512,14.82
86516,11.35
86592,11.12
86596,11.35
86600,9.88
86604,17.66
86608,16.06
86612,12.61
86664,8.65
86668,10.09
86672,11.12
86676,16.4
86680,14.82
86684,11.35
86736,9.88
86740,11.35
86744,13.59
86748,15.14
86752,17.29
86756,12.61
86808,8.58
86812,11.26
86816,11.03
86820,17.51
86824,18.38
86828,12.51
86880,9.8
86884,11.26
86888,12.25
86892,13.76
86896,15.93
86900,12.51
86952,8.58
86956,10.01
86960,11.03
86964,15.01
86968,12.25
86972,11.26
87024,9.8
87028,12.51
87032,13.48
87036,17.51
87040,14.7
87044,12.51
87168,8.58
87172,11.26
87176,14.7
87180,16.26
87184,12.25
87188,11.26
87240,9.8
87244,12.51
87248,13.48
87252,17.51
87256,15.93
87260,10.01
87312,8.58
87316,11.26
87320,9.8
87324,16.26
87328,14.7
87332,8.76
87432,7.35
87436,10.01
87440,11.03
87444,11.26
87448,13.48
87452,8.76
87504,8.58
87508,10.01
87512,8.58
87516,16.26
87520,13.48
87524,11.26
87600,8.58
87604,11.26
87608,7.35
87612,6.26
87616,6.13
87620,5
87672,7.35
87676,10.01
87680,11.03
87684,17.51
87688,13.48
87692,8.76
87744,7.35
87748,8.76
87752,7.35
87756,15.01
87760,12.25
87764,10.01
87816,7.42
87820,10.11
87824,11.13
87828,13.9
87832,12.37
87836,8.84
87888,8.66
87892,11.37
87896,9.9
87900,16.42
87904,13.61
87908,10.11
87960,8.66
87964,10.11
87968,9.9
87972,13.9
87976,11.13
87980,8.84
88032,8.66
88036,11.37
88040,11.13
88044,15.16
88048,16.08
88052,10.11
88152,7.42
88156,8.84
88160,9.9
88164,13.9
88168,14.84
88172,11.37
88224,6.18
88228,7.58
88232,11.13
88236,12.63
88240,13.61
88244,10.11
88344,7.42
88348,8.84
88352,11.13
88356,16.42
88360,14.84
88364,11.37
88416,7.42
88420,10.11
88424,8.66
88428,15.16
88432,12.37
88436,8.84
88464,8.66
88468,10.11
88472,9.9
88476,16.42
88480,13.61
88484,8.84
88536,6.18
88540,7.58
88544,9.9
88548,13.9
88552,14.84
88556,8.84
88656,7.42
88660,7.58
88664,11.13
88668,12.63
88672,14.84
88676,10.11
88728,8.66
88732,8.84
88736,9.9
88740,11.37
88744,16.08
88748,11.37
88848,7.42
88852,10.11
88856,8.66
88860,11.37
88864,11.13
88868,8.84
88944,6.18
88948,7.58
88952,9.9
88956,8.84
88960,11.13
88964,10.11
89016,7.42
89020,8.84
89024,7.42
89028,6.32
89032,8.66
89036,5.05
89112,6.18
89116,7.58
89120,9.9
89124,12.63
89128,8.66
89132,6.32
89160,7.42
89164,8.84
89168,8.66
89172,11.37
89176,14.84
89180,10.11
89232,6.18
89236,7.58
89240,9.9
89244,12.63
89248,11.13
89252,8.84
89304,6.18
89308,7.58
89312,9.9
89316,13.9
89320,11.13
89324,8.84
89424,7.42
89428,8.84
89432,9.9
89436,12.63
89440,11.13
89444,7.58
89544,8.66
89548,7.58
89552,7.42
89556,10.11
89560,9.9
89564,6.32
89760,7.56
89764,9.01
89768,8.82
89772,12.87
89776,10.08
89780,7.72
89832,6.3
89836,7.72
89840,8.82
89844,10.29
89848,11.34
89852,9.01
89904,7.56
89908,9.01
89912,10.08
89916,12.87
89920,11.34
89924,7.72
89976,5.04
89980,6.43
89984,7.56
89988,10.29
89992,8.82
89996,6.43
90120,5.04
90124,7.72
90128,8.82
90132,11.58
90136,7.56
90140,6.43
90216,6.3
90220,7.72
90224,7.56
90228,10.29
90232,8.82
90236,6.43
90264,7.56
90268,6.43
90272,6.3
90276,7.72
90280,10.08
90284,7.72
90360,6.3
90364,7.72
90368,8.82
90372,11.58
90376,7.56
90380,6.43
90456,6.3
90460,7.72
90464,8.82
90468,10.29
90472,11.34
90476,6.43
90528,7.56
90532,7.72
90536,8.82
90540,11.58
90544,10.08
90548,6.43
90600,5.04
90604,6.43
90608,6.3
90612,10.29
90616,8.82
90620,7.72
90672,6.3
90676,7.72
90680,8.82
90684,11.58
90688,7.56
90692,6.43
90744,7.56
90748,6.43
90752,10.08
90756,11.58
90760,8.82
90764,5.15
90840,6.3
90844,7.72
90848,8.82
90852,2
90856,6.3
90860,5.15
90912,5.04
90916,6.43
90920,7.56
90924,10.29
90928,8.82
90932,6.43
90984,6.3
90988,5.15
90992,8.82
90996,9.01
91000,7.56
91004,5.15
91056,5.04
91060,7.72
91064,7.56
91068,9.01
91072,6.3
91076,5.15
91200,6.3
91204,7.72
91208,7.56
91212,9.01
91216,7.56
91220,6.43
91272,5.04
91276,6.43
91280,6.3
91284,9.01
91288,7.56
91292,5.15
91344,5.04
91348,5.15
91352,7.56
91356,7.72
91360,6.3
91364,5.15
91416,5.04
91420,6.43
91424,6.3
91428,9.01
91432,7.56
91436,6.43
91488,6.3
91492,7.72
91496,5.04
91500,5.15
91504,6.3
91508,5.15
91560,5.04
91564,6.43
91568,7.56
91572,9.01
91576,6.3
91580,5.15
91680,5.04
91684,5.15
91688,2
91692,7.72
91696,2
91700,5.15
91800,5.04
91804,2
91808,6.3
91812,5.15
91816,5.04
91820,5.15
91872,5.04
91876,6.43
91880,6.3
91884,7.72
91888,6.3
91892,5.15
91944,6.3
91948,6.43
91952,8.82
91956,9.01
91960,5.04
91964,5.15
92016,5.04
92020,6.43
92024,2
92028,5.15
92032,5.04
92036,2
92088,6.3
92092,5.15
92096,8.82
92100,7.72
92104,7.56
92108,5.15
92160,6.3
92164,6.43
92168,7.56
92172,9.01
92176,7.56
92180,5.15
92232,6.3
92236,2
92240,5.04
92244,7.72
92248,6.3
92252,5.15
92352,5.04
92356,6.43
92360,6.3
92364,7.72
92368,7.56
92372,5.15
92472,2
92476,5.15
92480,6.3
92484,7.72
92488,5.04
92492,6.43
92544,2
92548,2
92552,6.3
92556,7.72
92560,5.04
92564,6.43
92616,5.04
92620,5.15
92624,6.3
92628,2
92632,2
92636,2
92688,5.1
92692,6.51
92696,6.38
92700,9.12
92704,7.65
92708,5.21
92808,5.1
92812,6.51
92816,7.65
92820,7.81
92824,6.38
92828,5.21
92880,5.1
92884,6.51
92888,6.38
92892,7.81
92896,5.1
92900,5.21
92952,6.38
92956,7.81
92960,8.93
92964,9.12
92968,5.1
92972,5.21
93024,5.1
93028,6.51
93032,6.38
93036,2
93040,6.38
93044,5.21
93096,5.1
93100,5.21
93104,7.65
93108,6.51
93112,6.38
93116,5.21
93168,6.38
93172,7.81
93176,5.1
93180,2
93184,5.1
93188,6.51
93240,5.1
93244,6.51
93248,7.65
93252,2
93256,5.1
93260,5.21
93336,5.1
93340,2
93344,6.38
93348,7.81
93352,5.1
93356,5.21
93456,5.1
93460,6.51
93464,7.65
93468,9.12
93472,6.38
93476,5.21
93528,5.1
93532,6.51
93536,8.93
93540,7.81
93544,7.65
93548,6.51
93600,6.38
93604,7.81
93608,8.93
93612,7.81
93616,7.65
93620,5.21
93672,5.1
93676,5.21
93680,7.65
93684,9.12
93688,6.38
93692,5.21
93744,5.1
93748,2
93752,5.1
93756,7.81
93760,6.38
93764,6.51
93888,6.38
93892,6.51
93896,2
93900,5.21
93904,5.1
93908,6.51
93984,5.1
93988,6.51
93992,8.93
93996,9.12
94000,7.65
94004,5.21
94056,6.38
94060,5.21
94064,7.65
94068,7.81
94072,8.93
94076,6.51
94200,5.1
94204,6.51
94208,7.65
94212,9.12
94216,8.93
94220,5.21
94272,5.1
94276,5.21
94280,6.38
94284,7.81
94288,7.65
94292,6.51
94344,6.38
94348,6.51
94352,8.93
94356,7.81
94360,7.65
94364,5.21
94416,5.1
94420,6.51
94424,7.65
94428,9.12
94432,6.38
94436,5.21
94512,6.38
94516,6.51
94520,8.93
94524,7.81
94528,7.65
94532,5.21
94656,6.38
94660,7.81
94664,8.93
94668,10.42
94672,7.65
94676,6.51
94728,5.1
94732,6.51
94736,7.65
94740,9.12
94744,8.93
94748,5.21
94800,5.1
94804,5.21
94808,7.65
94812,7.81
94816,6.38
94820,5.21
94872,6.38
94876,5.21
94880,7.65
94884,7.81
94888,8.93
94892,6.51
94944,5.1
94948,5.21
94952,8.93
94956,10.42
94960,7.65
94964,6.51
95064,6.38
95068,9.12
95072,10.2
95076,16.93
95080,12.75
95084,7.81
95088,8.93
95092,10.42
95096,11.48
95100,18.23
95104,10.2
95108,10.42
95232,5.1
95236,6.51
95240,8.93
95244,10.42
95248,7.65
95252,7.81
95280,6.38
95284,5.21
95288,7.65
95292,9.12
95296,6.38
95300,6.51
95352,5.1
95356,6.51
95360,8.93
95364,10.42
95368,7.65
95372,5.21
95424,6.38
95428,7.81
95432,10.2
95436,11.72
95440,8.93
95444,6.51
95544,6.38
95548,6.51
95552,11.48
95556,13.02
95560,7.65
95564,5.21
95640,5.1
95644,6.51
95648,7.65
95652,10.42
95656,8.93
95660,5.21
95712,5.1
95716,5.21
95720,8.93
95724,7.81
95728,6.38
95732,6.51
95832,6.38
95836,7.81
95840,10.2
95844,11.72
95848,8.93
95852,7.81
95904,5.1
95908,6.51
95912,7.65
95916,9.12
95920,6.38
95924,5.21
95976,6.38
95980,7.81
95984,8.93
95988,10.42
95992,10.2
95996,6.51
96048,5.1
96052,6.51
96056,7.65
96060,9.12
96064,10.2
96068,7.81
96120,6.38
96124,9.12
96128,11.48
96132,10.42
96136,8.93
96140,6.51
96192,5.1
96196,7.81
96200,10.2
96204,9.12
96208,7.65
96212,5.21
96264,7.65
96268,9.12
96272,11.48
96276,13.02
96280,10.2
96284,7.81
96480,10.14
96484,11.59
96488,14
96492,13.52
96496,15.45
96500,16.41
96528,10.62
96532,14
96536,16.9
96540,22.21
96544,21.24
96548,18.34
96600,11.59
96604,11.11
96608,21.24
96612,22.21
96616,18.34
96620,14.48
96672,10.14
96676,11.59
96680,15.45
96684,13.52
96688,15.45
96692,16.41
96744,11.11
96748,18.34
96752,22.21
96756,21.24
96760,18.34
96764,14.48
96816,11.59
96820,13.52
96824,16.41
96828,15.45
96832,15.45
96836,13.52
96888,13.52
96892,15.45
96896,15.45
96900,13.52
96904,13.52
96908,15.45
96960,11.1
96964,15.45
96968,16.41
96972,22.21
96976,21.4
96980,16.41
97056,13.52
97060,13.52
97064,22.21
97068,21.24
97072,15.45
97076,14.97
97104,11.59
97108,15.45
97112,21.72
97116,18.34
97120,15.45
97124,13.52
97200,11.59
97204,13.52
97208,16.41
97212,15.45
97216,15.45
97220,13.52
97248,13.52
97252,15.45
97256,16.41
97260,16.41
97264,22.21
97268,13.52
97320,13.52
97324,13.52
97328,16.41
97332,18.34
97336,15.45
97340,14.97
97464,10.62
97468,14
97472,18.34
97476,18.34
97480,21.72
97484,14
97512,11.59
97516,13.52
97520,16.9
97524,16.9
97528,15.45
97532,13.52
97584,10.62
97588,13.52
97592,14
97596,15.45
97600,18.34
97604,14.97
97656,10.62
97660,11.59
97664,14.97
97668,16.9
97672,16.9
97676,14.97
97776,11.1
97780,15.45
97784,16.41
97788,16.41
97792,15.45
97796,14
97872,11.59
97876,10.62
97880,14.97
97884,14.97
97888,18.34
97892,13.52
97968,9.17
97972,12.07
97976,14.97
97980,15.45
97984,13.52
97988,14.01
98016,12.07
98020,13.52
98024,15.45
98028,16.41
98032,13.52
98036,14
98160,10.62
98164,14
98168,18.34
98172,18.34
98176,21.72
98180,14
98232,11.59
98236,13.52
98240,15.45
98244,15.94
98248,19.8
98252,14.49
98376,10.62
98380,13.03
98384,14.48
98388,16.41
98392,18.82
98396,14.96
98424,11.1
98428,14.96
98432,15.44
98436,16.89
98440,18.34
98444,14
98520,11.58
98524,13.04
98528,14
98532,16.41
98536,17.38
98540,12.55
98616,10.62
98620,12.06
98624,13.51
98628,15.44
98632,16.89
98636,13.03
98832,10.43
98836,10.95
98840,12.51
98844,13.03
98848,12.51
98852,11.99
98880,9.9
98884,11.47
98888,11.99
98892,13.55
98896,11.47
98900,10.43
98928,10.95
98932,11.99
98936,12.51
98940,14.07
98944,13.07
98948,10.95
98976,9.38
98980,10.95
98984,13.03
98988,14.6
98992,13.55
98996,11.47
99072,10.43
99076,11.47
99080,13.55
99084,15.12
99088,14.07
99092,11.99
99168,9.9
99172,11.99
99176,13.03
99180,15.64
99184,14.6
99188,12.51
99216,10.95
99220,11.47
99224,12.51
99228,15.12
99232,13.55
99236,11.99
99312,9.38
99316,10.95
99320,11.99
99324,14.6
99328,13.55
99332,11.47
99408,10.43
99412,11.47
99416,12.51
99420,15.12
99424,13.03
99428,10.95
99456,10.95
99460,12.51
99464,13.03
99468,14.6
99472,13.55
99476,10.43
99600,11.99
99604,13.03
99608,13.55
99612,15.12
99616,14.07
99620,12.51
99672,11.47
99676,12.51
99680,12.51
99684,15.64
99688,14.6
99692,11.99
99720,10.43
99724,11.99
99728,13.03
99732,15.12
99736,14.6
99740,11.47
99792,10.95
99796,11.47
99800,12.51
99804,15.64
99808,14.07
99812,11.99
99864,11.99
99868,12.51
99872,13.55
99876,16.16
99880,14.6
99884,12.51
99912,10.43
99916,11.47
99920,13.03
99924,15.12
99928,13.55
99932,11.47
99984,11.47
99988,11.99
99992,13.55
99996,15.64
1e+05,14.07
100004,12.51
100032,10.95
100036,12.51
100040,12.51
100044,16.16
100048,14.6
100052,11.99
100128,9.38
100132,10.95
100136,10.95
100140,14.6
100144,13.55
100148,13.55
100176,11.99
100180,11.99
100184,12.51
100188,10.95
100192,12.51
100196,9.38
100272,11.47
100276,11.99
100280,13.03
100284,9.9
100288,11.47
100292,12.51
100320,10.95
100324,11.47
100328,13.55
100332,15.12
100336,12.51
100340,11.99
100416,11.47
100420,12.51
100424,13.03
100428,11.99
100432,13.55
100436,10.95
100512,10.43
100516,11.99
100520,13.55
100524,15.12
100528,14.07
100532,11.47
100560,11.99
100564,11.47
100568,10.43
100572,11.47
100576,12.51
100580,10.43
100704,9.38
100708,10.43
100712,9.38
100716,11.47
100720,10.95
100724,11.47
100776,10.43
100780,11.99
100784,8.86
100788,12.51
100792,11.99
100796,10.43
100848,11.47
100852,11.99
100856,13.03
100860,14.07
100864,13.55
100868,12.51
100920,9.38
100924,10.95
100928,11.47
100932,10.43
100936,10.95
100940,9.38
100992,10.95
100996,11.47
101000,12.51
101004,10.95
101008,13.03
101012,11.99
101136,10.43
101140,11.99
101144,13.03
101148,11.47
101152,12.51
101156,10.43
101232,9.9
101236,9.38
101240,10.43
101244,11.99
101248,9.9
101252,11.47
101280,9.38
101284,10.43
101288,11.99
101292,10.43
101296,9.38
101300,9.9
101352,10.43
101356,10.95
101360,11.99
101364,13.55
101368,12.51
101372,11.47
101472,9.69
101476,10.77
101480,11.85
101484,14
101488,12.92
101492,10.23
101568,10.23
101572,11.31
101576,11.31
101580,13.46
101584,11.85
101588,10.77
101616,9.69
101620,10.23
101624,10.77
101628,11.31
101632,12.92
101636,9.15
101712,10.23
101716,11.31
101720,11.31
101724,13.46
101728,12.92
101732,10.77
101832,10.77
101836,10.77
101840,11.85
101844,14
101848,12.39
101852,10.23
101904,9.69
101908,10.77
101912,11.31
101916,12.92
101920,11.85
101924,10.23
101952,10.23
101956,11.31
101960,11.85
101964,13.46
101968,12.92
101972,10.77
102024,10.77
102028,10.77
102032,11.31
102036,11.85
102040,11.85
102044,11.31
102096,9.69
102100,10.23
102104,10.77
102108,12.92
102112,11.85
102116,10.77
102192,10.23
102196,10.77
102200,11.85
102204,11.31
102208,11.85
102212,9.69
102288,8.08
102292,8.62
102296,7.54
102300,7
102304,6.46
102308,5.92
102384,9.15
102388,10.23
102392,11.31
102396,12.95
102400,12.39
102404,9.69
102432,10.23
102436,11.31
102440,12.39
102444,13.46
102448,12.92
102452,10.77
102480,10.77
102484,11.85
102488,12.39
102492,14
102496,12.92
102500,11.31
102576,10.23
102580,12.39
102584,12.39
102588,13.46
102592,12.92
102596,10.77
102672,11.31
102676,11.31
102680,12.92
102684,14
102688,13.46
102692,11.85
102720,9.69
102724,10.77
102728,11.85
102732,14
102736,12.92
102740,9.69
102816,10.23
102820,11.85
102824,12.92
102828,14.54
102832,14
102836,10.77
102984,10.77
102988,12.39
102992,12.92
102996,14
103000,13.46
103004,11.31
103032,10.23
103036,10.77
103040,12.39
103044,13.46
103048,13.46
103052,12.39
103248,11.31
103252,12.39
103256,12.39
103260,14
103264,12.92
103268,11.85
103296,10.77
103300,11.85
103304,12.92
103308,14.54
103312,13.46
103316,11.31
103344,10.23
103348,10.77
103352,11.31
103356,13.46
103360,14
103364,11.85
103440,10.77
103444,11.85
103448,13.46
103452,14.54
103456,14
103460,11.31
103560,11.31
103564,11.85
103568,17.77
103572,23.16
103576,20.46
103580,18.85
103584,12.39
103588,11.85
103592,15.08
103596,21.54
103600,20.46
103604,16.69
103704,10.23
103708,11.31
103712,12.92
103716,14
103720,13.46
103724,10.77
103848,10.77
103852,11.31
103856,12.39
103860,13.46
103864,12.39
103868,11.31
103920,11.31
103924,12.39
103928,13.46
103932,14
103936,11.85
103940,10.77
103968,10.23
103972,11.85
103976,12.92
103980,14.54
103984,14
103988,11.31
104064,10.77
104068,12.39
104072,12.92
104076,14
104080,13.46
104084,11.85
104160,10.23
104164,11.31
104168,13.46
104172,14.54
104176,14
104180,10.77
104208,11.31
104212,11.31
104216,12.92
104220,14
104224,13.46
104228,12.39
104280,10.77
104284,11.85
104288,12.39
104292,13.46
104296,12.92
104300,11.31
104376,10.23
104380,12.39
104384,12.92
104388,14
104392,13.46
104396,10.77
104472,11.31
104476,12.92
104480,13.46
104484,14.54
104488,14
104492,11.85
104592,10.88
104596,11.4
104600,12.96
104604,13.99
104608,12.96
104612,10.88
104688,10.37
104692,11.92
104696,12.44
104700,13.47
104704,12.44
104708,11.92
104736,9.85
104740,10.37
104744,11.92
104748,12.96
104752,11.92
104756,10.37
104832,10.88
104836,12.44
104840,12.44
104844,13.99
104848,12.96
104852,11.4
104880,10.37
104884,11.4
104888,11.92
104892,13.47
104896,12.44
104900,10.88
104952,9.85
104956,10.88
104960,12.44
104964,13.99
104968,13.47
104972,10.37
105024,10.88
105028,12.96
105032,12.96
105036,14.51
105040,13.99
105044,11.4
105120,10.37
105124,11.4
105128,12.44
105132,13.99
105136,12.96
105140,10.88
105216,9.85
105220,10.37
105224,12.96
105228,13.47
105232,10.37
105236,9.85
105336,10.88
105340,11.4
105344,13.47
105348,14.51
105352,13.47
105356,11.4
105432,10.37
105436,12.44
105440,13.47
105444,13.99
105448,12.44
105452,11.92
105480,10.88
105484,11.92
105488,12.44
105492,14.51
105496,13.99
105500,11.4
105576,10.37
105580,12.44
105584,13.47
105588,13.99
105592,13.47
105596,11.4
105624,10.88
105628,11.92
105632,11.92
105636,14.51
105640,12.96
105644,11.92
105696,10.37
105700,11.4
105704,12.96
105708,13.99
105712,13.47
105716,10.88
105816,11.4
105820,11.4
105824,13.47
105828,14.51
105832,13.99
105836,11.92
